invoice_id,request_id,requestor_id,requestor_name,client,invoice_date,amount,status,paid_date,cancel_reason
INV-70001,REQ-40001,RQ-119,Quinlan & Ames,Harborline Mutual Insurance,2025-01-29,60.70,Paid,2025-02-14,
INV-70002,REQ-40002,RQ-104,Whitcombe & Rao,Harborline Mutual Insurance,2025-01-29,60.00,Paid,2025-02-11,
INV-70003,REQ-40003,RQ-111,Ferris Nguyen LLP,Harborline Mutual Insurance,2025-01-28,67.70,Paid,2025-02-14,
INV-70004,REQ-40005,RQ-106,Ostrowski Legal,Harborline Mutual Insurance,2025-01-13,99.20,Paid,2025-01-28,
INV-70005,REQ-40006,RQ-130,Sterling Auto Insurance,Harborline Mutual Insurance,2025-01-08,98.15,Paid,2025-01-25,
INV-70006,REQ-40007,RQ-110,Marchetti & Cole,Harborline Mutual Insurance,2025-01-15,46.35,Paid,2025-01-27,
INV-70007,REQ-40008,RQ-128,Lakeside Mutual,Harborline Mutual Insurance,2025-01-08,77.85,Paid,2025-01-10,
INV-70008,REQ-40009,RQ-117,Iverson Goldberg,Harborline Mutual Insurance,2025-01-07,41.10,Paid,2025-01-11,
INV-70009,REQ-40010,RQ-109,Hudson Valley Injury Law,Harborline Mutual Insurance,2025-01-10,37.60,Paid,2025-01-16,
INV-70010,REQ-40011,RQ-120,Beaumont Stark,Harborline Mutual Insurance,2025-01-06,132.45,Cancelled,,Duplicate request
INV-70011,REQ-40013,RQ-121,RecordPoint Retrieval,Harborline Mutual Insurance,2025-01-29,61.75,Paid,2025-02-04,
INV-70012,REQ-40014,RQ-122,SwiftFile Records,Harborline Mutual Insurance,2025-01-20,35.85,Open,,
INV-70013,REQ-40015,RQ-116,Carver Moss LLP,Harborline Mutual Insurance,2025-01-31,68.05,Paid,2025-02-10,
INV-70014,REQ-40016,RQ-101,Morrison & Pratt LLP,Harborline Mutual Insurance,2025-01-13,97.10,Paid,2025-01-20,
INV-70015,REQ-40017,RQ-112,Abernathy Law,Harborline Mutual Insurance,2025-01-29,108.30,Paid,2025-02-08,
INV-70016,REQ-40018,RQ-120,Beaumont Stark,Harborline Mutual Insurance,2025-01-29,53.70,Paid,2025-02-11,
INV-70017,REQ-40019,RQ-114,Tate & Winslow,Harborline Mutual Insurance,2025-01-09,42.15,Paid,2025-01-11,
INV-70018,REQ-40020,RQ-121,RecordPoint Retrieval,Harborline Mutual Insurance,2025-01-27,83.45,Paid,2025-02-11,
INV-70019,REQ-40021,RQ-104,Whitcombe & Rao,Harborline Mutual Insurance,2025-01-30,113.20,Paid,2025-02-14,
INV-70020,REQ-40022,RQ-126,Summit Chart Services,Harborline Mutual Insurance,2025-01-21,114.25,Open,,
INV-70021,REQ-40023,RQ-123,DocuTrace Services,Harborline Mutual Insurance,2025-02-04,86.60,Paid,2025-02-11,
INV-70022,REQ-40024,RQ-108,Salas Trial Lawyers,Harborline Mutual Insurance,2025-01-10,51.60,Cancelled,,No records found
INV-70023,REQ-40025,RQ-121,RecordPoint Retrieval,Harborline Mutual Insurance,2025-01-17,70.85,Paid,2025-01-24,
INV-70024,REQ-40026,RQ-115,Lindqvist Defense,Harborline Mutual Insurance,2025-01-08,78.90,Paid,2025-01-26,
INV-70025,REQ-40027,RQ-114,Tate & Winslow,Harborline Mutual Insurance,2025-01-15,140.50,Paid,2025-01-26,
INV-70026,REQ-40028,RQ-130,Sterling Auto Insurance,Harborline Mutual Insurance,2025-01-24,76.10,Paid,2025-02-10,
INV-70027,REQ-40029,RQ-106,Ostrowski Legal,Harborline Mutual Insurance,2025-01-10,258.80,Paid,2025-01-18,
INV-70028,REQ-40030,RQ-108,Salas Trial Lawyers,Harborline Mutual Insurance,2025-01-06,72.60,Paid,2025-01-14,
INV-70029,REQ-40031,RQ-121,RecordPoint Retrieval,Harborline Mutual Insurance,2025-01-27,56.50,Open,,
INV-70030,REQ-40032,RQ-109,Hudson Valley Injury Law,Harborline Mutual Insurance,2025-01-15,50.55,Cancelled,,No records found
INV-70031,REQ-40033,RQ-101,Morrison & Pratt LLP,Harborline Mutual Insurance,2025-01-24,72.95,Paid,2025-01-28,
INV-70032,REQ-40034,RQ-106,Ostrowski Legal,Harborline Mutual Insurance,2025-01-30,103.40,Paid,2025-02-03,
INV-70033,REQ-40035,RQ-114,Tate & Winslow,Harborline Mutual Insurance,2025-01-31,49.85,Paid,2025-02-07,
INV-70034,REQ-40036,RQ-103,Kessler Injury Attorneys,Harborline Mutual Insurance,2025-01-03,54.75,Paid,2025-01-08,
INV-70035,REQ-40037,RQ-120,Beaumont Stark,Harborline Mutual Insurance,2025-01-30,59.65,Paid,2025-02-08,
INV-70036,REQ-40038,RQ-121,RecordPoint Retrieval,Harborline Mutual Insurance,2025-01-16,40.05,Open,,
INV-70037,REQ-40041,RQ-121,RecordPoint Retrieval,Harborline Mutual Insurance,2025-02-03,100.95,Open,,
INV-70038,REQ-40042,RQ-121,RecordPoint Retrieval,Harborline Mutual Insurance,2025-01-09,45.65,Paid,2025-01-15,
INV-70039,REQ-40043,RQ-124,Keystone Record Retrieval,Harborline Mutual Insurance,2025-02-03,66.30,Paid,2025-02-19,
INV-70040,REQ-40044,RQ-113,Grayson Poole,Harborline Mutual Insurance,2025-01-22,69.80,Paid,2025-02-02,
INV-70041,REQ-40045,RQ-128,Lakeside Mutual,Harborline Mutual Insurance,2025-01-17,70.85,Paid,2025-01-22,
INV-70042,REQ-40046,RQ-120,Beaumont Stark,Harborline Mutual Insurance,2025-02-03,118.80,Open,,
INV-70043,REQ-40047,RQ-113,Grayson Poole,Harborline Mutual Insurance,2025-01-03,56.15,Paid,2025-01-09,
INV-70044,REQ-40048,RQ-111,Ferris Nguyen LLP,Harborline Mutual Insurance,2025-01-09,80.65,Paid,2025-01-25,
INV-70045,REQ-40049,RQ-107,Park & Levine,Harborline Mutual Insurance,2025-01-08,77.85,Paid,2025-01-23,
INV-70046,REQ-40050,RQ-104,Whitcombe & Rao,Harborline Mutual Insurance,2025-01-24,85.90,Paid,2025-02-11,
INV-70047,REQ-40051,RQ-121,RecordPoint Retrieval,Harborline Mutual Insurance,2025-01-29,86.25,Paid,2025-02-01,
INV-70048,REQ-40052,RQ-119,Quinlan & Ames,Harborline Mutual Insurance,2025-01-31,93.25,Open,,
INV-70049,REQ-40053,RQ-104,Whitcombe & Rao,Harborline Mutual Insurance,2025-01-15,127.55,Paid,2025-01-27,
INV-70050,REQ-40054,RQ-101,Morrison & Pratt LLP,Harborline Mutual Insurance,2025-01-29,74.70,Paid,2025-02-07,
INV-70051,REQ-40055,RQ-113,Grayson Poole,Harborline Mutual Insurance,2025-01-10,45.30,Paid,2025-01-26,
INV-70052,REQ-40056,RQ-123,DocuTrace Services,Harborline Mutual Insurance,2025-01-09,55.10,Paid,2025-01-20,
INV-70053,REQ-40057,RQ-106,Ostrowski Legal,Harborline Mutual Insurance,2025-01-14,60.35,Paid,2025-01-25,
INV-70054,REQ-40058,RQ-125,ClearPath Records,Harborline Mutual Insurance,2025-02-04,48.80,Paid,2025-02-20,
INV-70055,REQ-40059,RQ-113,Grayson Poole,Harborline Mutual Insurance,2025-01-28,41.10,Open,,
INV-70056,REQ-40060,RQ-116,Carver Moss LLP,Harborline Mutual Insurance,2025-01-15,130.70,Paid,2025-01-19,
INV-70057,REQ-40061,RQ-120,Beaumont Stark,Harborline Mutual Insurance,2025-01-09,55.80,Paid,2025-01-27,
INV-70058,REQ-40062,RQ-130,Sterling Auto Insurance,Harborline Mutual Insurance,2025-01-08,134.20,Paid,2025-01-24,
INV-70059,REQ-40064,RQ-101,Morrison & Pratt LLP,Harborline Mutual Insurance,2025-01-31,44.95,Paid,2025-02-07,
INV-70060,REQ-40065,RQ-123,DocuTrace Services,Harborline Mutual Insurance,2025-01-31,62.10,Paid,2025-02-15,
INV-70061,REQ-40066,RQ-118,Pruitt Legal Group,Harborline Mutual Insurance,2025-02-04,54.75,Paid,2025-02-15,
INV-70062,REQ-40067,RQ-109,Hudson Valley Injury Law,Harborline Mutual Insurance,2025-01-30,51.60,Paid,2025-02-13,
INV-70063,REQ-40068,RQ-121,RecordPoint Retrieval,Harborline Mutual Insurance,2025-01-10,42.15,Paid,2025-01-22,
INV-70064,REQ-40069,RQ-101,Morrison & Pratt LLP,Harborline Mutual Insurance,2025-01-16,169.90,Paid,2025-01-30,
INV-70065,REQ-40070,RQ-123,DocuTrace Services,Harborline Mutual Insurance,2025-01-15,36.55,Paid,2025-01-22,
INV-70066,REQ-40071,RQ-113,Grayson Poole,Harborline Mutual Insurance,2025-01-09,61.40,Open,,
INV-70067,REQ-40072,RQ-127,Pioneer Standard Insurance,Harborline Mutual Insurance,2025-01-17,49.85,Paid,2025-02-02,
INV-70068,REQ-40073,RQ-114,Tate & Winslow,Harborline Mutual Insurance,2025-01-09,48.10,Paid,2025-01-25,
INV-70069,REQ-40074,RQ-129,Evergreen Casualty,Harborline Mutual Insurance,2025-01-20,65.60,Paid,2025-02-05,
INV-70070,REQ-40075,RQ-130,Sterling Auto Insurance,Harborline Mutual Insurance,2025-01-30,95.35,Open,,
INV-70071,REQ-40076,RQ-111,Ferris Nguyen LLP,Harborline Mutual Insurance,2025-01-06,77.85,Paid,2025-01-13,
INV-70072,REQ-40078,RQ-127,Pioneer Standard Insurance,Harborline Mutual Insurance,2025-01-29,60.70,Paid,2025-02-13,
INV-70073,REQ-40079,RQ-104,Whitcombe & Rao,Harborline Mutual Insurance,2025-01-21,84.50,Paid,2025-01-28,
INV-70074,REQ-40080,RQ-101,Morrison & Pratt LLP,Granite Shield Insurance,2025-01-08,54.05,Paid,2025-01-16,
INV-70075,REQ-40081,RQ-101,Morrison & Pratt LLP,Granite Shield Insurance,2025-01-21,80.30,Cancelled,,Duplicate request
INV-70076,REQ-40082,RQ-114,Tate & Winslow,Granite Shield Insurance,2025-01-14,73.65,Paid,2025-01-18,
INV-70077,REQ-40083,RQ-130,Sterling Auto Insurance,Granite Shield Insurance,2025-01-15,94.30,Paid,2025-02-02,
INV-70078,REQ-40084,RQ-104,Whitcombe & Rao,Granite Shield Insurance,2025-01-08,77.50,Paid,2025-01-17,
INV-70079,REQ-40086,RQ-115,Lindqvist Defense,Granite Shield Insurance,2025-01-28,69.10,Paid,2025-02-12,
INV-70080,REQ-40087,RQ-126,Summit Chart Services,Granite Shield Insurance,2025-02-04,160.10,Paid,2025-02-09,
INV-70081,REQ-40088,RQ-113,Grayson Poole,Granite Shield Insurance,2025-01-28,34.80,Paid,2025-02-04,
INV-70082,REQ-40089,RQ-105,Brennan Hale PC,Granite Shield Insurance,2025-01-13,50.90,Open,,
INV-70083,REQ-40090,RQ-121,RecordPoint Retrieval,Granite Shield Insurance,2025-01-15,98.15,Open,,
INV-70084,REQ-40091,RQ-125,ClearPath Records,Granite Shield Insurance,2025-01-14,73.30,Paid,2025-01-16,
INV-70085,REQ-40092,RQ-112,Abernathy Law,Granite Shield Insurance,2025-01-29,143.65,Paid,2025-02-16,
INV-70086,REQ-40093,RQ-103,Kessler Injury Attorneys,Granite Shield Insurance,2025-01-07,53.70,Paid,2025-01-10,
INV-70087,REQ-40094,RQ-101,Morrison & Pratt LLP,Granite Shield Insurance,2025-01-09,75.05,Cancelled,,Duplicate request
INV-70088,REQ-40096,RQ-125,ClearPath Records,Granite Shield Insurance,2025-01-22,55.45,Paid,2025-02-05,
INV-70089,REQ-40097,RQ-120,Beaumont Stark,Granite Shield Insurance,2025-01-14,45.65,Paid,2025-01-17,
INV-70090,REQ-40098,RQ-101,Morrison & Pratt LLP,Granite Shield Insurance,2025-01-27,110.75,Paid,2025-01-29,
INV-70091,REQ-40100,RQ-124,Keystone Record Retrieval,Granite Shield Insurance,2025-01-10,80.30,Paid,2025-01-20,
INV-70092,REQ-40101,RQ-124,Keystone Record Retrieval,Granite Shield Insurance,2025-01-31,82.40,Paid,2025-02-04,
INV-70093,REQ-40102,RQ-117,Iverson Goldberg,Granite Shield Insurance,2025-01-22,97.80,Paid,2025-01-30,
INV-70094,REQ-40103,RQ-121,RecordPoint Retrieval,Granite Shield Insurance,2025-01-23,70.50,Paid,2025-02-08,
INV-70095,REQ-40105,RQ-126,Summit Chart Services,Granite Shield Insurance,2025-01-27,155.20,Open,,
INV-70096,REQ-40106,RQ-122,SwiftFile Records,Granite Shield Insurance,2025-01-28,50.20,Paid,2025-02-13,
INV-70097,REQ-40107,RQ-108,Salas Trial Lawyers,Granite Shield Insurance,2025-01-28,56.15,Paid,2025-02-14,
INV-70098,REQ-40108,RQ-109,Hudson Valley Injury Law,Granite Shield Insurance,2025-01-27,46.35,Paid,2025-02-05,
INV-70099,REQ-40109,RQ-107,Park & Levine,Granite Shield Insurance,2025-01-29,126.85,Paid,2025-02-08,
INV-70100,REQ-40110,RQ-126,Summit Chart Services,Granite Shield Insurance,2025-01-08,125.45,Paid,2025-01-20,
INV-70101,REQ-40111,RQ-130,Sterling Auto Insurance,Granite Shield Insurance,2025-01-28,66.65,Paid,2025-02-08,
INV-70102,REQ-40112,RQ-127,Pioneer Standard Insurance,Granite Shield Insurance,2025-01-15,67.35,Paid,2025-01-25,
INV-70103,REQ-40114,RQ-110,Marchetti & Cole,Granite Shield Insurance,2025-01-24,119.15,Paid,2025-02-08,
INV-70104,REQ-40116,RQ-121,RecordPoint Retrieval,Granite Shield Insurance,2025-01-13,183.20,Open,,
INV-70105,REQ-40117,RQ-105,Brennan Hale PC,Granite Shield Insurance,2025-01-22,65.95,Paid,2025-01-30,
INV-70106,REQ-40119,RQ-127,Pioneer Standard Insurance,Granite Shield Insurance,2025-01-06,42.50,Open,,
INV-70107,REQ-40120,RQ-121,RecordPoint Retrieval,Granite Shield Insurance,2025-01-16,46.70,Open,,
INV-70108,REQ-40121,RQ-106,Ostrowski Legal,Granite Shield Insurance,2025-01-15,119.15,Paid,2025-02-02,
INV-70109,REQ-40122,RQ-122,SwiftFile Records,Granite Shield Insurance,2025-01-30,62.80,Paid,2025-02-17,
INV-70110,REQ-40123,RQ-118,Pruitt Legal Group,Granite Shield Insurance,2025-01-31,63.15,Paid,2025-02-15,
INV-70111,REQ-40124,RQ-118,Pruitt Legal Group,Granite Shield Insurance,2025-01-17,51.95,Paid,2025-01-19,
INV-70112,REQ-40125,RQ-116,Carver Moss LLP,Granite Shield Insurance,2025-01-28,106.20,Paid,2025-02-03,
INV-70113,REQ-40127,RQ-105,Brennan Hale PC,Granite Shield Insurance,2025-02-03,123.35,Paid,2025-02-09,
INV-70114,REQ-40128,RQ-112,Abernathy Law,Granite Shield Insurance,2025-01-16,49.85,Open,,
INV-70115,REQ-40129,RQ-113,Grayson Poole,Granite Shield Insurance,2025-01-14,110.75,Paid,2025-01-24,
INV-70116,REQ-40130,RQ-129,Evergreen Casualty,Granite Shield Insurance,2025-01-10,100.60,Paid,2025-01-15,
INV-70117,REQ-40131,RQ-118,Pruitt Legal Group,Granite Shield Insurance,2025-01-31,66.65,Paid,2025-02-18,
INV-70118,REQ-40132,RQ-129,Evergreen Casualty,Granite Shield Insurance,2025-01-14,36.55,Paid,2025-01-31,
INV-70119,REQ-40133,RQ-128,Lakeside Mutual,Granite Shield Insurance,2025-01-20,75.40,Paid,2025-01-25,
INV-70120,REQ-40134,RQ-122,SwiftFile Records,Granite Shield Insurance,2025-01-10,63.50,Paid,2025-01-12,
INV-70121,REQ-40135,RQ-123,DocuTrace Services,Granite Shield Insurance,2025-01-13,46.70,Open,,
INV-70122,REQ-40136,RQ-129,Evergreen Casualty,Granite Shield Insurance,2025-01-14,32.70,Paid,2025-01-22,
INV-70123,REQ-40137,RQ-114,Tate & Winslow,Granite Shield Insurance,2025-01-13,56.50,Paid,2025-01-20,
INV-70124,REQ-40139,RQ-118,Pruitt Legal Group,Granite Shield Insurance,2025-01-13,107.60,Paid,2025-01-29,
INV-70125,REQ-40140,RQ-113,Grayson Poole,Granite Shield Insurance,2025-02-06,78.20,Paid,2025-02-23,
INV-70126,REQ-40141,RQ-120,Beaumont Stark,Granite Shield Insurance,2025-01-22,90.80,Paid,2025-02-05,
INV-70127,REQ-40142,RQ-110,Marchetti & Cole,Granite Shield Insurance,2025-01-14,50.90,Cancelled,,Request withdrawn
INV-70128,REQ-40143,RQ-103,Kessler Injury Attorneys,Granite Shield Insurance,2025-01-21,56.85,Paid,2025-02-04,
INV-70129,REQ-40144,RQ-101,Morrison & Pratt LLP,Granite Shield Insurance,2025-01-16,72.95,Paid,2025-02-02,
INV-70130,REQ-40145,RQ-101,Morrison & Pratt LLP,Granite Shield Insurance,2025-01-28,58.60,Open,,
INV-70131,REQ-40147,RQ-121,RecordPoint Retrieval,Granite Shield Insurance,2025-01-13,134.90,Open,,
INV-70132,REQ-40148,RQ-130,Sterling Auto Insurance,Granite Shield Insurance,2025-01-15,55.80,Paid,2025-01-31,
INV-70133,REQ-40149,RQ-105,Brennan Hale PC,Granite Shield Insurance,2025-01-10,117.05,Open,,
INV-70134,REQ-40150,RQ-120,Beaumont Stark,Granite Shield Insurance,2025-01-09,139.45,Paid,2025-01-21,
INV-70135,REQ-40151,RQ-109,Hudson Valley Injury Law,Granite Shield Insurance,2025-01-09,181.45,Paid,2025-01-18,
INV-70136,REQ-40152,RQ-127,Pioneer Standard Insurance,Granite Shield Insurance,2025-01-30,59.65,Paid,2025-02-09,
INV-70137,REQ-40153,RQ-119,Quinlan & Ames,Granite Shield Insurance,2025-01-15,49.50,Paid,2025-02-01,
INV-70138,REQ-40154,RQ-116,Carver Moss LLP,Granite Shield Insurance,2025-01-28,78.20,Paid,2025-02-12,
INV-70139,REQ-40155,RQ-127,Pioneer Standard Insurance,Granite Shield Insurance,2025-01-22,63.85,Paid,2025-01-29,
INV-70140,REQ-40156,RQ-104,Whitcombe & Rao,Granite Shield Insurance,2025-01-13,87.65,Open,,
INV-70141,REQ-40157,RQ-129,Evergreen Casualty,Granite Shield Insurance,2025-01-31,94.65,Paid,2025-02-12,
INV-70142,REQ-40158,RQ-101,Morrison & Pratt LLP,Granite Shield Insurance,2025-01-21,42.15,Paid,2025-01-30,
INV-70143,REQ-40159,RQ-101,Morrison & Pratt LLP,Keystone Auto Group,2025-01-20,149.95,Paid,2025-02-06,
INV-70144,REQ-40160,RQ-122,SwiftFile Records,Keystone Auto Group,2025-02-03,44.60,Paid,2025-02-15,
INV-70145,REQ-40161,RQ-121,RecordPoint Retrieval,Keystone Auto Group,2025-01-31,69.45,Open,,
INV-70146,REQ-40162,RQ-125,ClearPath Records,Keystone Auto Group,2025-02-03,56.15,Paid,2025-02-15,
INV-70147,REQ-40164,RQ-120,Beaumont Stark,Keystone Auto Group,2025-01-23,107.25,Paid,2025-02-08,
INV-70148,REQ-40165,RQ-117,Iverson Goldberg,Keystone Auto Group,2025-01-07,51.60,Paid,2025-01-20,
INV-70149,REQ-40166,RQ-126,Summit Chart Services,Keystone Auto Group,2025-01-16,73.30,Paid,2025-02-03,
INV-70150,REQ-40167,RQ-104,Whitcombe & Rao,Keystone Auto Group,2025-01-15,90.80,Paid,2025-01-30,
INV-70151,REQ-40168,RQ-106,Ostrowski Legal,Keystone Auto Group,2025-02-03,49.50,Paid,2025-02-19,
INV-70152,REQ-40169,RQ-116,Carver Moss LLP,Keystone Auto Group,2025-01-07,28.85,Open,,
INV-70153,REQ-40170,RQ-113,Grayson Poole,Keystone Auto Group,2025-01-29,86.95,Paid,2025-02-01,
INV-70154,REQ-40171,RQ-124,Keystone Record Retrieval,Keystone Auto Group,2025-01-20,138.05,Open,,
INV-70155,REQ-40172,RQ-126,Summit Chart Services,Keystone Auto Group,2025-01-17,42.85,Paid,2025-02-03,
INV-70156,REQ-40173,RQ-102,Delgado Law Group,Keystone Auto Group,2025-01-16,41.45,Paid,2025-01-20,
INV-70157,REQ-40174,RQ-120,Beaumont Stark,Keystone Auto Group,2025-01-28,60.35,Paid,2025-02-06,
INV-70158,REQ-40175,RQ-121,RecordPoint Retrieval,Keystone Auto Group,2025-01-29,59.65,Paid,2025-02-03,
INV-70159,REQ-40176,RQ-121,RecordPoint Retrieval,Keystone Auto Group,2025-01-28,72.25,Open,,
INV-70160,REQ-40177,RQ-115,Lindqvist Defense,Keystone Auto Group,2025-01-17,51.60,Open,,
INV-70161,REQ-40178,RQ-118,Pruitt Legal Group,Keystone Auto Group,2025-01-14,62.10,Cancelled,,No records found
INV-70162,REQ-40179,RQ-121,RecordPoint Retrieval,Keystone Auto Group,2025-01-28,56.85,Paid,2025-02-11,
INV-70163,REQ-40180,RQ-114,Tate & Winslow,Keystone Auto Group,2025-01-09,62.45,Paid,2025-01-13,
INV-70164,REQ-40181,RQ-127,Pioneer Standard Insurance,Keystone Auto Group,2025-01-22,84.15,Paid,2025-02-03,
INV-70165,REQ-40182,RQ-121,RecordPoint Retrieval,Keystone Auto Group,2025-01-21,61.40,Paid,2025-01-30,
INV-70166,REQ-40183,RQ-122,SwiftFile Records,Keystone Auto Group,2025-01-09,43.90,Paid,2025-01-24,
INV-70167,REQ-40184,RQ-102,Delgado Law Group,Keystone Auto Group,2025-01-16,60.00,Paid,2025-01-28,
INV-70168,REQ-40185,RQ-108,Salas Trial Lawyers,Keystone Auto Group,2025-01-20,35.85,Paid,2025-02-03,
INV-70169,REQ-40187,RQ-103,Kessler Injury Attorneys,Keystone Auto Group,2025-01-27,45.30,Paid,2025-01-30,
INV-70170,REQ-40188,RQ-101,Morrison & Pratt LLP,Keystone Auto Group,2025-01-27,49.15,Paid,2025-02-04,
INV-70171,REQ-40189,RQ-101,Morrison & Pratt LLP,Keystone Auto Group,2025-01-13,40.05,Paid,2025-01-28,
INV-70172,REQ-40190,RQ-120,Beaumont Stark,Keystone Auto Group,2025-01-16,66.30,Paid,2025-02-02,
INV-70173,REQ-40191,RQ-130,Sterling Auto Insurance,Keystone Auto Group,2025-01-20,53.00,Paid,2025-02-03,
INV-70174,REQ-40192,RQ-125,ClearPath Records,Keystone Auto Group,2025-01-16,63.50,Paid,2025-01-22,
INV-70175,REQ-40193,RQ-115,Lindqvist Defense,Keystone Auto Group,2025-01-17,56.50,Paid,2025-01-20,
INV-70176,REQ-40194,RQ-125,ClearPath Records,Keystone Auto Group,2025-01-08,63.15,Paid,2025-01-25,
INV-70177,REQ-40195,RQ-109,Hudson Valley Injury Law,Keystone Auto Group,2025-01-17,138.05,Paid,2025-01-28,
INV-70178,REQ-40197,RQ-129,Evergreen Casualty,Keystone Auto Group,2025-01-27,145.75,Cancelled,,No records found
INV-70179,REQ-40198,RQ-121,RecordPoint Retrieval,Keystone Auto Group,2025-01-22,137.35,Open,,
INV-70180,REQ-40199,RQ-121,RecordPoint Retrieval,Keystone Auto Group,2025-01-31,69.45,Paid,2025-02-13,
INV-70181,REQ-40201,RQ-114,Tate & Winslow,Keystone Auto Group,2025-01-23,74.00,Paid,2025-02-03,
INV-70182,REQ-40202,RQ-110,Marchetti & Cole,Keystone Auto Group,2025-01-21,149.60,Paid,2025-02-04,
INV-70183,REQ-40203,RQ-124,Keystone Record Retrieval,Keystone Auto Group,2025-01-14,189.15,Paid,2025-01-24,
INV-70184,REQ-40204,RQ-101,Morrison & Pratt LLP,Keystone Auto Group,2025-01-14,81.00,Paid,2025-01-20,
INV-70185,REQ-40205,RQ-107,Park & Levine,Keystone Auto Group,2025-01-30,92.90,Paid,2025-02-02,
INV-70186,REQ-40206,RQ-107,Park & Levine,Keystone Auto Group,2025-01-15,64.90,Paid,2025-01-25,
INV-70187,REQ-40207,RQ-110,Marchetti & Cole,Keystone Auto Group,2025-01-28,85.90,Paid,2025-01-31,
INV-70188,REQ-40208,RQ-114,Tate & Winslow,Keystone Auto Group,2025-01-31,47.75,Paid,2025-02-16,
INV-70189,REQ-40209,RQ-124,Keystone Record Retrieval,Keystone Auto Group,2025-01-14,63.85,Paid,2025-01-31,
INV-70190,REQ-40210,RQ-111,Ferris Nguyen LLP,Keystone Auto Group,2025-02-04,54.75,Paid,2025-02-12,
INV-70191,REQ-40211,RQ-112,Abernathy Law,Keystone Auto Group,2025-01-31,82.05,Paid,2025-02-11,
INV-70192,REQ-40212,RQ-101,Morrison & Pratt LLP,Keystone Auto Group,2025-01-28,63.50,Paid,2025-02-10,
INV-70193,REQ-40213,RQ-128,Lakeside Mutual,Keystone Auto Group,2025-01-21,82.05,Paid,2025-02-02,
INV-70194,REQ-40214,RQ-124,Keystone Record Retrieval,Keystone Auto Group,2025-01-23,57.20,Paid,2025-01-27,
INV-70195,REQ-40215,RQ-117,Iverson Goldberg,Keystone Auto Group,2025-01-09,63.50,Cancelled,,No records found
INV-70196,REQ-40217,RQ-120,Beaumont Stark,Tri-County Workers' Comp Fund,2025-01-22,119.85,Paid,2025-02-09,
INV-70197,REQ-40222,RQ-122,SwiftFile Records,Tri-County Workers' Comp Fund,2025-01-14,59.65,Paid,2025-01-25,
INV-70198,REQ-40223,RQ-122,SwiftFile Records,Tri-County Workers' Comp Fund,2025-01-13,120.20,Cancelled,,Duplicate request
INV-70199,REQ-40224,RQ-108,Salas Trial Lawyers,Tri-County Workers' Comp Fund,2025-01-31,123.35,Paid,2025-02-05,
INV-70200,REQ-40225,RQ-128,Lakeside Mutual,Tri-County Workers' Comp Fund,2025-01-28,63.85,Paid,2025-02-12,
INV-70201,REQ-40226,RQ-121,RecordPoint Retrieval,Tri-County Workers' Comp Fund,2025-01-23,73.65,Paid,2025-02-07,
INV-70202,REQ-40227,RQ-121,RecordPoint Retrieval,Tri-County Workers' Comp Fund,2025-01-23,125.10,Paid,2025-01-30,
INV-70203,REQ-40228,RQ-129,Evergreen Casualty,Tri-County Workers' Comp Fund,2025-01-29,60.35,Paid,2025-02-15,
INV-70204,REQ-40229,RQ-113,Grayson Poole,Tri-County Workers' Comp Fund,2025-01-24,38.65,Paid,2025-02-06,
INV-70205,REQ-40230,RQ-112,Abernathy Law,Tri-County Workers' Comp Fund,2025-01-28,58.60,Paid,2025-02-14,
INV-70206,REQ-40231,RQ-109,Hudson Valley Injury Law,Tri-County Workers' Comp Fund,2025-01-30,67.00,Paid,2025-02-04,
INV-70207,REQ-40232,RQ-123,DocuTrace Services,Tri-County Workers' Comp Fund,2025-01-13,128.25,Paid,2025-01-18,
INV-70208,REQ-40233,RQ-126,Summit Chart Services,Tri-County Workers' Comp Fund,2025-01-29,102.35,Paid,2025-02-09,
INV-70209,REQ-40234,RQ-101,Morrison & Pratt LLP,Tri-County Workers' Comp Fund,2025-02-05,90.45,Paid,2025-02-19,
INV-70210,REQ-40235,RQ-130,Sterling Auto Insurance,Tri-County Workers' Comp Fund,2025-01-24,48.80,Paid,2025-01-30,
INV-70211,REQ-40236,RQ-125,ClearPath Records,Tri-County Workers' Comp Fund,2025-01-14,35.85,Paid,2025-01-24,
INV-70212,REQ-40237,RQ-120,Beaumont Stark,Tri-County Workers' Comp Fund,2025-01-14,55.10,Paid,2025-01-18,
INV-70213,REQ-40238,RQ-120,Beaumont Stark,Tri-County Workers' Comp Fund,2025-01-07,65.95,Paid,2025-01-18,
INV-70214,REQ-40241,RQ-119,Quinlan & Ames,Tri-County Workers' Comp Fund,2025-01-23,62.10,Paid,2025-02-05,
INV-70215,REQ-40242,RQ-117,Iverson Goldberg,Tri-County Workers' Comp Fund,2025-01-08,104.10,Paid,2025-01-13,
INV-70216,REQ-40245,RQ-103,Kessler Injury Attorneys,Tri-County Workers' Comp Fund,2025-02-04,144.70,Paid,2025-02-10,
INV-70217,REQ-40246,RQ-128,Lakeside Mutual,Tri-County Workers' Comp Fund,2025-01-23,90.80,Paid,2025-02-05,
INV-70218,REQ-40248,RQ-102,Delgado Law Group,Tri-County Workers' Comp Fund,2025-01-31,96.05,Paid,2025-02-11,
INV-70219,REQ-40249,RQ-121,RecordPoint Retrieval,Tri-County Workers' Comp Fund,2025-01-10,50.55,Paid,2025-01-12,
INV-70220,REQ-40250,RQ-101,Morrison & Pratt LLP,Tri-County Workers' Comp Fund,2025-01-27,40.40,Paid,2025-02-07,
INV-70221,REQ-40253,RQ-112,Abernathy Law,Tri-County Workers' Comp Fund,2025-01-23,41.80,Paid,2025-01-30,
INV-70222,REQ-40254,RQ-129,Evergreen Casualty,Tri-County Workers' Comp Fund,2025-02-03,93.60,Paid,2025-02-21,
INV-70223,REQ-40256,RQ-119,Quinlan & Ames,Tri-County Workers' Comp Fund,2025-01-13,69.10,Paid,2025-01-23,
INV-70224,REQ-40257,RQ-117,Iverson Goldberg,Beacon Casualty Company,2025-01-13,46.00,Open,,
INV-70225,REQ-40258,RQ-129,Evergreen Casualty,Beacon Casualty Company,2025-01-17,72.25,Paid,2025-01-31,
INV-70226,REQ-40259,RQ-111,Ferris Nguyen LLP,Beacon Casualty Company,2025-01-27,162.20,Paid,2025-02-06,
INV-70227,REQ-40260,RQ-106,Ostrowski Legal,Beacon Casualty Company,2025-01-31,60.70,Paid,2025-02-13,
INV-70228,REQ-40261,RQ-126,Summit Chart Services,Beacon Casualty Company,2025-01-10,44.60,Paid,2025-01-24,
INV-70229,REQ-40262,RQ-101,Morrison & Pratt LLP,Beacon Casualty Company,2025-01-20,61.05,Paid,2025-01-23,
INV-70230,REQ-40263,RQ-102,Delgado Law Group,Beacon Casualty Company,2025-01-24,67.00,Open,,
INV-70231,REQ-40264,RQ-124,Keystone Record Retrieval,Beacon Casualty Company,2025-02-04,42.50,Paid,2025-02-09,
INV-70232,REQ-40265,RQ-113,Grayson Poole,Beacon Casualty Company,2025-01-24,89.75,Paid,2025-01-26,
INV-70233,REQ-40266,RQ-121,RecordPoint Retrieval,Beacon Casualty Company,2025-01-08,68.75,Open,,
INV-70234,REQ-40267,RQ-121,RecordPoint Retrieval,Beacon Casualty Company,2025-01-27,94.30,Open,,
INV-70235,REQ-40268,RQ-101,Morrison & Pratt LLP,Beacon Casualty Company,2025-01-27,65.25,Paid,2025-02-07,
INV-70236,REQ-40269,RQ-121,RecordPoint Retrieval,Beacon Casualty Company,2025-01-23,67.70,Open,,
INV-70237,REQ-40270,RQ-121,RecordPoint Retrieval,Beacon Casualty Company,2025-01-22,74.35,Cancelled,,No records found
INV-70238,REQ-40271,RQ-101,Morrison & Pratt LLP,Beacon Casualty Company,2025-01-27,45.30,Paid,2025-02-01,
INV-70239,REQ-40272,RQ-123,DocuTrace Services,Beacon Casualty Company,2025-01-27,47.05,Paid,2025-01-30,
INV-70240,REQ-40273,RQ-124,Keystone Record Retrieval,Beacon Casualty Company,2025-01-27,79.95,Paid,2025-02-12,
INV-70241,REQ-40274,RQ-129,Evergreen Casualty,Beacon Casualty Company,2025-02-03,54.40,Paid,2025-02-10,
INV-70242,REQ-40275,RQ-121,RecordPoint Retrieval,Beacon Casualty Company,2025-01-31,50.55,Paid,2025-02-12,
INV-70243,REQ-40276,RQ-104,Whitcombe & Rao,Beacon Casualty Company,2025-01-15,43.90,Open,,
INV-70244,REQ-40277,RQ-111,Ferris Nguyen LLP,Beacon Casualty Company,2025-01-15,121.60,Open,,
INV-70245,REQ-40278,RQ-125,ClearPath Records,Beacon Casualty Company,2025-01-21,65.60,Open,,
INV-70246,REQ-40281,RQ-114,Tate & Winslow,Beacon Casualty Company,2025-01-27,70.15,Paid,2025-02-01,
INV-70247,REQ-40282,RQ-125,ClearPath Records,Beacon Casualty Company,2025-01-30,65.95,Paid,2025-02-07,
INV-70248,REQ-40283,RQ-121,RecordPoint Retrieval,Beacon Casualty Company,2025-01-28,79.60,Open,,
INV-70249,REQ-40284,RQ-128,Lakeside Mutual,Beacon Casualty Company,2025-01-28,65.60,Paid,2025-02-08,
INV-70250,REQ-40285,RQ-127,Pioneer Standard Insurance,Beacon Casualty Company,2025-01-15,56.15,Paid,2025-01-29,
INV-70251,REQ-40286,RQ-121,RecordPoint Retrieval,Beacon Casualty Company,2025-01-10,44.95,Paid,2025-01-23,
INV-70252,REQ-40287,RQ-101,Morrison & Pratt LLP,Beacon Casualty Company,2025-02-03,139.10,Cancelled,,Duplicate request
INV-70253,REQ-40288,RQ-125,ClearPath Records,Beacon Casualty Company,2025-01-29,73.30,Paid,2025-02-07,
INV-70254,REQ-40289,RQ-114,Tate & Winslow,Beacon Casualty Company,2025-01-29,85.55,Paid,2025-02-05,
INV-70255,REQ-40290,RQ-119,Quinlan & Ames,Beacon Casualty Company,2025-01-15,37.60,Open,,
INV-70256,REQ-40291,RQ-110,Marchetti & Cole,Beacon Casualty Company,2025-02-03,66.30,Paid,2025-02-21,
INV-70257,REQ-40292,RQ-124,Keystone Record Retrieval,Beacon Casualty Company,2025-02-04,56.85,Paid,2025-02-14,
INV-70258,REQ-40293,RQ-122,SwiftFile Records,Beacon Casualty Company,2025-01-29,65.60,Paid,2025-02-04,
INV-70259,REQ-40294,RQ-113,Grayson Poole,Beacon Casualty Company,2025-01-22,107.25,Paid,2025-02-08,
INV-70260,REQ-40295,RQ-124,Keystone Record Retrieval,Beacon Casualty Company,2025-01-13,133.50,Paid,2025-01-24,
INV-70261,REQ-40297,RQ-125,ClearPath Records,Beacon Casualty Company,2025-01-13,75.40,Paid,2025-01-17,
INV-70262,REQ-40298,RQ-128,Lakeside Mutual,Beacon Casualty Company,2025-01-10,93.95,Paid,2025-01-16,
INV-70263,REQ-40299,RQ-130,Sterling Auto Insurance,Beacon Casualty Company,2025-01-08,249.00,Paid,2025-01-24,
INV-70264,REQ-40300,RQ-124,Keystone Record Retrieval,Beacon Casualty Company,2025-01-15,80.65,Paid,2025-01-19,
INV-70265,REQ-40301,RQ-110,Marchetti & Cole,Beacon Casualty Company,2025-01-14,51.25,Paid,2025-01-22,
INV-70266,REQ-40302,RQ-121,RecordPoint Retrieval,Northfork Insurance Co.,2025-01-08,50.90,Open,,
INV-70267,REQ-40303,RQ-121,RecordPoint Retrieval,Northfork Insurance Co.,2025-02-03,50.20,Paid,2025-02-05,
INV-70268,REQ-40304,RQ-101,Morrison & Pratt LLP,Northfork Insurance Co.,2025-01-22,69.10,Paid,2025-01-25,
INV-70269,REQ-40305,RQ-127,Pioneer Standard Insurance,Northfork Insurance Co.,2025-01-31,55.80,Paid,2025-02-13,
INV-70270,REQ-40306,RQ-112,Abernathy Law,Northfork Insurance Co.,2025-01-28,124.40,Paid,2025-02-08,
INV-70271,REQ-40307,RQ-121,RecordPoint Retrieval,Northfork Insurance Co.,2025-01-29,46.35,Open,,
INV-70272,REQ-40308,RQ-121,RecordPoint Retrieval,Northfork Insurance Co.,2025-01-08,187.75,Paid,2025-01-18,
INV-70273,REQ-40309,RQ-128,Lakeside Mutual,Northfork Insurance Co.,2025-01-21,104.45,Open,,
INV-70274,REQ-40310,RQ-121,RecordPoint Retrieval,Northfork Insurance Co.,2025-01-20,100.95,Open,,
INV-70275,REQ-40311,RQ-125,ClearPath Records,Northfork Insurance Co.,2025-01-27,52.65,Paid,2025-02-05,
INV-70276,REQ-40312,RQ-107,Park & Levine,Northfork Insurance Co.,2025-01-27,68.05,Paid,2025-02-08,
INV-70277,REQ-40313,RQ-115,Lindqvist Defense,Northfork Insurance Co.,2025-01-30,62.80,Paid,2025-02-15,
INV-70278,REQ-40314,RQ-128,Lakeside Mutual,Northfork Insurance Co.,2025-01-27,62.10,Paid,2025-02-07,
INV-70279,REQ-40315,RQ-121,RecordPoint Retrieval,Northfork Insurance Co.,2025-01-17,132.10,Paid,2025-01-29,
INV-70280,REQ-40316,RQ-111,Ferris Nguyen LLP,Northfork Insurance Co.,2025-01-28,57.90,Open,,
INV-70281,REQ-40317,RQ-114,Tate & Winslow,Northfork Insurance Co.,2025-01-15,78.20,Paid,2025-01-30,
INV-70282,REQ-40318,RQ-130,Sterling Auto Insurance,Northfork Insurance Co.,2025-01-31,121.95,Paid,2025-02-17,
INV-70283,REQ-40319,RQ-121,RecordPoint Retrieval,Northfork Insurance Co.,2025-01-06,81.35,Paid,2025-01-11,
INV-70284,REQ-40320,RQ-121,RecordPoint Retrieval,Northfork Insurance Co.,2025-01-10,67.70,Paid,2025-01-27,
INV-70285,REQ-40321,RQ-107,Park & Levine,Northfork Insurance Co.,2025-01-27,85.55,Paid,2025-02-04,
INV-70286,REQ-40322,RQ-123,DocuTrace Services,Northfork Insurance Co.,2025-01-24,53.70,Paid,2025-01-29,
INV-70287,REQ-40323,RQ-109,Hudson Valley Injury Law,Northfork Insurance Co.,2025-01-13,37.25,Open,,
INV-70288,REQ-40324,RQ-121,RecordPoint Retrieval,Northfork Insurance Co.,2025-01-08,89.05,Open,,
INV-70289,REQ-40325,RQ-112,Abernathy Law,Northfork Insurance Co.,2025-01-10,73.30,Paid,2025-01-14,
INV-70290,REQ-40326,RQ-129,Evergreen Casualty,Northfork Insurance Co.,2025-01-24,98.85,Cancelled,,Request withdrawn
INV-70291,REQ-40327,RQ-112,Abernathy Law,Northfork Insurance Co.,2025-01-17,124.05,Paid,2025-01-30,
INV-70292,REQ-40328,RQ-103,Kessler Injury Attorneys,Northfork Insurance Co.,2025-01-15,111.80,Paid,2025-01-25,
INV-70293,REQ-40329,RQ-102,Delgado Law Group,Northfork Insurance Co.,2025-01-16,63.15,Paid,2025-01-29,
INV-70294,REQ-40330,RQ-121,RecordPoint Retrieval,Northfork Insurance Co.,2025-01-09,87.65,Open,,
INV-70295,REQ-40331,RQ-105,Brennan Hale PC,Northfork Insurance Co.,2025-01-28,69.10,Paid,2025-02-04,
INV-70296,REQ-40332,RQ-121,RecordPoint Retrieval,Northfork Insurance Co.,2025-01-17,82.05,Paid,2025-01-31,
INV-70297,REQ-40333,RQ-101,Morrison & Pratt LLP,Northfork Insurance Co.,2025-01-14,58.95,Open,,
INV-70298,REQ-40334,RQ-108,Salas Trial Lawyers,Northfork Insurance Co.,2025-01-27,48.45,Paid,2025-02-01,
INV-70299,REQ-40335,RQ-127,Pioneer Standard Insurance,Northfork Insurance Co.,2025-01-16,39.00,Cancelled,,No records found
INV-70300,REQ-40336,RQ-104,Whitcombe & Rao,Northfork Insurance Co.,2025-02-03,119.15,Paid,2025-02-17,
INV-70301,REQ-40337,RQ-118,Pruitt Legal Group,Northfork Insurance Co.,2025-02-03,51.60,Paid,2025-02-16,
INV-70302,REQ-40338,RQ-113,Grayson Poole,Northfork Insurance Co.,2025-01-23,133.85,Paid,2025-02-07,
INV-70303,REQ-40339,RQ-115,Lindqvist Defense,Meridian Auto & Home,2025-01-15,91.50,Paid,2025-01-17,
INV-70304,REQ-40340,RQ-105,Brennan Hale PC,Meridian Auto & Home,2025-01-29,64.55,Paid,2025-02-16,
INV-70305,REQ-40341,RQ-126,Summit Chart Services,Meridian Auto & Home,2025-01-15,62.45,Paid,2025-01-25,
INV-70306,REQ-40342,RQ-126,Summit Chart Services,Meridian Auto & Home,2025-01-13,56.15,Paid,2025-01-27,
INV-70307,REQ-40343,RQ-102,Delgado Law Group,Meridian Auto & Home,2025-01-09,78.20,Paid,2025-01-17,
INV-70308,REQ-40344,RQ-121,RecordPoint Retrieval,Meridian Auto & Home,2025-01-16,108.30,Paid,2025-01-23,
INV-70309,REQ-40346,RQ-121,RecordPoint Retrieval,Meridian Auto & Home,2025-01-29,60.00,Open,,
INV-70310,REQ-40347,RQ-101,Morrison & Pratt LLP,Meridian Auto & Home,2025-01-15,58.25,Paid,2025-01-31,
INV-70311,REQ-40348,RQ-121,RecordPoint Retrieval,Meridian Auto & Home,2025-01-09,82.75,Open,,
INV-70312,REQ-40349,RQ-122,SwiftFile Records,Meridian Auto & Home,2025-01-29,55.10,Paid,2025-02-07,
INV-70313,REQ-40350,RQ-128,Lakeside Mutual,Meridian Auto & Home,2025-01-17,78.20,Paid,2025-01-27,
INV-70314,REQ-40351,RQ-108,Salas Trial Lawyers,Meridian Auto & Home,2025-01-10,67.00,Paid,2025-01-14,
INV-70315,REQ-40352,RQ-126,Summit Chart Services,Meridian Auto & Home,2025-01-28,90.80,Open,,
INV-70316,REQ-40353,RQ-128,Lakeside Mutual,Meridian Auto & Home,2025-01-24,49.15,Paid,2025-01-31,
INV-70317,REQ-40354,RQ-113,Grayson Poole,Meridian Auto & Home,2025-01-24,65.95,Paid,2025-02-05,
INV-70318,REQ-40355,RQ-109,Hudson Valley Injury Law,Meridian Auto & Home,2025-01-16,61.75,Paid,2025-02-03,
INV-70319,REQ-40356,RQ-121,RecordPoint Retrieval,Meridian Auto & Home,2025-01-08,50.55,Open,,
INV-70320,REQ-40357,RQ-104,Whitcombe & Rao,Meridian Auto & Home,2025-01-15,81.00,Paid,2025-01-25,
INV-70321,REQ-40358,RQ-124,Keystone Record Retrieval,Meridian Auto & Home,2025-01-16,159.75,Paid,2025-01-30,
INV-70322,REQ-40359,RQ-123,DocuTrace Services,Meridian Auto & Home,2025-01-07,63.85,Paid,2025-01-25,
INV-70323,REQ-40360,RQ-107,Park & Levine,Meridian Auto & Home,2025-01-28,47.05,Open,,
INV-70324,REQ-40361,RQ-125,ClearPath Records,Meridian Auto & Home,2025-01-14,120.55,Paid,2025-01-27,
INV-70325,REQ-40362,RQ-101,Morrison & Pratt LLP,Meridian Auto & Home,2025-01-06,50.20,Paid,2025-01-11,
INV-70326,REQ-40363,RQ-101,Morrison & Pratt LLP,Meridian Auto & Home,2025-01-08,79.60,Paid,2025-01-21,
INV-70327,REQ-40364,RQ-106,Ostrowski Legal,Meridian Auto & Home,2025-01-07,85.55,Paid,2025-01-20,
INV-70328,REQ-40365,RQ-106,Ostrowski Legal,Meridian Auto & Home,2025-01-20,266.50,Paid,2025-01-28,
INV-70329,REQ-40366,RQ-103,Kessler Injury Attorneys,Meridian Auto & Home,2025-01-24,35.15,Paid,2025-02-02,
INV-70330,REQ-40367,RQ-121,RecordPoint Retrieval,Meridian Auto & Home,2025-01-20,127.55,Paid,2025-01-28,
INV-70331,REQ-40368,RQ-110,Marchetti & Cole,Meridian Auto & Home,2025-01-09,68.75,Cancelled,,Duplicate request
INV-70332,REQ-40369,RQ-110,Marchetti & Cole,Meridian Auto & Home,2025-01-23,50.20,Paid,2025-01-25,
INV-70333,REQ-40370,RQ-126,Summit Chart Services,Meridian Auto & Home,2025-01-13,40.40,Paid,2025-01-31,
INV-70334,REQ-40371,RQ-112,Abernathy Law,Meridian Auto & Home,2025-01-23,101.65,Paid,2025-02-07,
INV-70335,REQ-40372,RQ-108,Salas Trial Lawyers,Atlas Comp Services,2025-01-22,78.55,Paid,2025-02-05,
INV-70336,REQ-40373,RQ-126,Summit Chart Services,Atlas Comp Services,2025-01-24,176.20,Paid,2025-02-08,
INV-70337,REQ-40374,RQ-101,Morrison & Pratt LLP,Atlas Comp Services,2025-01-15,51.25,Cancelled,,Duplicate request
INV-70338,REQ-40375,RQ-108,Salas Trial Lawyers,Atlas Comp Services,2025-01-15,72.60,Paid,2025-01-24,
INV-70339,REQ-40376,RQ-107,Park & Levine,Atlas Comp Services,2025-01-22,43.20,Paid,2025-01-26,
INV-70340,REQ-40378,RQ-121,RecordPoint Retrieval,Atlas Comp Services,2025-01-17,61.40,Open,,
INV-70341,REQ-40379,RQ-106,Ostrowski Legal,Atlas Comp Services,2025-01-24,35.50,Paid,2025-02-11,
INV-70342,REQ-40380,RQ-125,ClearPath Records,Atlas Comp Services,2025-01-13,50.20,Open,,
INV-70343,REQ-40381,RQ-126,Summit Chart Services,Atlas Comp Services,2025-01-27,73.30,Paid,2025-02-06,
INV-70344,REQ-40382,RQ-115,Lindqvist Defense,Atlas Comp Services,2025-01-31,41.45,Open,,
INV-70345,REQ-40383,RQ-126,Summit Chart Services,Atlas Comp Services,2025-01-29,72.95,Paid,2025-01-31,
INV-70346,REQ-40384,RQ-108,Salas Trial Lawyers,Atlas Comp Services,2025-01-16,132.45,Paid,2025-01-31,
INV-70347,REQ-40385,RQ-122,SwiftFile Records,Atlas Comp Services,2025-01-15,85.90,Paid,2025-02-02,
INV-70348,REQ-40386,RQ-111,Ferris Nguyen LLP,Atlas Comp Services,2025-01-21,76.45,Paid,2025-01-26,
INV-70349,REQ-40387,RQ-120,Beaumont Stark,Atlas Comp Services,2025-01-22,78.90,Paid,2025-02-06,
INV-70350,REQ-40388,RQ-112,Abernathy Law,Atlas Comp Services,2025-02-03,52.30,Paid,2025-02-15,
INV-70351,REQ-40389,RQ-126,Summit Chart Services,Atlas Comp Services,2025-02-05,55.10,Paid,2025-02-10,
INV-70352,REQ-40392,RQ-101,Morrison & Pratt LLP,Atlas Comp Services,2025-01-23,91.50,Cancelled,,Duplicate request
INV-70353,REQ-40393,RQ-130,Sterling Auto Insurance,Atlas Comp Services,2025-01-24,83.10,Paid,2025-01-29,
INV-70354,REQ-40394,RQ-121,RecordPoint Retrieval,Atlas Comp Services,2025-01-15,72.25,Paid,2025-01-20,
INV-70355,REQ-40395,RQ-107,Park & Levine,Harborline Mutual Insurance,2025-02-27,58.25,Paid,2025-03-14,
INV-70356,REQ-40396,RQ-129,Evergreen Casualty,Harborline Mutual Insurance,2025-02-14,78.55,Paid,2025-03-04,
INV-70357,REQ-40397,RQ-125,ClearPath Records,Harborline Mutual Insurance,2025-02-10,39.00,Paid,2025-02-28,
INV-70358,REQ-40398,RQ-113,Grayson Poole,Harborline Mutual Insurance,2025-02-14,95.00,Paid,2025-02-18,
INV-70359,REQ-40399,RQ-120,Beaumont Stark,Harborline Mutual Insurance,2025-02-20,63.15,Paid,2025-03-07,
INV-70360,REQ-40400,RQ-113,Grayson Poole,Harborline Mutual Insurance,2025-02-13,54.05,Paid,2025-02-18,
INV-70361,REQ-40401,RQ-115,Lindqvist Defense,Harborline Mutual Insurance,2025-02-14,37.95,Paid,2025-02-19,
INV-70362,REQ-40402,RQ-115,Lindqvist Defense,Harborline Mutual Insurance,2025-03-03,47.40,Paid,2025-03-12,
INV-70363,REQ-40403,RQ-114,Tate & Winslow,Harborline Mutual Insurance,2025-02-13,49.15,Paid,2025-02-25,
INV-70364,REQ-40404,RQ-127,Pioneer Standard Insurance,Harborline Mutual Insurance,2025-02-11,61.75,Paid,2025-02-21,
INV-70365,REQ-40405,RQ-121,RecordPoint Retrieval,Harborline Mutual Insurance,2025-02-20,39.00,Paid,2025-03-04,
INV-70366,REQ-40406,RQ-114,Tate & Winslow,Harborline Mutual Insurance,2025-03-05,64.55,Paid,2025-03-20,
INV-70367,REQ-40407,RQ-108,Salas Trial Lawyers,Harborline Mutual Insurance,2025-02-20,56.85,Paid,2025-02-24,
INV-70368,REQ-40408,RQ-130,Sterling Auto Insurance,Harborline Mutual Insurance,2025-02-17,89.05,Paid,2025-03-07,
INV-70369,REQ-40409,RQ-123,DocuTrace Services,Harborline Mutual Insurance,2025-02-28,68.05,Paid,2025-03-08,
INV-70370,REQ-40411,RQ-121,RecordPoint Retrieval,Harborline Mutual Insurance,2025-03-03,53.00,Paid,2025-03-15,
INV-70371,REQ-40412,RQ-118,Pruitt Legal Group,Harborline Mutual Insurance,2025-02-24,36.20,Open,,
INV-70372,REQ-40413,RQ-102,Delgado Law Group,Harborline Mutual Insurance,2025-03-05,84.50,Paid,2025-03-22,
INV-70373,REQ-40414,RQ-115,Lindqvist Defense,Harborline Mutual Insurance,2025-03-04,34.10,Paid,2025-03-11,
INV-70374,REQ-40415,RQ-114,Tate & Winslow,Harborline Mutual Insurance,2025-02-11,64.55,Paid,2025-02-24,
INV-70375,REQ-40416,RQ-101,Morrison & Pratt LLP,Harborline Mutual Insurance,2025-02-07,93.95,Paid,2025-02-23,
INV-70376,REQ-40417,RQ-108,Salas Trial Lawyers,Harborline Mutual Insurance,2025-02-18,49.15,Paid,2025-02-23,
INV-70377,REQ-40418,RQ-126,Summit Chart Services,Harborline Mutual Insurance,2025-03-03,48.80,Paid,2025-03-21,
INV-70378,REQ-40419,RQ-127,Pioneer Standard Insurance,Harborline Mutual Insurance,2025-03-04,131.05,Open,,
INV-70379,REQ-40420,RQ-121,RecordPoint Retrieval,Harborline Mutual Insurance,2025-02-14,127.20,Paid,2025-02-22,
INV-70380,REQ-40421,RQ-101,Morrison & Pratt LLP,Harborline Mutual Insurance,2025-02-24,37.95,Paid,2025-02-28,
INV-70381,REQ-40422,RQ-127,Pioneer Standard Insurance,Harborline Mutual Insurance,2025-02-12,134.90,Paid,2025-02-24,
INV-70382,REQ-40423,RQ-120,Beaumont Stark,Harborline Mutual Insurance,2025-03-06,79.60,Paid,2025-03-24,
INV-70383,REQ-40424,RQ-130,Sterling Auto Insurance,Harborline Mutual Insurance,2025-03-05,65.60,Paid,2025-03-16,
INV-70384,REQ-40425,RQ-126,Summit Chart Services,Harborline Mutual Insurance,2025-02-20,49.50,Paid,2025-02-25,
INV-70385,REQ-40426,RQ-129,Evergreen Casualty,Harborline Mutual Insurance,2025-03-05,40.05,Paid,2025-03-11,
INV-70386,REQ-40427,RQ-101,Morrison & Pratt LLP,Harborline Mutual Insurance,2025-02-06,44.95,Open,,
INV-70387,REQ-40428,RQ-106,Ostrowski Legal,Harborline Mutual Insurance,2025-02-20,75.75,Paid,2025-02-22,
INV-70388,REQ-40429,RQ-104,Whitcombe & Rao,Harborline Mutual Insurance,2025-02-10,68.75,Paid,2025-02-26,
INV-70389,REQ-40430,RQ-107,Park & Levine,Harborline Mutual Insurance,2025-02-11,62.80,Paid,2025-02-25,
INV-70390,REQ-40431,RQ-108,Salas Trial Lawyers,Harborline Mutual Insurance,2025-02-21,128.95,Paid,2025-02-26,
INV-70391,REQ-40432,RQ-123,DocuTrace Services,Harborline Mutual Insurance,2025-02-20,52.65,Paid,2025-02-22,
INV-70392,REQ-40433,RQ-121,RecordPoint Retrieval,Harborline Mutual Insurance,2025-02-18,77.50,Cancelled,,Request withdrawn
INV-70393,REQ-40434,RQ-103,Kessler Injury Attorneys,Harborline Mutual Insurance,2025-02-18,53.00,Paid,2025-02-26,
INV-70394,REQ-40435,RQ-106,Ostrowski Legal,Harborline Mutual Insurance,2025-02-14,105.85,Cancelled,,Duplicate request
INV-70395,REQ-40436,RQ-101,Morrison & Pratt LLP,Harborline Mutual Insurance,2025-02-19,77.50,Paid,2025-03-01,
INV-70396,REQ-40437,RQ-114,Tate & Winslow,Harborline Mutual Insurance,2025-03-03,74.70,Paid,2025-03-06,
INV-70397,REQ-40438,RQ-110,Marchetti & Cole,Harborline Mutual Insurance,2025-02-27,43.20,Paid,2025-03-07,
INV-70398,REQ-40439,RQ-105,Brennan Hale PC,Harborline Mutual Insurance,2025-03-04,138.75,Paid,2025-03-10,
INV-70399,REQ-40440,RQ-118,Pruitt Legal Group,Harborline Mutual Insurance,2025-02-11,57.55,Paid,2025-02-28,
INV-70400,REQ-40441,RQ-124,Keystone Record Retrieval,Harborline Mutual Insurance,2025-03-04,67.35,Paid,2025-03-21,
INV-70401,REQ-40442,RQ-101,Morrison & Pratt LLP,Harborline Mutual Insurance,2025-02-07,77.15,Paid,2025-02-22,
INV-70402,REQ-40444,RQ-121,RecordPoint Retrieval,Harborline Mutual Insurance,2025-02-14,59.30,Open,,
INV-70403,REQ-40445,RQ-119,Quinlan & Ames,Harborline Mutual Insurance,2025-02-28,62.80,Paid,2025-03-12,
INV-70404,REQ-40446,RQ-101,Morrison & Pratt LLP,Harborline Mutual Insurance,2025-02-06,52.30,Paid,2025-02-22,
INV-70405,REQ-40447,RQ-126,Summit Chart Services,Harborline Mutual Insurance,2025-02-19,52.65,Paid,2025-02-21,
INV-70406,REQ-40448,RQ-121,RecordPoint Retrieval,Harborline Mutual Insurance,2025-02-28,38.65,Open,,
INV-70407,REQ-40449,RQ-121,RecordPoint Retrieval,Harborline Mutual Insurance,2025-03-04,47.75,Open,,
INV-70408,REQ-40450,RQ-123,DocuTrace Services,Harborline Mutual Insurance,2025-02-14,79.60,Paid,2025-02-19,
INV-70409,REQ-40451,RQ-119,Quinlan & Ames,Harborline Mutual Insurance,2025-03-04,38.30,Paid,2025-03-19,
INV-70410,REQ-40452,RQ-124,Keystone Record Retrieval,Harborline Mutual Insurance,2025-02-10,163.25,Open,,
INV-70411,REQ-40453,RQ-101,Morrison & Pratt LLP,Harborline Mutual Insurance,2025-02-26,93.60,Cancelled,,Duplicate request
INV-70412,REQ-40454,RQ-125,ClearPath Records,Harborline Mutual Insurance,2025-02-06,54.75,Paid,2025-02-17,
INV-70413,REQ-40455,RQ-125,ClearPath Records,Harborline Mutual Insurance,2025-02-25,53.70,Paid,2025-03-01,
INV-70414,REQ-40456,RQ-121,RecordPoint Retrieval,Harborline Mutual Insurance,2025-02-21,78.55,Paid,2025-03-05,
INV-70415,REQ-40457,RQ-102,Delgado Law Group,Harborline Mutual Insurance,2025-02-27,62.45,Paid,2025-03-05,
INV-70416,REQ-40458,RQ-123,DocuTrace Services,Harborline Mutual Insurance,2025-02-26,99.90,Paid,2025-03-12,
INV-70417,REQ-40459,RQ-101,Morrison & Pratt LLP,Harborline Mutual Insurance,2025-02-27,91.15,Cancelled,,Duplicate request
INV-70418,REQ-40460,RQ-102,Delgado Law Group,Harborline Mutual Insurance,2025-02-19,58.95,Paid,2025-02-27,
INV-70419,REQ-40461,RQ-127,Pioneer Standard Insurance,Harborline Mutual Insurance,2025-02-05,86.60,Open,,
INV-70420,REQ-40462,RQ-128,Lakeside Mutual,Harborline Mutual Insurance,2025-02-26,69.45,Paid,2025-03-11,
INV-70421,REQ-40463,RQ-129,Evergreen Casualty,Harborline Mutual Insurance,2025-02-17,67.35,Paid,2025-02-24,
INV-70422,REQ-40464,RQ-125,ClearPath Records,Harborline Mutual Insurance,2025-02-26,57.20,Paid,2025-03-10,
INV-70423,REQ-40465,RQ-104,Whitcombe & Rao,Harborline Mutual Insurance,2025-02-26,81.35,Paid,2025-03-14,
INV-70424,REQ-40466,RQ-109,Hudson Valley Injury Law,Harborline Mutual Insurance,2025-02-25,73.65,Paid,2025-03-03,
INV-70425,REQ-40467,RQ-125,ClearPath Records,Harborline Mutual Insurance,2025-02-03,132.10,Cancelled,,Duplicate request
INV-70426,REQ-40468,RQ-101,Morrison & Pratt LLP,Harborline Mutual Insurance,2025-02-28,62.80,Paid,2025-03-17,
INV-70427,REQ-40469,RQ-121,RecordPoint Retrieval,Harborline Mutual Insurance,2025-02-10,67.70,Open,,
INV-70428,REQ-40470,RQ-118,Pruitt Legal Group,Harborline Mutual Insurance,2025-02-28,80.30,Paid,2025-03-02,
INV-70429,REQ-40471,RQ-108,Salas Trial Lawyers,Harborline Mutual Insurance,2025-02-14,125.10,Paid,2025-02-18,
INV-70430,REQ-40472,RQ-117,Iverson Goldberg,Harborline Mutual Insurance,2025-03-05,50.55,Paid,2025-03-14,
INV-70431,REQ-40473,RQ-121,RecordPoint Retrieval,Harborline Mutual Insurance,2025-02-10,77.85,Open,,
INV-70432,REQ-40474,RQ-101,Morrison & Pratt LLP,Harborline Mutual Insurance,2025-02-20,74.00,Cancelled,,Duplicate request
INV-70433,REQ-40475,RQ-103,Kessler Injury Attorneys,Granite Shield Insurance,2025-02-14,61.40,Cancelled,,No records found
INV-70434,REQ-40476,RQ-102,Delgado Law Group,Granite Shield Insurance,2025-03-07,54.75,Paid,2025-03-14,
INV-70435,REQ-40477,RQ-122,SwiftFile Records,Granite Shield Insurance,2025-02-20,47.75,Paid,2025-02-26,
INV-70436,REQ-40478,RQ-121,RecordPoint Retrieval,Granite Shield Insurance,2025-02-18,46.00,Open,,
INV-70437,REQ-40479,RQ-114,Tate & Winslow,Granite Shield Insurance,2025-02-11,75.40,Cancelled,,Request withdrawn
INV-70438,REQ-40480,RQ-121,RecordPoint Retrieval,Granite Shield Insurance,2025-02-28,66.65,Paid,2025-03-06,
INV-70439,REQ-40481,RQ-105,Brennan Hale PC,Granite Shield Insurance,2025-02-27,52.30,Paid,2025-03-14,
INV-70440,REQ-40483,RQ-115,Lindqvist Defense,Granite Shield Insurance,2025-02-07,57.20,Paid,2025-02-23,
INV-70441,REQ-40484,RQ-121,RecordPoint Retrieval,Granite Shield Insurance,2025-02-17,57.90,Paid,2025-03-05,
INV-70442,REQ-40485,RQ-124,Keystone Record Retrieval,Granite Shield Insurance,2025-02-24,80.65,Cancelled,,No records found
INV-70443,REQ-40486,RQ-102,Delgado Law Group,Granite Shield Insurance,2025-03-04,150.30,Paid,2025-03-10,
INV-70444,REQ-40487,RQ-107,Park & Levine,Granite Shield Insurance,2025-02-18,156.25,Paid,2025-02-23,
INV-70445,REQ-40488,RQ-119,Quinlan & Ames,Granite Shield Insurance,2025-02-07,51.60,Paid,2025-02-17,
INV-70446,REQ-40489,RQ-124,Keystone Record Retrieval,Granite Shield Insurance,2025-02-17,84.15,Paid,2025-02-23,
INV-70447,REQ-40490,RQ-128,Lakeside Mutual,Granite Shield Insurance,2025-02-28,71.90,Cancelled,,No records found
INV-70448,REQ-40491,RQ-127,Pioneer Standard Insurance,Granite Shield Insurance,2025-02-14,68.75,Paid,2025-02-24,
INV-70449,REQ-40492,RQ-121,RecordPoint Retrieval,Granite Shield Insurance,2025-02-07,67.70,Paid,2025-02-16,
INV-70450,REQ-40493,RQ-105,Brennan Hale PC,Granite Shield Insurance,2025-02-19,102.00,Paid,2025-03-04,
INV-70451,REQ-40494,RQ-105,Brennan Hale PC,Granite Shield Insurance,2025-02-26,45.30,Open,,
INV-70452,REQ-40495,RQ-119,Quinlan & Ames,Granite Shield Insurance,2025-02-26,33.75,Paid,2025-03-02,
INV-70453,REQ-40496,RQ-126,Summit Chart Services,Granite Shield Insurance,2025-02-17,98.85,Paid,2025-03-07,
INV-70454,REQ-40497,RQ-102,Delgado Law Group,Granite Shield Insurance,2025-03-04,76.80,Paid,2025-03-10,
INV-70455,REQ-40498,RQ-113,Grayson Poole,Granite Shield Insurance,2025-03-04,61.40,Paid,2025-03-20,
INV-70456,REQ-40499,RQ-121,RecordPoint Retrieval,Granite Shield Insurance,2025-02-26,130.70,Paid,2025-03-16,
INV-70457,REQ-40500,RQ-104,Whitcombe & Rao,Granite Shield Insurance,2025-02-14,54.40,Paid,2025-02-19,
INV-70458,REQ-40501,RQ-121,RecordPoint Retrieval,Granite Shield Insurance,2025-03-03,56.15,Paid,2025-03-16,
INV-70459,REQ-40502,RQ-104,Whitcombe & Rao,Granite Shield Insurance,2025-02-20,59.65,Paid,2025-03-10,
INV-70460,REQ-40503,RQ-103,Kessler Injury Attorneys,Granite Shield Insurance,2025-03-04,49.15,Open,,
INV-70461,REQ-40505,RQ-106,Ostrowski Legal,Granite Shield Insurance,2025-02-17,85.55,Paid,2025-02-25,
INV-70462,REQ-40506,RQ-112,Abernathy Law,Granite Shield Insurance,2025-03-05,59.30,Paid,2025-03-16,
INV-70463,REQ-40507,RQ-102,Delgado Law Group,Granite Shield Insurance,2025-02-25,68.40,Paid,2025-03-03,
INV-70464,REQ-40508,RQ-105,Brennan Hale PC,Granite Shield Insurance,2025-02-19,88.35,Cancelled,,Duplicate request
INV-70465,REQ-40509,RQ-122,SwiftFile Records,Granite Shield Insurance,2025-02-25,53.70,Paid,2025-03-08,
INV-70466,REQ-40510,RQ-121,RecordPoint Retrieval,Granite Shield Insurance,2025-02-05,49.15,Cancelled,,Request withdrawn
INV-70467,REQ-40511,RQ-101,Morrison & Pratt LLP,Granite Shield Insurance,2025-02-21,78.55,Paid,2025-02-27,
INV-70468,REQ-40512,RQ-111,Ferris Nguyen LLP,Granite Shield Insurance,2025-03-03,49.50,Paid,2025-03-21,
INV-70469,REQ-40513,RQ-102,Delgado Law Group,Granite Shield Insurance,2025-02-27,90.45,Paid,2025-03-06,
INV-70470,REQ-40514,RQ-114,Tate & Winslow,Granite Shield Insurance,2025-02-28,62.10,Paid,2025-03-14,
INV-70471,REQ-40515,RQ-128,Lakeside Mutual,Granite Shield Insurance,2025-03-07,110.75,Paid,2025-03-16,
INV-70472,REQ-40517,RQ-106,Ostrowski Legal,Granite Shield Insurance,2025-03-05,35.85,Paid,2025-03-18,
INV-70473,REQ-40518,RQ-110,Marchetti & Cole,Granite Shield Insurance,2025-02-24,96.05,Paid,2025-03-03,
INV-70474,REQ-40519,RQ-116,Carver Moss LLP,Granite Shield Insurance,2025-02-21,43.55,Paid,2025-03-11,
INV-70475,REQ-40520,RQ-121,RecordPoint Retrieval,Granite Shield Insurance,2025-02-14,37.25,Open,,
INV-70476,REQ-40521,RQ-101,Morrison & Pratt LLP,Granite Shield Insurance,2025-02-24,53.00,Paid,2025-02-26,
INV-70477,REQ-40522,RQ-101,Morrison & Pratt LLP,Granite Shield Insurance,2025-02-10,69.45,Paid,2025-02-26,
INV-70478,REQ-40523,RQ-101,Morrison & Pratt LLP,Granite Shield Insurance,2025-03-03,62.10,Paid,2025-03-09,
INV-70479,REQ-40524,RQ-118,Pruitt Legal Group,Granite Shield Insurance,2025-02-17,46.00,Paid,2025-02-19,
INV-70480,REQ-40525,RQ-118,Pruitt Legal Group,Granite Shield Insurance,2025-02-14,85.90,Paid,2025-02-18,
INV-70481,REQ-40526,RQ-104,Whitcombe & Rao,Granite Shield Insurance,2025-03-07,106.20,Paid,2025-03-13,
INV-70482,REQ-40527,RQ-101,Morrison & Pratt LLP,Granite Shield Insurance,2025-02-11,105.50,Paid,2025-02-13,
INV-70483,REQ-40528,RQ-121,RecordPoint Retrieval,Granite Shield Insurance,2025-03-07,103.05,Open,,
INV-70484,REQ-40529,RQ-130,Sterling Auto Insurance,Granite Shield Insurance,2025-03-03,79.60,Paid,2025-03-11,
INV-70485,REQ-40530,RQ-113,Grayson Poole,Granite Shield Insurance,2025-02-13,54.05,Paid,2025-02-25,
INV-70486,REQ-40531,RQ-121,RecordPoint Retrieval,Keystone Auto Group,2025-02-26,44.60,Paid,2025-03-09,
INV-70487,REQ-40532,RQ-130,Sterling Auto Insurance,Keystone Auto Group,2025-02-20,44.95,Paid,2025-03-03,
INV-70488,REQ-40533,RQ-117,Iverson Goldberg,Keystone Auto Group,2025-03-03,83.10,Paid,2025-03-13,
INV-70489,REQ-40534,RQ-124,Keystone Record Retrieval,Keystone Auto Group,2025-02-24,91.50,Paid,2025-03-06,
INV-70490,REQ-40535,RQ-123,DocuTrace Services,Keystone Auto Group,2025-02-24,131.75,Paid,2025-03-12,
INV-70491,REQ-40536,RQ-126,Summit Chart Services,Keystone Auto Group,2025-02-13,49.85,Paid,2025-02-27,
INV-70492,REQ-40537,RQ-106,Ostrowski Legal,Keystone Auto Group,2025-03-06,96.75,Paid,2025-03-09,
INV-70493,REQ-40538,RQ-123,DocuTrace Services,Keystone Auto Group,2025-02-13,81.35,Paid,2025-03-02,
INV-70494,REQ-40540,RQ-126,Summit Chart Services,Keystone Auto Group,2025-03-05,67.35,Paid,2025-03-18,
INV-70495,REQ-40541,RQ-121,RecordPoint Retrieval,Keystone Auto Group,2025-03-04,182.50,Paid,2025-03-09,
INV-70496,REQ-40542,RQ-109,Hudson Valley Injury Law,Keystone Auto Group,2025-02-28,42.85,Paid,2025-03-02,
INV-70497,REQ-40543,RQ-121,RecordPoint Retrieval,Keystone Auto Group,2025-02-24,108.30,Open,,
INV-70498,REQ-40544,RQ-102,Delgado Law Group,Keystone Auto Group,2025-02-24,100.60,Open,,
INV-70499,REQ-40545,RQ-121,RecordPoint Retrieval,Keystone Auto Group,2025-02-07,49.85,Open,,
INV-70500,REQ-40546,RQ-122,SwiftFile Records,Keystone Auto Group,2025-03-04,73.30,Paid,2025-03-06,
INV-70501,REQ-40547,RQ-121,RecordPoint Retrieval,Keystone Auto Group,2025-03-07,155.55,Open,,
INV-70502,REQ-40548,RQ-110,Marchetti & Cole,Keystone Auto Group,2025-02-12,58.25,Paid,2025-02-25,
INV-70503,REQ-40549,RQ-130,Sterling Auto Insurance,Keystone Auto Group,2025-02-26,131.05,Paid,2025-03-07,
INV-70504,REQ-40551,RQ-124,Keystone Record Retrieval,Keystone Auto Group,2025-03-07,61.40,Paid,2025-03-14,
INV-70505,REQ-40552,RQ-129,Evergreen Casualty,Keystone Auto Group,2025-02-21,76.45,Paid,2025-03-07,
INV-70506,REQ-40553,RQ-124,Keystone Record Retrieval,Keystone Auto Group,2025-02-14,42.15,Paid,2025-02-22,
INV-70507,REQ-40554,RQ-101,Morrison & Pratt LLP,Keystone Auto Group,2025-02-12,45.30,Paid,2025-02-16,
INV-70508,REQ-40555,RQ-110,Marchetti & Cole,Keystone Auto Group,2025-02-19,189.85,Paid,2025-03-01,
INV-70509,REQ-40556,RQ-110,Marchetti & Cole,Keystone Auto Group,2025-02-21,38.65,Paid,2025-02-28,
INV-70510,REQ-40557,RQ-117,Iverson Goldberg,Keystone Auto Group,2025-02-21,113.20,Paid,2025-03-04,
INV-70511,REQ-40558,RQ-121,RecordPoint Retrieval,Keystone Auto Group,2025-02-28,74.35,Open,,
INV-70512,REQ-40559,RQ-124,Keystone Record Retrieval,Keystone Auto Group,2025-02-14,63.15,Paid,2025-03-03,
INV-70513,REQ-40560,RQ-115,Lindqvist Defense,Keystone Auto Group,2025-02-19,70.85,Paid,2025-02-27,
INV-70514,REQ-40561,RQ-124,Keystone Record Retrieval,Keystone Auto Group,2025-02-20,87.65,Open,,
INV-70515,REQ-40562,RQ-124,Keystone Record Retrieval,Keystone Auto Group,2025-02-21,91.15,Paid,2025-02-24,
INV-70516,REQ-40563,RQ-124,Keystone Record Retrieval,Keystone Auto Group,2025-03-07,46.35,Paid,2025-03-25,
INV-70517,REQ-40564,RQ-107,Park & Levine,Keystone Auto Group,2025-02-07,58.60,Paid,2025-02-18,
INV-70518,REQ-40565,RQ-122,SwiftFile Records,Keystone Auto Group,2025-02-13,68.40,Paid,2025-03-02,
INV-70519,REQ-40566,RQ-122,SwiftFile Records,Keystone Auto Group,2025-03-05,64.90,Paid,2025-03-18,
INV-70520,REQ-40567,RQ-128,Lakeside Mutual,Keystone Auto Group,2025-03-03,46.35,Paid,2025-03-15,
INV-70521,REQ-40568,RQ-121,RecordPoint Retrieval,Keystone Auto Group,2025-02-18,66.30,Open,,
INV-70522,REQ-40569,RQ-108,Salas Trial Lawyers,Keystone Auto Group,2025-03-03,57.90,Paid,2025-03-20,
INV-70523,REQ-40570,RQ-130,Sterling Auto Insurance,Keystone Auto Group,2025-02-11,100.60,Paid,2025-02-26,
INV-70524,REQ-40571,RQ-120,Beaumont Stark,Keystone Auto Group,2025-02-17,39.35,Paid,2025-03-01,
INV-70525,REQ-40572,RQ-112,Abernathy Law,Keystone Auto Group,2025-02-19,153.80,Paid,2025-02-25,
INV-70526,REQ-40573,RQ-107,Park & Levine,Keystone Auto Group,2025-03-05,51.95,Paid,2025-03-23,
INV-70527,REQ-40575,RQ-125,ClearPath Records,Keystone Auto Group,2025-03-04,35.85,Paid,2025-03-18,
INV-70528,REQ-40576,RQ-127,Pioneer Standard Insurance,Keystone Auto Group,2025-02-18,94.30,Paid,2025-03-02,
INV-70529,REQ-40577,RQ-124,Keystone Record Retrieval,Keystone Auto Group,2025-02-10,56.85,Paid,2025-02-16,
INV-70530,REQ-40578,RQ-122,SwiftFile Records,Keystone Auto Group,2025-03-04,67.70,Paid,2025-03-08,
INV-70531,REQ-40579,RQ-130,Sterling Auto Insurance,Keystone Auto Group,2025-02-28,66.65,Paid,2025-03-02,
INV-70532,REQ-40580,RQ-102,Delgado Law Group,Keystone Auto Group,2025-03-03,58.60,Paid,2025-03-17,
INV-70533,REQ-40581,RQ-124,Keystone Record Retrieval,Tri-County Workers' Comp Fund,2025-02-06,46.70,Cancelled,,Duplicate request
INV-70534,REQ-40582,RQ-115,Lindqvist Defense,Tri-County Workers' Comp Fund,2025-02-20,75.40,Paid,2025-02-27,
INV-70535,REQ-40583,RQ-114,Tate & Winslow,Tri-County Workers' Comp Fund,2025-03-07,44.95,Paid,2025-03-19,
INV-70536,REQ-40585,RQ-126,Summit Chart Services,Tri-County Workers' Comp Fund,2025-02-27,59.65,Paid,2025-03-10,
INV-70537,REQ-40586,RQ-130,Sterling Auto Insurance,Tri-County Workers' Comp Fund,2025-03-10,81.35,Paid,2025-03-16,
INV-70538,REQ-40588,RQ-105,Brennan Hale PC,Tri-County Workers' Comp Fund,2025-02-24,97.10,Paid,2025-03-06,
INV-70539,REQ-40592,RQ-118,Pruitt Legal Group,Tri-County Workers' Comp Fund,2025-02-20,74.70,Paid,2025-03-03,
INV-70540,REQ-40593,RQ-106,Ostrowski Legal,Tri-County Workers' Comp Fund,2025-02-27,47.05,Open,,
INV-70541,REQ-40595,RQ-121,RecordPoint Retrieval,Tri-County Workers' Comp Fund,2025-02-21,65.25,Paid,2025-03-08,
INV-70542,REQ-40597,RQ-107,Park & Levine,Tri-County Workers' Comp Fund,2025-02-13,77.85,Paid,2025-02-18,
INV-70543,REQ-40598,RQ-120,Beaumont Stark,Tri-County Workers' Comp Fund,2025-02-24,55.10,Paid,2025-03-11,
INV-70544,REQ-40599,RQ-121,RecordPoint Retrieval,Tri-County Workers' Comp Fund,2025-03-05,56.85,Open,,
INV-70545,REQ-40600,RQ-121,RecordPoint Retrieval,Tri-County Workers' Comp Fund,2025-02-20,96.05,Paid,2025-02-26,
INV-70546,REQ-40601,RQ-102,Delgado Law Group,Tri-County Workers' Comp Fund,2025-02-12,70.85,Paid,2025-02-23,
INV-70547,REQ-40602,RQ-110,Marchetti & Cole,Tri-County Workers' Comp Fund,2025-02-17,144.70,Paid,2025-03-07,
INV-70548,REQ-40603,RQ-111,Ferris Nguyen LLP,Tri-County Workers' Comp Fund,2025-03-05,105.85,Paid,2025-03-07,
INV-70549,REQ-40604,RQ-102,Delgado Law Group,Tri-County Workers' Comp Fund,2025-02-28,41.80,Paid,2025-03-08,
INV-70550,REQ-40608,RQ-119,Quinlan & Ames,Tri-County Workers' Comp Fund,2025-02-25,94.65,Paid,2025-03-05,
INV-70551,REQ-40609,RQ-108,Salas Trial Lawyers,Tri-County Workers' Comp Fund,2025-02-12,58.25,Paid,2025-02-24,
INV-70552,REQ-40610,RQ-115,Lindqvist Defense,Tri-County Workers' Comp Fund,2025-02-13,121.95,Open,,
INV-70553,REQ-40611,RQ-121,RecordPoint Retrieval,Tri-County Workers' Comp Fund,2025-02-06,65.95,Cancelled,,No records found
INV-70554,REQ-40612,RQ-124,Keystone Record Retrieval,Tri-County Workers' Comp Fund,2025-02-07,77.85,Paid,2025-02-14,
INV-70555,REQ-40613,RQ-122,SwiftFile Records,Tri-County Workers' Comp Fund,2025-02-18,145.40,Paid,2025-02-24,
INV-70556,REQ-40614,RQ-128,Lakeside Mutual,Tri-County Workers' Comp Fund,2025-02-25,97.80,Open,,
INV-70557,REQ-40615,RQ-117,Iverson Goldberg,Tri-County Workers' Comp Fund,2025-03-05,90.45,Paid,2025-03-22,
INV-70558,REQ-40616,RQ-125,ClearPath Records,Tri-County Workers' Comp Fund,2025-02-20,57.20,Paid,2025-03-03,
INV-70559,REQ-40617,RQ-105,Brennan Hale PC,Tri-County Workers' Comp Fund,2025-02-27,47.40,Open,,
INV-70560,REQ-40618,RQ-101,Morrison & Pratt LLP,Tri-County Workers' Comp Fund,2025-02-18,111.45,Cancelled,,Duplicate request
INV-70561,REQ-40619,RQ-121,RecordPoint Retrieval,Tri-County Workers' Comp Fund,2025-03-03,68.75,Open,,
INV-70562,REQ-40620,RQ-115,Lindqvist Defense,Beacon Casualty Company,2025-02-27,48.80,Paid,2025-03-17,
INV-70563,REQ-40621,RQ-113,Grayson Poole,Beacon Casualty Company,2025-02-17,72.95,Paid,2025-02-27,
INV-70564,REQ-40622,RQ-109,Hudson Valley Injury Law,Beacon Casualty Company,2025-02-28,162.20,Paid,2025-03-17,
INV-70565,REQ-40624,RQ-101,Morrison & Pratt LLP,Beacon Casualty Company,2025-02-17,81.70,Cancelled,,Duplicate request
INV-70566,REQ-40625,RQ-101,Morrison & Pratt LLP,Beacon Casualty Company,2025-03-04,74.00,Paid,2025-03-20,
INV-70567,REQ-40626,RQ-121,RecordPoint Retrieval,Beacon Casualty Company,2025-02-10,48.45,Open,,
INV-70568,REQ-40627,RQ-121,RecordPoint Retrieval,Beacon Casualty Company,2025-02-21,40.05,Open,,
INV-70569,REQ-40628,RQ-104,Whitcombe & Rao,Beacon Casualty Company,2025-02-18,91.85,Paid,2025-02-26,
INV-70570,REQ-40629,RQ-121,RecordPoint Retrieval,Beacon Casualty Company,2025-02-18,86.25,Open,,
INV-70571,REQ-40630,RQ-128,Lakeside Mutual,Beacon Casualty Company,2025-03-06,34.45,Paid,2025-03-16,
INV-70572,REQ-40632,RQ-121,RecordPoint Retrieval,Beacon Casualty Company,2025-02-19,40.40,Paid,2025-02-21,
INV-70573,REQ-40633,RQ-101,Morrison & Pratt LLP,Beacon Casualty Company,2025-02-19,57.90,Paid,2025-03-04,
INV-70574,REQ-40634,RQ-126,Summit Chart Services,Beacon Casualty Company,2025-02-20,63.50,Paid,2025-03-09,
INV-70575,REQ-40635,RQ-120,Beaumont Stark,Beacon Casualty Company,2025-02-24,54.40,Paid,2025-03-11,
INV-70576,REQ-40636,RQ-121,RecordPoint Retrieval,Beacon Casualty Company,2025-02-07,51.60,Open,,
INV-70577,REQ-40637,RQ-122,SwiftFile Records,Beacon Casualty Company,2025-02-24,51.95,Paid,2025-02-27,
INV-70578,REQ-40638,RQ-112,Abernathy Law,Beacon Casualty Company,2025-02-14,66.30,Paid,2025-03-02,
INV-70579,REQ-40639,RQ-109,Hudson Valley Injury Law,Beacon Casualty Company,2025-02-07,38.30,Paid,2025-02-21,
INV-70580,REQ-40640,RQ-102,Delgado Law Group,Beacon Casualty Company,2025-02-10,73.65,Cancelled,,Duplicate request
INV-70581,REQ-40641,RQ-103,Kessler Injury Attorneys,Beacon Casualty Company,2025-03-06,45.30,Open,,
INV-70582,REQ-40642,RQ-101,Morrison & Pratt LLP,Beacon Casualty Company,2025-03-03,58.95,Paid,2025-03-18,
INV-70583,REQ-40644,RQ-118,Pruitt Legal Group,Beacon Casualty Company,2025-03-04,95.70,Paid,2025-03-18,
INV-70584,REQ-40646,RQ-126,Summit Chart Services,Beacon Casualty Company,2025-02-28,57.20,Paid,2025-03-06,
INV-70585,REQ-40647,RQ-101,Morrison & Pratt LLP,Beacon Casualty Company,2025-02-24,82.05,Paid,2025-02-28,
INV-70586,REQ-40648,RQ-125,ClearPath Records,Beacon Casualty Company,2025-02-14,228.00,Paid,2025-02-23,
INV-70587,REQ-40649,RQ-115,Lindqvist Defense,Beacon Casualty Company,2025-02-13,67.00,Paid,2025-02-23,
INV-70588,REQ-40650,RQ-102,Delgado Law Group,Beacon Casualty Company,2025-02-17,118.80,Open,,
INV-70589,REQ-40651,RQ-103,Kessler Injury Attorneys,Beacon Casualty Company,2025-02-28,78.20,Paid,2025-03-05,
INV-70590,REQ-40652,RQ-122,SwiftFile Records,Beacon Casualty Company,2025-02-13,68.40,Paid,2025-03-03,
INV-70591,REQ-40653,RQ-107,Park & Levine,Beacon Casualty Company,2025-02-19,44.60,Paid,2025-02-21,
INV-70592,REQ-40654,RQ-122,SwiftFile Records,Beacon Casualty Company,2025-03-05,86.60,Paid,2025-03-22,
INV-70593,REQ-40655,RQ-108,Salas Trial Lawyers,Beacon Casualty Company,2025-02-21,70.15,Paid,2025-03-03,
INV-70594,REQ-40656,RQ-105,Brennan Hale PC,Beacon Casualty Company,2025-03-03,56.50,Paid,2025-03-18,
INV-70595,REQ-40658,RQ-123,DocuTrace Services,Beacon Casualty Company,2025-03-03,106.20,Paid,2025-03-08,
INV-70596,REQ-40659,RQ-121,RecordPoint Retrieval,Beacon Casualty Company,2025-02-14,57.55,Paid,2025-02-20,
INV-70597,REQ-40660,RQ-104,Whitcombe & Rao,Beacon Casualty Company,2025-02-26,67.00,Paid,2025-03-06,
INV-70598,REQ-40661,RQ-101,Morrison & Pratt LLP,Beacon Casualty Company,2025-02-19,53.00,Cancelled,,Duplicate request
INV-70599,REQ-40662,RQ-101,Morrison & Pratt LLP,Beacon Casualty Company,2025-02-14,69.45,Paid,2025-03-04,
INV-70600,REQ-40663,RQ-101,Morrison & Pratt LLP,Northfork Insurance Co.,2025-03-03,102.70,Cancelled,,Duplicate request
INV-70601,REQ-40664,RQ-121,RecordPoint Retrieval,Northfork Insurance Co.,2025-02-13,47.40,Paid,2025-03-01,
INV-70602,REQ-40665,RQ-101,Morrison & Pratt LLP,Northfork Insurance Co.,2025-02-13,74.35,Paid,2025-02-23,
INV-70603,REQ-40666,RQ-101,Morrison & Pratt LLP,Northfork Insurance Co.,2025-02-13,154.50,Paid,2025-03-02,
INV-70604,REQ-40668,RQ-111,Ferris Nguyen LLP,Northfork Insurance Co.,2025-02-28,67.70,Paid,2025-03-05,
INV-70605,REQ-40669,RQ-125,ClearPath Records,Northfork Insurance Co.,2025-02-18,66.65,Paid,2025-02-28,
INV-70606,REQ-40670,RQ-120,Beaumont Stark,Northfork Insurance Co.,2025-02-10,59.65,Paid,2025-02-19,
INV-70607,REQ-40672,RQ-129,Evergreen Casualty,Northfork Insurance Co.,2025-03-07,49.85,Paid,2025-03-10,
INV-70608,REQ-40673,RQ-104,Whitcombe & Rao,Northfork Insurance Co.,2025-02-28,127.20,Paid,2025-03-06,
INV-70609,REQ-40674,RQ-101,Morrison & Pratt LLP,Northfork Insurance Co.,2025-02-21,40.05,Paid,2025-03-08,
INV-70610,REQ-40675,RQ-126,Summit Chart Services,Northfork Insurance Co.,2025-02-13,60.70,Paid,2025-02-22,
INV-70611,REQ-40676,RQ-116,Carver Moss LLP,Northfork Insurance Co.,2025-02-17,61.05,Cancelled,,Request withdrawn
INV-70612,REQ-40677,RQ-124,Keystone Record Retrieval,Northfork Insurance Co.,2025-02-26,99.20,Open,,
INV-70613,REQ-40678,RQ-116,Carver Moss LLP,Northfork Insurance Co.,2025-02-24,118.10,Paid,2025-03-05,
INV-70614,REQ-40679,RQ-125,ClearPath Records,Northfork Insurance Co.,2025-02-20,102.70,Cancelled,,Duplicate request
INV-70615,REQ-40681,RQ-126,Summit Chart Services,Northfork Insurance Co.,2025-02-07,97.80,Paid,2025-02-18,
INV-70616,REQ-40682,RQ-103,Kessler Injury Attorneys,Northfork Insurance Co.,2025-02-24,38.30,Cancelled,,No records found
INV-70617,REQ-40683,RQ-114,Tate & Winslow,Northfork Insurance Co.,2025-03-03,40.05,Paid,2025-03-17,
INV-70618,REQ-40684,RQ-125,ClearPath Records,Northfork Insurance Co.,2025-03-06,84.15,Paid,2025-03-15,
INV-70619,REQ-40685,RQ-101,Morrison & Pratt LLP,Northfork Insurance Co.,2025-02-17,54.05,Open,,
INV-70620,REQ-40686,RQ-107,Park & Levine,Northfork Insurance Co.,2025-02-06,55.45,Paid,2025-02-13,
INV-70621,REQ-40687,RQ-128,Lakeside Mutual,Northfork Insurance Co.,2025-03-05,119.50,Paid,2025-03-13,
INV-70622,REQ-40688,RQ-102,Delgado Law Group,Northfork Insurance Co.,2025-02-17,43.55,Cancelled,,No records found
INV-70623,REQ-40689,RQ-126,Summit Chart Services,Northfork Insurance Co.,2025-02-27,84.15,Paid,2025-03-05,
INV-70624,REQ-40690,RQ-124,Keystone Record Retrieval,Northfork Insurance Co.,2025-02-14,76.80,Paid,2025-02-25,
INV-70625,REQ-40691,RQ-104,Whitcombe & Rao,Northfork Insurance Co.,2025-02-27,67.00,Paid,2025-03-10,
INV-70626,REQ-40692,RQ-103,Kessler Injury Attorneys,Meridian Auto & Home,2025-02-20,97.45,Paid,2025-03-06,
INV-70627,REQ-40693,RQ-123,DocuTrace Services,Meridian Auto & Home,2025-02-10,73.30,Paid,2025-02-18,
INV-70628,REQ-40694,RQ-127,Pioneer Standard Insurance,Meridian Auto & Home,2025-02-24,74.70,Paid,2025-03-12,
INV-70629,REQ-40695,RQ-126,Summit Chart Services,Meridian Auto & Home,2025-03-05,51.60,Paid,2025-03-18,
INV-70630,REQ-40696,RQ-121,RecordPoint Retrieval,Meridian Auto & Home,2025-02-24,45.65,Paid,2025-03-05,
INV-70631,REQ-40697,RQ-107,Park & Levine,Meridian Auto & Home,2025-02-25,51.25,Paid,2025-03-14,
INV-70632,REQ-40698,RQ-105,Brennan Hale PC,Meridian Auto & Home,2025-02-21,85.55,Paid,2025-03-02,
INV-70633,REQ-40700,RQ-121,RecordPoint Retrieval,Meridian Auto & Home,2025-02-06,96.05,Paid,2025-02-12,
INV-70634,REQ-40701,RQ-101,Morrison & Pratt LLP,Meridian Auto & Home,2025-02-17,64.90,Paid,2025-02-25,
INV-70635,REQ-40702,RQ-101,Morrison & Pratt LLP,Meridian Auto & Home,2025-02-10,67.35,Cancelled,,Duplicate request
INV-70636,REQ-40703,RQ-126,Summit Chart Services,Meridian Auto & Home,2025-03-10,59.30,Paid,2025-03-15,
INV-70637,REQ-40704,RQ-121,RecordPoint Retrieval,Meridian Auto & Home,2025-02-12,39.00,Open,,
INV-70638,REQ-40705,RQ-121,RecordPoint Retrieval,Meridian Auto & Home,2025-02-24,45.65,Open,,
INV-70639,REQ-40706,RQ-121,RecordPoint Retrieval,Meridian Auto & Home,2025-03-04,63.85,Paid,2025-03-13,
INV-70640,REQ-40707,RQ-118,Pruitt Legal Group,Meridian Auto & Home,2025-02-19,56.85,Paid,2025-02-24,
INV-70641,REQ-40708,RQ-120,Beaumont Stark,Meridian Auto & Home,2025-02-26,62.10,Open,,
INV-70642,REQ-40709,RQ-115,Lindqvist Defense,Meridian Auto & Home,2025-02-21,44.95,Paid,2025-02-28,
INV-70643,REQ-40710,RQ-128,Lakeside Mutual,Meridian Auto & Home,2025-02-19,65.25,Paid,2025-03-08,
INV-70644,REQ-40711,RQ-128,Lakeside Mutual,Meridian Auto & Home,2025-02-13,157.65,Paid,2025-03-03,
INV-70645,REQ-40712,RQ-118,Pruitt Legal Group,Meridian Auto & Home,2025-02-19,86.95,Paid,2025-03-05,
INV-70646,REQ-40713,RQ-124,Keystone Record Retrieval,Meridian Auto & Home,2025-02-21,86.60,Paid,2025-03-06,
INV-70647,REQ-40714,RQ-111,Ferris Nguyen LLP,Meridian Auto & Home,2025-02-19,65.60,Paid,2025-02-27,
INV-70648,REQ-40715,RQ-107,Park & Levine,Meridian Auto & Home,2025-02-19,67.00,Paid,2025-03-02,
INV-70649,REQ-40716,RQ-101,Morrison & Pratt LLP,Atlas Comp Services,2025-02-28,49.85,Paid,2025-03-09,
INV-70650,REQ-40720,RQ-118,Pruitt Legal Group,Atlas Comp Services,2025-02-10,41.10,Paid,2025-02-23,
INV-70651,REQ-40722,RQ-116,Carver Moss LLP,Atlas Comp Services,2025-03-06,47.75,Paid,2025-03-12,
INV-70652,REQ-40723,RQ-124,Keystone Record Retrieval,Atlas Comp Services,2025-02-25,60.35,Paid,2025-03-06,
INV-70653,REQ-40724,RQ-105,Brennan Hale PC,Atlas Comp Services,2025-03-06,130.35,Paid,2025-03-17,
INV-70654,REQ-40725,RQ-118,Pruitt Legal Group,Atlas Comp Services,2025-02-17,170.60,Cancelled,,Duplicate request
INV-70655,REQ-40727,RQ-123,DocuTrace Services,Atlas Comp Services,2025-02-26,80.65,Paid,2025-03-06,
INV-70656,REQ-40728,RQ-111,Ferris Nguyen LLP,Atlas Comp Services,2025-03-07,79.95,Paid,2025-03-15,
INV-70657,REQ-40729,RQ-125,ClearPath Records,Atlas Comp Services,2025-03-03,136.65,Paid,2025-03-18,
INV-70658,REQ-40730,RQ-128,Lakeside Mutual,Atlas Comp Services,2025-03-07,160.10,Paid,2025-03-24,
INV-70659,REQ-40731,RQ-115,Lindqvist Defense,Atlas Comp Services,2025-03-04,37.25,Paid,2025-03-06,
INV-70660,REQ-40733,RQ-103,Kessler Injury Attorneys,Atlas Comp Services,2025-02-28,63.85,Cancelled,,No records found
INV-70661,REQ-40734,RQ-118,Pruitt Legal Group,Atlas Comp Services,2025-02-21,32.70,Paid,2025-03-03,
INV-70662,REQ-40735,RQ-110,Marchetti & Cole,Atlas Comp Services,2025-02-27,52.30,Open,,
INV-70663,REQ-40737,RQ-119,Quinlan & Ames,Harborline Mutual Insurance,2025-03-27,72.60,Paid,2025-04-01,
INV-70664,REQ-40738,RQ-110,Marchetti & Cole,Harborline Mutual Insurance,2025-03-19,59.65,Paid,2025-03-23,
INV-70665,REQ-40739,RQ-124,Keystone Record Retrieval,Harborline Mutual Insurance,2025-03-25,36.20,Open,,
INV-70666,REQ-40740,RQ-125,ClearPath Records,Harborline Mutual Insurance,2025-03-24,40.40,Paid,2025-03-26,
INV-70667,REQ-40741,RQ-121,RecordPoint Retrieval,Harborline Mutual Insurance,2025-03-25,116.70,Paid,2025-04-09,
INV-70668,REQ-40742,RQ-113,Grayson Poole,Harborline Mutual Insurance,2025-03-31,50.90,Paid,2025-04-04,
INV-70669,REQ-40743,RQ-113,Grayson Poole,Harborline Mutual Insurance,2025-03-13,41.80,Paid,2025-03-15,
INV-70670,REQ-40744,RQ-101,Morrison & Pratt LLP,Harborline Mutual Insurance,2025-03-13,76.45,Paid,2025-03-15,
INV-70671,REQ-40746,RQ-129,Evergreen Casualty,Harborline Mutual Insurance,2025-03-11,65.60,Paid,2025-03-23,
INV-70672,REQ-40747,RQ-106,Ostrowski Legal,Harborline Mutual Insurance,2025-03-18,38.65,Paid,2025-03-21,
INV-70673,REQ-40748,RQ-124,Keystone Record Retrieval,Harborline Mutual Insurance,2025-04-01,64.55,Paid,2025-04-06,
INV-70674,REQ-40749,RQ-121,RecordPoint Retrieval,Harborline Mutual Insurance,2025-03-24,184.95,Paid,2025-04-05,
INV-70675,REQ-40750,RQ-105,Brennan Hale PC,Harborline Mutual Insurance,2025-03-12,73.65,Paid,2025-03-29,
INV-70676,REQ-40751,RQ-127,Pioneer Standard Insurance,Harborline Mutual Insurance,2025-04-01,51.25,Paid,2025-04-07,
INV-70677,REQ-40752,RQ-120,Beaumont Stark,Harborline Mutual Insurance,2025-03-11,66.65,Paid,2025-03-21,
INV-70678,REQ-40753,RQ-128,Lakeside Mutual,Harborline Mutual Insurance,2025-04-03,66.30,Paid,2025-04-09,
INV-70679,REQ-40754,RQ-112,Abernathy Law,Harborline Mutual Insurance,2025-03-28,41.45,Paid,2025-04-02,
INV-70680,REQ-40756,RQ-101,Morrison & Pratt LLP,Harborline Mutual Insurance,2025-03-28,58.60,Paid,2025-04-13,
INV-70681,REQ-40757,RQ-117,Iverson Goldberg,Harborline Mutual Insurance,2025-03-19,99.55,Paid,2025-03-22,
INV-70682,REQ-40758,RQ-110,Marchetti & Cole,Harborline Mutual Insurance,2025-04-02,100.60,Paid,2025-04-13,
INV-70683,REQ-40759,RQ-129,Evergreen Casualty,Harborline Mutual Insurance,2025-03-25,141.20,Paid,2025-04-02,
INV-70684,REQ-40760,RQ-127,Pioneer Standard Insurance,Harborline Mutual Insurance,2025-03-26,92.20,Paid,2025-03-30,
INV-70685,REQ-40761,RQ-123,DocuTrace Services,Harborline Mutual Insurance,2025-03-07,186.70,Paid,2025-03-21,
INV-70686,REQ-40762,RQ-130,Sterling Auto Insurance,Harborline Mutual Insurance,2025-03-27,91.15,Paid,2025-04-10,
INV-70687,REQ-40763,RQ-121,RecordPoint Retrieval,Harborline Mutual Insurance,2025-03-24,74.70,Open,,
INV-70688,REQ-40764,RQ-121,RecordPoint Retrieval,Harborline Mutual Insurance,2025-03-12,150.30,Paid,2025-03-26,
INV-70689,REQ-40765,RQ-117,Iverson Goldberg,Harborline Mutual Insurance,2025-03-25,106.20,Paid,2025-04-02,
INV-70690,REQ-40766,RQ-101,Morrison & Pratt LLP,Harborline Mutual Insurance,2025-03-21,142.60,Open,,
INV-70691,REQ-40767,RQ-121,RecordPoint Retrieval,Harborline Mutual Insurance,2025-03-20,58.25,Open,,
INV-70692,REQ-40768,RQ-121,RecordPoint Retrieval,Harborline Mutual Insurance,2025-03-10,60.00,Open,,
INV-70693,REQ-40769,RQ-124,Keystone Record Retrieval,Harborline Mutual Insurance,2025-03-13,55.10,Paid,2025-03-30,
INV-70694,REQ-40770,RQ-121,RecordPoint Retrieval,Harborline Mutual Insurance,2025-03-27,67.00,Open,,
INV-70695,REQ-40771,RQ-115,Lindqvist Defense,Harborline Mutual Insurance,2025-04-04,75.75,Paid,2025-04-13,
INV-70696,REQ-40772,RQ-113,Grayson Poole,Harborline Mutual Insurance,2025-03-28,55.45,Open,,
INV-70697,REQ-40773,RQ-104,Whitcombe & Rao,Harborline Mutual Insurance,2025-03-12,47.40,Paid,2025-03-27,
INV-70698,REQ-40774,RQ-117,Iverson Goldberg,Harborline Mutual Insurance,2025-03-14,82.40,Paid,2025-03-17,
INV-70699,REQ-40775,RQ-128,Lakeside Mutual,Harborline Mutual Insurance,2025-04-01,100.95,Paid,2025-04-12,
INV-70700,REQ-40776,RQ-126,Summit Chart Services,Harborline Mutual Insurance,2025-03-19,104.45,Paid,2025-04-05,
INV-70701,REQ-40777,RQ-101,Morrison & Pratt LLP,Harborline Mutual Insurance,2025-03-31,45.30,Paid,2025-04-05,
INV-70702,REQ-40778,RQ-108,Salas Trial Lawyers,Harborline Mutual Insurance,2025-03-24,48.10,Paid,2025-04-11,
INV-70703,REQ-40779,RQ-123,DocuTrace Services,Harborline Mutual Insurance,2025-03-18,174.45,Paid,2025-03-25,
INV-70704,REQ-40780,RQ-101,Morrison & Pratt LLP,Harborline Mutual Insurance,2025-03-20,147.85,Paid,2025-03-24,
INV-70705,REQ-40781,RQ-130,Sterling Auto Insurance,Harborline Mutual Insurance,2025-03-12,70.85,Open,,
INV-70706,REQ-40782,RQ-102,Delgado Law Group,Harborline Mutual Insurance,2025-03-28,51.60,Paid,2025-04-14,
INV-70707,REQ-40783,RQ-104,Whitcombe & Rao,Harborline Mutual Insurance,2025-03-17,55.10,Cancelled,,Request withdrawn
INV-70708,REQ-40784,RQ-111,Ferris Nguyen LLP,Harborline Mutual Insurance,2025-03-24,105.15,Paid,2025-03-27,
INV-70709,REQ-40786,RQ-120,Beaumont Stark,Harborline Mutual Insurance,2025-03-20,59.65,Paid,2025-04-02,
INV-70710,REQ-40787,RQ-126,Summit Chart Services,Harborline Mutual Insurance,2025-03-19,161.50,Open,,
INV-70711,REQ-40789,RQ-122,SwiftFile Records,Harborline Mutual Insurance,2025-03-28,98.15,Paid,2025-04-12,
INV-70712,REQ-40790,RQ-121,RecordPoint Retrieval,Harborline Mutual Insurance,2025-04-02,92.20,Paid,2025-04-08,
INV-70713,REQ-40791,RQ-125,ClearPath Records,Harborline Mutual Insurance,2025-03-19,53.00,Paid,2025-03-25,
INV-70714,REQ-40792,RQ-101,Morrison & Pratt LLP,Harborline Mutual Insurance,2025-03-13,59.65,Paid,2025-03-29,
INV-70715,REQ-40794,RQ-121,RecordPoint Retrieval,Harborline Mutual Insurance,2025-03-21,68.05,Open,,
INV-70716,REQ-40795,RQ-117,Iverson Goldberg,Harborline Mutual Insurance,2025-03-20,74.35,Paid,2025-03-22,
INV-70717,REQ-40796,RQ-123,DocuTrace Services,Harborline Mutual Insurance,2025-03-07,85.20,Paid,2025-03-12,
INV-70718,REQ-40797,RQ-110,Marchetti & Cole,Harborline Mutual Insurance,2025-03-07,63.50,Paid,2025-03-17,
INV-70719,REQ-40799,RQ-101,Morrison & Pratt LLP,Harborline Mutual Insurance,2025-03-31,71.20,Paid,2025-04-17,
INV-70720,REQ-40800,RQ-103,Kessler Injury Attorneys,Harborline Mutual Insurance,2025-03-28,84.50,Paid,2025-04-09,
INV-70721,REQ-40801,RQ-114,Tate & Winslow,Harborline Mutual Insurance,2025-03-18,44.60,Paid,2025-03-24,
INV-70722,REQ-40802,RQ-109,Hudson Valley Injury Law,Harborline Mutual Insurance,2025-03-27,44.95,Paid,2025-04-03,
INV-70723,REQ-40803,RQ-108,Salas Trial Lawyers,Harborline Mutual Insurance,2025-03-19,93.25,Paid,2025-04-04,
INV-70724,REQ-40804,RQ-126,Summit Chart Services,Harborline Mutual Insurance,2025-03-26,77.85,Paid,2025-04-07,
INV-70725,REQ-40805,RQ-117,Iverson Goldberg,Harborline Mutual Insurance,2025-03-28,69.10,Paid,2025-04-04,
INV-70726,REQ-40806,RQ-130,Sterling Auto Insurance,Harborline Mutual Insurance,2025-03-18,183.20,Paid,2025-04-02,
INV-70727,REQ-40807,RQ-109,Hudson Valley Injury Law,Harborline Mutual Insurance,2025-04-02,68.40,Paid,2025-04-20,
INV-70728,REQ-40809,RQ-119,Quinlan & Ames,Granite Shield Insurance,2025-03-31,64.90,Paid,2025-04-15,
INV-70729,REQ-40810,RQ-127,Pioneer Standard Insurance,Granite Shield Insurance,2025-03-14,111.10,Paid,2025-04-01,
INV-70730,REQ-40811,RQ-122,SwiftFile Records,Granite Shield Insurance,2025-03-13,49.50,Open,,
INV-70731,REQ-40812,RQ-101,Morrison & Pratt LLP,Granite Shield Insurance,2025-03-14,56.15,Paid,2025-03-31,
INV-70732,REQ-40813,RQ-130,Sterling Auto Insurance,Granite Shield Insurance,2025-03-07,71.20,Paid,2025-03-22,
INV-70733,REQ-40814,RQ-127,Pioneer Standard Insurance,Granite Shield Insurance,2025-03-24,58.95,Paid,2025-03-29,
INV-70734,REQ-40815,RQ-123,DocuTrace Services,Granite Shield Insurance,2025-03-26,68.75,Paid,2025-04-12,
INV-70735,REQ-40816,RQ-128,Lakeside Mutual,Granite Shield Insurance,2025-03-04,103.75,Paid,2025-03-17,
INV-70736,REQ-40817,RQ-122,SwiftFile Records,Granite Shield Insurance,2025-03-14,77.85,Paid,2025-03-28,
INV-70737,REQ-40818,RQ-130,Sterling Auto Insurance,Granite Shield Insurance,2025-03-25,167.80,Open,,
INV-70738,REQ-40819,RQ-103,Kessler Injury Attorneys,Granite Shield Insurance,2025-03-11,112.15,Paid,2025-03-22,
INV-70739,REQ-40820,RQ-126,Summit Chart Services,Granite Shield Insurance,2025-03-27,74.70,Open,,
INV-70740,REQ-40821,RQ-121,RecordPoint Retrieval,Granite Shield Insurance,2025-04-07,51.25,Paid,2025-04-11,
INV-70741,REQ-40823,RQ-112,Abernathy Law,Granite Shield Insurance,2025-03-14,159.05,Paid,2025-03-24,
INV-70742,REQ-40824,RQ-113,Grayson Poole,Granite Shield Insurance,2025-03-05,43.20,Paid,2025-03-19,
INV-70743,REQ-40825,RQ-114,Tate & Winslow,Granite Shield Insurance,2025-04-07,76.80,Paid,2025-04-25,
INV-70744,REQ-40826,RQ-117,Iverson Goldberg,Granite Shield Insurance,2025-03-19,79.60,Paid,2025-04-06,
INV-70745,REQ-40827,RQ-127,Pioneer Standard Insurance,Granite Shield Insurance,2025-03-31,55.10,Paid,2025-04-06,
INV-70746,REQ-40828,RQ-104,Whitcombe & Rao,Granite Shield Insurance,2025-04-03,47.05,Paid,2025-04-13,
INV-70747,REQ-40829,RQ-130,Sterling Auto Insurance,Granite Shield Insurance,2025-03-11,65.25,Paid,2025-03-16,
INV-70748,REQ-40830,RQ-130,Sterling Auto Insurance,Granite Shield Insurance,2025-03-21,70.15,Paid,2025-03-24,
INV-70749,REQ-40831,RQ-103,Kessler Injury Attorneys,Granite Shield Insurance,2025-03-28,51.95,Paid,2025-04-02,
INV-70750,REQ-40832,RQ-124,Keystone Record Retrieval,Granite Shield Insurance,2025-04-02,176.90,Paid,2025-04-08,
INV-70751,REQ-40833,RQ-109,Hudson Valley Injury Law,Granite Shield Insurance,2025-03-11,133.85,Paid,2025-03-21,
INV-70752,REQ-40834,RQ-115,Lindqvist Defense,Granite Shield Insurance,2025-04-01,104.80,Paid,2025-04-06,
INV-70753,REQ-40835,RQ-125,ClearPath Records,Granite Shield Insurance,2025-03-24,39.70,Open,,
INV-70754,REQ-40836,RQ-119,Quinlan & Ames,Granite Shield Insurance,2025-03-18,44.25,Paid,2025-03-22,
INV-70755,REQ-40837,RQ-126,Summit Chart Services,Granite Shield Insurance,2025-03-21,57.90,Paid,2025-04-03,
INV-70756,REQ-40838,RQ-102,Delgado Law Group,Granite Shield Insurance,2025-03-13,49.15,Paid,2025-03-20,
INV-70757,REQ-40839,RQ-104,Whitcombe & Rao,Granite Shield Insurance,2025-03-31,100.60,Paid,2025-04-18,
INV-70758,REQ-40840,RQ-103,Kessler Injury Attorneys,Granite Shield Insurance,2025-03-24,33.75,Paid,2025-04-11,
INV-70759,REQ-40841,RQ-113,Grayson Poole,Granite Shield Insurance,2025-03-10,50.90,Open,,
INV-70760,REQ-40842,RQ-126,Summit Chart Services,Granite Shield Insurance,2025-03-07,58.60,Paid,2025-03-15,
INV-70761,REQ-40843,RQ-121,RecordPoint Retrieval,Granite Shield Insurance,2025-03-13,52.65,Open,,
INV-70762,REQ-40844,RQ-121,RecordPoint Retrieval,Granite Shield Insurance,2025-03-20,108.30,Open,,
INV-70763,REQ-40845,RQ-113,Grayson Poole,Granite Shield Insurance,2025-03-18,50.55,Paid,2025-03-26,
INV-70764,REQ-40846,RQ-123,DocuTrace Services,Granite Shield Insurance,2025-03-12,116.35,Paid,2025-03-27,
INV-70765,REQ-40847,RQ-104,Whitcombe & Rao,Granite Shield Insurance,2025-03-10,92.90,Paid,2025-03-24,
INV-70766,REQ-40848,RQ-109,Hudson Valley Injury Law,Granite Shield Insurance,2025-03-07,48.45,Paid,2025-03-20,
INV-70767,REQ-40849,RQ-106,Ostrowski Legal,Granite Shield Insurance,2025-04-02,86.25,Paid,2025-04-18,
INV-70768,REQ-40850,RQ-122,SwiftFile Records,Granite Shield Insurance,2025-03-17,78.90,Paid,2025-04-01,
INV-70769,REQ-40851,RQ-125,ClearPath Records,Granite Shield Insurance,2025-03-14,180.40,Paid,2025-03-19,
INV-70770,REQ-40852,RQ-112,Abernathy Law,Granite Shield Insurance,2025-03-18,93.95,Paid,2025-04-04,
INV-70771,REQ-40853,RQ-109,Hudson Valley Injury Law,Granite Shield Insurance,2025-03-21,59.65,Paid,2025-03-28,
INV-70772,REQ-40854,RQ-118,Pruitt Legal Group,Granite Shield Insurance,2025-03-21,147.50,Paid,2025-04-02,
INV-70773,REQ-40855,RQ-121,RecordPoint Retrieval,Granite Shield Insurance,2025-03-31,50.20,Open,,
INV-70774,REQ-40857,RQ-119,Quinlan & Ames,Granite Shield Insurance,2025-03-11,128.25,Paid,2025-03-23,
INV-70775,REQ-40858,RQ-110,Marchetti & Cole,Granite Shield Insurance,2025-03-11,162.20,Paid,2025-03-28,
INV-70776,REQ-40859,RQ-129,Evergreen Casualty,Granite Shield Insurance,2025-03-19,126.50,Paid,2025-04-05,
INV-70777,REQ-40860,RQ-108,Salas Trial Lawyers,Granite Shield Insurance,2025-03-07,57.20,Paid,2025-03-17,
INV-70778,REQ-40861,RQ-117,Iverson Goldberg,Granite Shield Insurance,2025-03-13,71.20,Paid,2025-03-20,
INV-70779,REQ-40862,RQ-113,Grayson Poole,Granite Shield Insurance,2025-03-14,54.05,Paid,2025-03-21,
INV-70780,REQ-40864,RQ-108,Salas Trial Lawyers,Keystone Auto Group,2025-03-14,83.80,Paid,2025-03-20,
INV-70781,REQ-40865,RQ-121,RecordPoint Retrieval,Keystone Auto Group,2025-03-12,41.45,Paid,2025-03-24,
INV-70782,REQ-40866,RQ-120,Beaumont Stark,Keystone Auto Group,2025-03-11,102.00,Paid,2025-03-28,
INV-70783,REQ-40867,RQ-127,Pioneer Standard Insurance,Keystone Auto Group,2025-03-26,163.25,Paid,2025-04-11,
INV-70784,REQ-40868,RQ-106,Ostrowski Legal,Keystone Auto Group,2025-03-20,82.40,Paid,2025-04-07,
INV-70785,REQ-40869,RQ-121,RecordPoint Retrieval,Keystone Auto Group,2025-03-26,84.50,Open,,
INV-70786,REQ-40870,RQ-101,Morrison & Pratt LLP,Keystone Auto Group,2025-03-12,74.00,Paid,2025-03-24,
INV-70787,REQ-40871,RQ-106,Ostrowski Legal,Keystone Auto Group,2025-03-18,64.20,Paid,2025-04-04,
INV-70788,REQ-40872,RQ-109,Hudson Valley Injury Law,Keystone Auto Group,2025-03-12,83.80,Paid,2025-03-19,
INV-70789,REQ-40873,RQ-121,RecordPoint Retrieval,Keystone Auto Group,2025-03-11,156.95,Open,,
INV-70790,REQ-40874,RQ-119,Quinlan & Ames,Keystone Auto Group,2025-03-07,81.35,Open,,
INV-70791,REQ-40875,RQ-129,Evergreen Casualty,Keystone Auto Group,2025-03-13,54.75,Paid,2025-03-30,
INV-70792,REQ-40877,RQ-120,Beaumont Stark,Keystone Auto Group,2025-03-21,39.35,Paid,2025-04-05,
INV-70793,REQ-40878,RQ-123,DocuTrace Services,Keystone Auto Group,2025-03-10,48.10,Paid,2025-03-20,
INV-70794,REQ-40879,RQ-110,Marchetti & Cole,Keystone Auto Group,2025-04-01,101.65,Paid,2025-04-06,
INV-70795,REQ-40880,RQ-110,Marchetti & Cole,Keystone Auto Group,2025-03-18,112.50,Paid,2025-04-03,
INV-70796,REQ-40881,RQ-118,Pruitt Legal Group,Keystone Auto Group,2025-03-20,42.15,Paid,2025-03-31,
INV-70797,REQ-40882,RQ-126,Summit Chart Services,Keystone Auto Group,2025-03-28,51.25,Paid,2025-04-07,
INV-70798,REQ-40883,RQ-123,DocuTrace Services,Keystone Auto Group,2025-03-18,181.45,Paid,2025-03-21,
INV-70799,REQ-40884,RQ-121,RecordPoint Retrieval,Keystone Auto Group,2025-03-10,67.70,Paid,2025-03-19,
INV-70800,REQ-40885,RQ-107,Park & Levine,Keystone Auto Group,2025-03-17,185.30,Paid,2025-04-04,
INV-70801,REQ-40886,RQ-124,Keystone Record Retrieval,Keystone Auto Group,2025-03-27,57.20,Paid,2025-04-12,
INV-70802,REQ-40887,RQ-121,RecordPoint Retrieval,Keystone Auto Group,2025-03-07,86.60,Paid,2025-03-23,
INV-70803,REQ-40888,RQ-112,Abernathy Law,Keystone Auto Group,2025-03-17,47.40,Paid,2025-04-04,
INV-70804,REQ-40890,RQ-119,Quinlan & Ames,Keystone Auto Group,2025-03-20,37.95,Paid,2025-04-02,
INV-70805,REQ-40892,RQ-121,RecordPoint Retrieval,Keystone Auto Group,2025-03-17,55.45,Paid,2025-03-30,
INV-70806,REQ-40893,RQ-127,Pioneer Standard Insurance,Keystone Auto Group,2025-03-17,99.90,Open,,
INV-70807,REQ-40894,RQ-121,RecordPoint Retrieval,Keystone Auto Group,2025-03-12,79.60,Paid,2025-03-28,
INV-70808,REQ-40895,RQ-112,Abernathy Law,Keystone Auto Group,2025-03-12,49.15,Paid,2025-03-26,
INV-70809,REQ-40896,RQ-126,Summit Chart Services,Keystone Auto Group,2025-03-07,47.75,Paid,2025-03-10,
INV-70810,REQ-40897,RQ-124,Keystone Record Retrieval,Keystone Auto Group,2025-03-19,124.40,Paid,2025-03-21,
INV-70811,REQ-40899,RQ-122,SwiftFile Records,Keystone Auto Group,2025-03-24,139.80,Paid,2025-04-05,
INV-70812,REQ-40900,RQ-101,Morrison & Pratt LLP,Keystone Auto Group,2025-03-07,113.20,Paid,2025-03-22,
INV-70813,REQ-40901,RQ-124,Keystone Record Retrieval,Keystone Auto Group,2025-03-10,42.50,Open,,
INV-70814,REQ-40903,RQ-102,Delgado Law Group,Keystone Auto Group,2025-03-11,63.85,Paid,2025-03-20,
INV-70815,REQ-40905,RQ-119,Quinlan & Ames,Keystone Auto Group,2025-03-14,159.75,Paid,2025-03-19,
INV-70816,REQ-40906,RQ-125,ClearPath Records,Keystone Auto Group,2025-03-18,99.20,Paid,2025-03-27,
INV-70817,REQ-40907,RQ-125,ClearPath Records,Tri-County Workers' Comp Fund,2025-03-13,72.95,Paid,2025-03-31,
INV-70818,REQ-40908,RQ-124,Keystone Record Retrieval,Tri-County Workers' Comp Fund,2025-03-13,60.35,Paid,2025-03-24,
INV-70819,REQ-40909,RQ-120,Beaumont Stark,Tri-County Workers' Comp Fund,2025-03-18,87.30,Paid,2025-03-21,
INV-70820,REQ-40910,RQ-103,Kessler Injury Attorneys,Tri-County Workers' Comp Fund,2025-03-27,77.50,Paid,2025-04-10,
INV-70821,REQ-40911,RQ-130,Sterling Auto Insurance,Tri-County Workers' Comp Fund,2025-04-07,39.00,Paid,2025-04-10,
INV-70822,REQ-40913,RQ-124,Keystone Record Retrieval,Tri-County Workers' Comp Fund,2025-03-19,70.85,Paid,2025-04-05,
INV-70823,REQ-40915,RQ-123,DocuTrace Services,Tri-County Workers' Comp Fund,2025-03-10,69.10,Open,,
INV-70824,REQ-40916,RQ-120,Beaumont Stark,Tri-County Workers' Comp Fund,2025-03-26,167.10,Paid,2025-04-01,
INV-70825,REQ-40917,RQ-101,Morrison & Pratt LLP,Tri-County Workers' Comp Fund,2025-03-14,130.35,Cancelled,,Duplicate request
INV-70826,REQ-40918,RQ-103,Kessler Injury Attorneys,Tri-County Workers' Comp Fund,2025-03-19,53.35,Cancelled,,No records found
INV-70827,REQ-40919,RQ-107,Park & Levine,Tri-County Workers' Comp Fund,2025-03-27,74.35,Open,,
INV-70828,REQ-40920,RQ-123,DocuTrace Services,Tri-County Workers' Comp Fund,2025-03-24,43.20,Open,,
INV-70829,REQ-40921,RQ-122,SwiftFile Records,Tri-County Workers' Comp Fund,2025-03-27,62.80,Paid,2025-04-11,
INV-70830,REQ-40922,RQ-106,Ostrowski Legal,Tri-County Workers' Comp Fund,2025-04-01,113.90,Paid,2025-04-14,
INV-70831,REQ-40923,RQ-130,Sterling Auto Insurance,Tri-County Workers' Comp Fund,2025-03-11,117.40,Paid,2025-03-24,
INV-70832,REQ-40924,RQ-114,Tate & Winslow,Tri-County Workers' Comp Fund,2025-03-31,88.00,Paid,2025-04-08,
INV-70833,REQ-40925,RQ-115,Lindqvist Defense,Tri-County Workers' Comp Fund,2025-03-27,89.75,Open,,
INV-70834,REQ-40927,RQ-122,SwiftFile Records,Tri-County Workers' Comp Fund,2025-03-27,105.50,Paid,2025-03-31,
INV-70835,REQ-40928,RQ-106,Ostrowski Legal,Tri-County Workers' Comp Fund,2025-03-24,48.45,Paid,2025-03-27,
INV-70836,REQ-40929,RQ-109,Hudson Valley Injury Law,Tri-County Workers' Comp Fund,2025-03-20,114.25,Paid,2025-03-22,
INV-70837,REQ-40932,RQ-127,Pioneer Standard Insurance,Tri-County Workers' Comp Fund,2025-03-12,40.75,Paid,2025-03-15,
INV-70838,REQ-40933,RQ-122,SwiftFile Records,Tri-County Workers' Comp Fund,2025-04-02,95.00,Paid,2025-04-16,
INV-70839,REQ-40934,RQ-113,Grayson Poole,Tri-County Workers' Comp Fund,2025-04-01,66.65,Paid,2025-04-17,
INV-70840,REQ-40935,RQ-101,Morrison & Pratt LLP,Tri-County Workers' Comp Fund,2025-04-07,68.05,Paid,2025-04-22,
INV-70841,REQ-40936,RQ-101,Morrison & Pratt LLP,Tri-County Workers' Comp Fund,2025-04-01,131.05,Paid,2025-04-09,
INV-70842,REQ-40937,RQ-115,Lindqvist Defense,Tri-County Workers' Comp Fund,2025-03-10,83.45,Paid,2025-03-17,
INV-70843,REQ-40938,RQ-121,RecordPoint Retrieval,Tri-County Workers' Comp Fund,2025-03-21,108.30,Paid,2025-04-06,
INV-70844,REQ-40940,RQ-126,Summit Chart Services,Tri-County Workers' Comp Fund,2025-04-04,48.80,Paid,2025-04-17,
INV-70845,REQ-40942,RQ-101,Morrison & Pratt LLP,Tri-County Workers' Comp Fund,2025-03-11,61.40,Paid,2025-03-18,
INV-70846,REQ-40943,RQ-118,Pruitt Legal Group,Tri-County Workers' Comp Fund,2025-03-21,65.95,Paid,2025-04-02,
INV-70847,REQ-40944,RQ-110,Marchetti & Cole,Beacon Casualty Company,2025-04-03,83.45,Open,,
INV-70848,REQ-40945,RQ-111,Ferris Nguyen LLP,Beacon Casualty Company,2025-03-19,75.05,Open,,
INV-70849,REQ-40946,RQ-102,Delgado Law Group,Beacon Casualty Company,2025-03-28,56.15,Paid,2025-04-15,
INV-70850,REQ-40947,RQ-121,RecordPoint Retrieval,Beacon Casualty Company,2025-03-13,60.35,Paid,2025-03-23,
INV-70851,REQ-40949,RQ-102,Delgado Law Group,Beacon Casualty Company,2025-03-26,137.70,Paid,2025-03-31,
INV-70852,REQ-40950,RQ-130,Sterling Auto Insurance,Beacon Casualty Company,2025-03-20,92.90,Paid,2025-03-26,
INV-70853,REQ-40951,RQ-121,RecordPoint Retrieval,Beacon Casualty Company,2025-03-11,156.25,Open,,
INV-70854,REQ-40953,RQ-102,Delgado Law Group,Beacon Casualty Company,2025-03-31,130.00,Paid,2025-04-17,
INV-70855,REQ-40954,RQ-102,Delgado Law Group,Beacon Casualty Company,2025-04-02,113.90,Paid,2025-04-06,
INV-70856,REQ-40955,RQ-110,Marchetti & Cole,Beacon Casualty Company,2025-03-06,60.70,Paid,2025-03-09,
INV-70857,REQ-40956,RQ-117,Iverson Goldberg,Beacon Casualty Company,2025-03-11,43.90,Paid,2025-03-24,
INV-70858,REQ-40957,RQ-124,Keystone Record Retrieval,Beacon Casualty Company,2025-03-28,74.00,Paid,2025-04-11,
INV-70859,REQ-40958,RQ-129,Evergreen Casualty,Beacon Casualty Company,2025-03-21,61.40,Paid,2025-04-03,
INV-70860,REQ-40959,RQ-113,Grayson Poole,Beacon Casualty Company,2025-03-24,57.55,Paid,2025-04-09,
INV-70861,REQ-40960,RQ-117,Iverson Goldberg,Beacon Casualty Company,2025-03-14,61.05,Paid,2025-04-01,
INV-70862,REQ-40961,RQ-107,Park & Levine,Beacon Casualty Company,2025-03-07,61.75,Paid,2025-03-25,
INV-70863,REQ-40962,RQ-122,SwiftFile Records,Beacon Casualty Company,2025-03-21,108.30,Paid,2025-03-23,
INV-70864,REQ-40963,RQ-103,Kessler Injury Attorneys,Beacon Casualty Company,2025-03-24,51.95,Paid,2025-04-01,
INV-70865,REQ-40964,RQ-101,Morrison & Pratt LLP,Beacon Casualty Company,2025-03-20,45.30,Paid,2025-03-22,
INV-70866,REQ-40965,RQ-102,Delgado Law Group,Beacon Casualty Company,2025-04-03,68.40,Paid,2025-04-11,
INV-70867,REQ-40966,RQ-124,Keystone Record Retrieval,Beacon Casualty Company,2025-03-17,51.95,Paid,2025-04-04,
INV-70868,REQ-40967,RQ-123,DocuTrace Services,Beacon Casualty Company,2025-03-17,69.80,Paid,2025-04-02,
INV-70869,REQ-40968,RQ-114,Tate & Winslow,Beacon Casualty Company,2025-03-10,86.60,Cancelled,,No records found
INV-70870,REQ-40969,RQ-117,Iverson Goldberg,Beacon Casualty Company,2025-03-27,54.75,Paid,2025-04-11,
INV-70871,REQ-40971,RQ-101,Morrison & Pratt LLP,Beacon Casualty Company,2025-03-13,68.05,Cancelled,,Duplicate request
INV-70872,REQ-40972,RQ-119,Quinlan & Ames,Beacon Casualty Company,2025-03-10,110.40,Cancelled,,Duplicate request
INV-70873,REQ-40973,RQ-117,Iverson Goldberg,Beacon Casualty Company,2025-03-12,64.90,Paid,2025-03-23,
INV-70874,REQ-40974,RQ-119,Quinlan & Ames,Beacon Casualty Company,2025-03-28,113.20,Open,,
INV-70875,REQ-40975,RQ-122,SwiftFile Records,Beacon Casualty Company,2025-03-14,60.35,Paid,2025-03-21,
INV-70876,REQ-40976,RQ-106,Ostrowski Legal,Beacon Casualty Company,2025-03-25,52.30,Paid,2025-04-07,
INV-70877,REQ-40978,RQ-130,Sterling Auto Insurance,Beacon Casualty Company,2025-03-14,32.70,Paid,2025-03-23,
INV-70878,REQ-40979,RQ-108,Salas Trial Lawyers,Beacon Casualty Company,2025-03-06,133.50,Paid,2025-03-10,
INV-70879,REQ-40980,RQ-102,Delgado Law Group,Beacon Casualty Company,2025-03-20,33.05,Paid,2025-03-23,
INV-70880,REQ-40981,RQ-129,Evergreen Casualty,Beacon Casualty Company,2025-03-07,117.40,Paid,2025-03-16,
INV-70881,REQ-40982,RQ-120,Beaumont Stark,Northfork Insurance Co.,2025-03-17,60.35,Paid,2025-03-23,
INV-70882,REQ-40983,RQ-114,Tate & Winslow,Northfork Insurance Co.,2025-03-21,46.70,Paid,2025-03-25,
INV-70883,REQ-40984,RQ-104,Whitcombe & Rao,Northfork Insurance Co.,2025-03-19,96.75,Paid,2025-03-30,
INV-70884,REQ-40985,RQ-108,Salas Trial Lawyers,Northfork Insurance Co.,2025-03-14,55.80,Paid,2025-03-26,
INV-70885,REQ-40986,RQ-121,RecordPoint Retrieval,Northfork Insurance Co.,2025-03-11,50.90,Open,,
INV-70886,REQ-40987,RQ-114,Tate & Winslow,Northfork Insurance Co.,2025-03-21,45.30,Paid,2025-03-23,
INV-70887,REQ-40989,RQ-108,Salas Trial Lawyers,Northfork Insurance Co.,2025-03-18,78.20,Paid,2025-03-25,
INV-70888,REQ-40990,RQ-113,Grayson Poole,Northfork Insurance Co.,2025-03-12,75.75,Paid,2025-03-18,
INV-70889,REQ-40991,RQ-111,Ferris Nguyen LLP,Northfork Insurance Co.,2025-04-01,45.65,Paid,2025-04-13,
INV-70890,REQ-40993,RQ-130,Sterling Auto Insurance,Northfork Insurance Co.,2025-03-11,53.00,Paid,2025-03-27,
INV-70891,REQ-40994,RQ-124,Keystone Record Retrieval,Northfork Insurance Co.,2025-03-17,118.10,Open,,
INV-70892,REQ-40996,RQ-121,RecordPoint Retrieval,Northfork Insurance Co.,2025-03-18,58.60,Paid,2025-04-04,
INV-70893,REQ-40997,RQ-111,Ferris Nguyen LLP,Northfork Insurance Co.,2025-03-19,55.45,Paid,2025-03-21,
INV-70894,REQ-40998,RQ-114,Tate & Winslow,Northfork Insurance Co.,2025-03-28,50.20,Paid,2025-04-06,
INV-70895,REQ-40999,RQ-123,DocuTrace Services,Northfork Insurance Co.,2025-03-14,85.20,Paid,2025-03-21,
INV-70896,REQ-41000,RQ-121,RecordPoint Retrieval,Northfork Insurance Co.,2025-03-10,52.30,Paid,2025-03-25,
INV-70897,REQ-41001,RQ-130,Sterling Auto Insurance,Northfork Insurance Co.,2025-03-31,70.15,Paid,2025-04-05,
INV-70898,REQ-41002,RQ-103,Kessler Injury Attorneys,Northfork Insurance Co.,2025-03-18,55.45,Open,,
INV-70899,REQ-41003,RQ-105,Brennan Hale PC,Northfork Insurance Co.,2025-03-17,54.40,Cancelled,,Duplicate request
INV-70900,REQ-41004,RQ-129,Evergreen Casualty,Northfork Insurance Co.,2025-03-12,80.65,Paid,2025-03-29,
INV-70901,REQ-41005,RQ-122,SwiftFile Records,Northfork Insurance Co.,2025-03-26,89.40,Paid,2025-04-06,
INV-70902,REQ-41006,RQ-129,Evergreen Casualty,Northfork Insurance Co.,2025-03-21,113.55,Paid,2025-04-06,
INV-70903,REQ-41007,RQ-105,Brennan Hale PC,Northfork Insurance Co.,2025-03-20,58.25,Paid,2025-03-30,
INV-70904,REQ-41008,RQ-121,RecordPoint Retrieval,Northfork Insurance Co.,2025-03-19,105.85,Open,,
INV-70905,REQ-41009,RQ-123,DocuTrace Services,Northfork Insurance Co.,2025-03-25,57.20,Open,,
INV-70906,REQ-41010,RQ-122,SwiftFile Records,Northfork Insurance Co.,2025-03-26,67.70,Paid,2025-04-06,
INV-70907,REQ-41011,RQ-109,Hudson Valley Injury Law,Meridian Auto & Home,2025-03-10,64.20,Paid,2025-03-18,
INV-70908,REQ-41012,RQ-122,SwiftFile Records,Meridian Auto & Home,2025-03-24,97.10,Open,,
INV-70909,REQ-41013,RQ-129,Evergreen Casualty,Meridian Auto & Home,2025-03-20,90.80,Paid,2025-03-31,
INV-70910,REQ-41015,RQ-124,Keystone Record Retrieval,Meridian Auto & Home,2025-03-28,88.70,Paid,2025-04-13,
INV-70911,REQ-41017,RQ-124,Keystone Record Retrieval,Meridian Auto & Home,2025-03-21,103.75,Open,,
INV-70912,REQ-41018,RQ-118,Pruitt Legal Group,Meridian Auto & Home,2025-03-18,46.35,Paid,2025-03-30,
INV-70913,REQ-41019,RQ-101,Morrison & Pratt LLP,Meridian Auto & Home,2025-03-25,65.25,Paid,2025-04-03,
INV-70914,REQ-41020,RQ-102,Delgado Law Group,Meridian Auto & Home,2025-03-25,106.55,Paid,2025-04-08,
INV-70915,REQ-41022,RQ-126,Summit Chart Services,Meridian Auto & Home,2025-03-26,54.40,Paid,2025-03-28,
INV-70916,REQ-41023,RQ-121,RecordPoint Retrieval,Meridian Auto & Home,2025-03-11,58.25,Open,,
INV-70917,REQ-41025,RQ-120,Beaumont Stark,Meridian Auto & Home,2025-03-27,84.50,Paid,2025-04-05,
INV-70918,REQ-41026,RQ-110,Marchetti & Cole,Meridian Auto & Home,2025-03-21,39.70,Paid,2025-03-25,
INV-70919,REQ-41027,RQ-123,DocuTrace Services,Meridian Auto & Home,2025-03-19,59.30,Paid,2025-03-28,
INV-70920,REQ-41028,RQ-121,RecordPoint Retrieval,Meridian Auto & Home,2025-03-13,36.20,Paid,2025-03-30,
INV-70921,REQ-41029,RQ-121,RecordPoint Retrieval,Meridian Auto & Home,2025-03-03,56.85,Cancelled,,Duplicate request
INV-70922,REQ-41031,RQ-130,Sterling Auto Insurance,Meridian Auto & Home,2025-03-07,101.65,Paid,2025-03-15,
INV-70923,REQ-41032,RQ-129,Evergreen Casualty,Meridian Auto & Home,2025-03-12,142.95,Paid,2025-03-22,
INV-70924,REQ-41033,RQ-112,Abernathy Law,Meridian Auto & Home,2025-03-20,81.35,Paid,2025-04-02,
INV-70925,REQ-41034,RQ-126,Summit Chart Services,Meridian Auto & Home,2025-03-05,111.80,Paid,2025-03-14,
INV-70926,REQ-41035,RQ-101,Morrison & Pratt LLP,Meridian Auto & Home,2025-03-14,88.00,Open,,
INV-70927,REQ-41036,RQ-121,RecordPoint Retrieval,Meridian Auto & Home,2025-03-14,222.05,Paid,2025-03-16,
INV-70928,REQ-41037,RQ-110,Marchetti & Cole,Meridian Auto & Home,2025-03-27,52.30,Paid,2025-03-31,
INV-70929,REQ-41038,RQ-124,Keystone Record Retrieval,Meridian Auto & Home,2025-03-27,79.25,Paid,2025-03-31,
INV-70930,REQ-41040,RQ-101,Morrison & Pratt LLP,Atlas Comp Services,2025-04-02,62.80,Paid,2025-04-10,
INV-70931,REQ-41041,RQ-121,RecordPoint Retrieval,Atlas Comp Services,2025-04-02,71.90,Open,,
INV-70932,REQ-41042,RQ-121,RecordPoint Retrieval,Atlas Comp Services,2025-03-05,207.70,Paid,2025-03-08,
INV-70933,REQ-41045,RQ-121,RecordPoint Retrieval,Atlas Comp Services,2025-03-27,46.70,Paid,2025-04-05,
INV-70934,REQ-41046,RQ-125,ClearPath Records,Atlas Comp Services,2025-03-21,97.80,Paid,2025-04-04,
INV-70935,REQ-41047,RQ-115,Lindqvist Defense,Atlas Comp Services,2025-03-20,110.40,Paid,2025-04-06,
INV-70936,REQ-41048,RQ-126,Summit Chart Services,Atlas Comp Services,2025-03-10,39.00,Paid,2025-03-13,
INV-70937,REQ-41049,RQ-111,Ferris Nguyen LLP,Atlas Comp Services,2025-03-20,65.25,Cancelled,,No records found
INV-70938,REQ-41050,RQ-102,Delgado Law Group,Atlas Comp Services,2025-03-19,67.00,Open,,
INV-70939,REQ-41051,RQ-123,DocuTrace Services,Atlas Comp Services,2025-03-26,43.90,Paid,2025-03-30,
INV-70940,REQ-41052,RQ-120,Beaumont Stark,Atlas Comp Services,2025-04-02,48.45,Paid,2025-04-10,
INV-70941,REQ-41053,RQ-101,Morrison & Pratt LLP,Atlas Comp Services,2025-03-20,41.10,Paid,2025-04-04,
INV-70942,REQ-41054,RQ-118,Pruitt Legal Group,Atlas Comp Services,2025-03-21,280.85,Paid,2025-03-26,
INV-70943,REQ-41055,RQ-115,Lindqvist Defense,Atlas Comp Services,2025-03-11,198.95,Paid,2025-03-17,
INV-70944,REQ-41056,RQ-117,Iverson Goldberg,Atlas Comp Services,2025-03-12,127.20,Paid,2025-03-17,
INV-70945,REQ-41057,RQ-123,DocuTrace Services,Atlas Comp Services,2025-03-14,63.85,Paid,2025-03-23,
INV-70946,REQ-41059,RQ-108,Salas Trial Lawyers,Atlas Comp Services,2025-03-21,99.90,Paid,2025-03-31,
INV-70947,REQ-41060,RQ-125,ClearPath Records,Atlas Comp Services,2025-03-21,59.30,Paid,2025-03-30,
INV-70948,REQ-41061,RQ-124,Keystone Record Retrieval,Harborline Mutual Insurance,2025-04-18,80.65,Paid,2025-05-05,
INV-70949,REQ-41062,RQ-102,Delgado Law Group,Harborline Mutual Insurance,2025-04-28,69.80,Paid,2025-05-06,
INV-70950,REQ-41063,RQ-126,Summit Chart Services,Harborline Mutual Insurance,2025-04-28,40.05,Paid,2025-05-02,
INV-70951,REQ-41064,RQ-101,Morrison & Pratt LLP,Harborline Mutual Insurance,2025-04-23,50.55,Cancelled,,Duplicate request
INV-70952,REQ-41065,RQ-104,Whitcombe & Rao,Harborline Mutual Insurance,2025-04-29,42.50,Paid,2025-05-08,
INV-70953,REQ-41066,RQ-128,Lakeside Mutual,Harborline Mutual Insurance,2025-04-17,82.40,Open,,
INV-70954,REQ-41067,RQ-128,Lakeside Mutual,Harborline Mutual Insurance,2025-04-24,66.30,Paid,2025-05-08,
INV-70955,REQ-41068,RQ-122,SwiftFile Records,Harborline Mutual Insurance,2025-05-01,54.05,Paid,2025-05-10,
INV-70956,REQ-41069,RQ-101,Morrison & Pratt LLP,Harborline Mutual Insurance,2025-05-06,67.35,Paid,2025-05-13,
INV-70957,REQ-41070,RQ-115,Lindqvist Defense,Harborline Mutual Insurance,2025-04-24,85.20,Paid,2025-05-06,
INV-70958,REQ-41073,RQ-101,Morrison & Pratt LLP,Harborline Mutual Insurance,2025-04-15,33.05,Paid,2025-04-19,
INV-70959,REQ-41074,RQ-102,Delgado Law Group,Harborline Mutual Insurance,2025-04-08,70.50,Paid,2025-04-10,
INV-70960,REQ-41075,RQ-119,Quinlan & Ames,Harborline Mutual Insurance,2025-04-21,85.55,Paid,2025-05-05,
INV-70961,REQ-41076,RQ-111,Ferris Nguyen LLP,Harborline Mutual Insurance,2025-04-28,43.90,Open,,
INV-70962,REQ-41077,RQ-104,Whitcombe & Rao,Harborline Mutual Insurance,2025-04-07,52.30,Paid,2025-04-16,
INV-70963,REQ-41078,RQ-108,Salas Trial Lawyers,Harborline Mutual Insurance,2025-04-24,95.00,Open,,
INV-70964,REQ-41079,RQ-101,Morrison & Pratt LLP,Harborline Mutual Insurance,2025-04-22,51.25,Paid,2025-04-25,
INV-70965,REQ-41080,RQ-105,Brennan Hale PC,Harborline Mutual Insurance,2025-04-23,85.20,Paid,2025-05-08,
INV-70966,REQ-41081,RQ-113,Grayson Poole,Harborline Mutual Insurance,2025-04-07,49.85,Paid,2025-04-19,
INV-70967,REQ-41082,RQ-121,RecordPoint Retrieval,Harborline Mutual Insurance,2025-04-08,64.90,Paid,2025-04-25,
INV-70968,REQ-41083,RQ-109,Hudson Valley Injury Law,Harborline Mutual Insurance,2025-05-05,44.95,Paid,2025-05-19,
INV-70969,REQ-41084,RQ-124,Keystone Record Retrieval,Harborline Mutual Insurance,2025-04-16,70.50,Open,,
INV-70970,REQ-41085,RQ-107,Park & Levine,Harborline Mutual Insurance,2025-05-01,104.80,Paid,2025-05-07,
INV-70971,REQ-41088,RQ-119,Quinlan & Ames,Harborline Mutual Insurance,2025-04-17,46.35,Paid,2025-04-24,
INV-70972,REQ-41089,RQ-101,Morrison & Pratt LLP,Harborline Mutual Insurance,2025-04-15,48.45,Paid,2025-05-02,
INV-70973,REQ-41090,RQ-122,SwiftFile Records,Harborline Mutual Insurance,2025-04-14,55.10,Open,,
INV-70974,REQ-41091,RQ-121,RecordPoint Retrieval,Harborline Mutual Insurance,2025-04-30,56.85,Open,,
INV-70975,REQ-41092,RQ-121,RecordPoint Retrieval,Harborline Mutual Insurance,2025-04-22,76.10,Open,,
INV-70976,REQ-41093,RQ-108,Salas Trial Lawyers,Harborline Mutual Insurance,2025-04-11,64.90,Paid,2025-04-21,
INV-70977,REQ-41094,RQ-125,ClearPath Records,Harborline Mutual Insurance,2025-04-15,95.35,Paid,2025-04-23,
INV-70978,REQ-41095,RQ-113,Grayson Poole,Harborline Mutual Insurance,2025-05-06,128.95,Paid,2025-05-09,
INV-70979,REQ-41096,RQ-112,Abernathy Law,Harborline Mutual Insurance,2025-04-14,34.80,Paid,2025-04-21,
INV-70980,REQ-41097,RQ-121,RecordPoint Retrieval,Harborline Mutual Insurance,2025-04-07,79.60,Paid,2025-04-09,
INV-70981,REQ-41098,RQ-112,Abernathy Law,Harborline Mutual Insurance,2025-04-10,71.90,Paid,2025-04-14,
INV-70982,REQ-41099,RQ-114,Tate & Winslow,Harborline Mutual Insurance,2025-04-09,45.65,Paid,2025-04-12,
INV-70983,REQ-41100,RQ-114,Tate & Winslow,Harborline Mutual Insurance,2025-04-23,58.60,Paid,2025-05-04,
INV-70984,REQ-41101,RQ-110,Marchetti & Cole,Harborline Mutual Insurance,2025-04-28,53.35,Paid,2025-05-16,
INV-70985,REQ-41102,RQ-124,Keystone Record Retrieval,Harborline Mutual Insurance,2025-04-14,83.10,Paid,2025-04-30,
INV-70986,REQ-41103,RQ-101,Morrison & Pratt LLP,Harborline Mutual Insurance,2025-05-01,45.65,Paid,2025-05-14,
INV-70987,REQ-41104,RQ-121,RecordPoint Retrieval,Harborline Mutual Insurance,2025-05-02,85.20,Paid,2025-05-13,
INV-70988,REQ-41105,RQ-108,Salas Trial Lawyers,Harborline Mutual Insurance,2025-04-29,43.55,Paid,2025-05-11,
INV-70989,REQ-41107,RQ-105,Brennan Hale PC,Harborline Mutual Insurance,2025-04-22,119.50,Paid,2025-04-29,
INV-70990,REQ-41108,RQ-121,RecordPoint Retrieval,Harborline Mutual Insurance,2025-04-21,66.65,Open,,
INV-70991,REQ-41109,RQ-122,SwiftFile Records,Harborline Mutual Insurance,2025-04-11,65.25,Paid,2025-04-19,
INV-70992,REQ-41110,RQ-114,Tate & Winslow,Harborline Mutual Insurance,2025-04-22,86.25,Paid,2025-04-24,
INV-70993,REQ-41113,RQ-122,SwiftFile Records,Harborline Mutual Insurance,2025-04-09,63.50,Paid,2025-04-20,
INV-70994,REQ-41114,RQ-126,Summit Chart Services,Harborline Mutual Insurance,2025-04-14,78.20,Paid,2025-04-19,
INV-70995,REQ-41115,RQ-113,Grayson Poole,Harborline Mutual Insurance,2025-05-01,50.55,Paid,2025-05-19,
INV-70996,REQ-41116,RQ-106,Ostrowski Legal,Harborline Mutual Insurance,2025-04-22,96.75,Paid,2025-04-24,
INV-70997,REQ-41117,RQ-113,Grayson Poole,Harborline Mutual Insurance,2025-04-11,97.80,Paid,2025-04-24,
INV-70998,REQ-41118,RQ-116,Carver Moss LLP,Harborline Mutual Insurance,2025-04-21,58.25,Paid,2025-05-04,
INV-70999,REQ-41119,RQ-113,Grayson Poole,Harborline Mutual Insurance,2025-05-02,61.05,Paid,2025-05-06,
INV-71000,REQ-41120,RQ-108,Salas Trial Lawyers,Harborline Mutual Insurance,2025-05-02,149.25,Open,,
INV-71001,REQ-41121,RQ-121,RecordPoint Retrieval,Granite Shield Insurance,2025-04-14,102.00,Open,,
INV-71002,REQ-41124,RQ-123,DocuTrace Services,Granite Shield Insurance,2025-04-18,56.85,Paid,2025-04-30,
INV-71003,REQ-41125,RQ-125,ClearPath Records,Granite Shield Insurance,2025-04-18,93.60,Paid,2025-05-01,
INV-71004,REQ-41126,RQ-121,RecordPoint Retrieval,Granite Shield Insurance,2025-04-25,58.95,Paid,2025-05-10,
INV-71005,REQ-41127,RQ-118,Pruitt Legal Group,Granite Shield Insurance,2025-04-09,62.10,Open,,
INV-71006,REQ-41128,RQ-114,Tate & Winslow,Granite Shield Insurance,2025-04-10,69.45,Paid,2025-04-28,
INV-71007,REQ-41129,RQ-116,Carver Moss LLP,Granite Shield Insurance,2025-04-09,93.95,Paid,2025-04-19,
INV-71008,REQ-41130,RQ-103,Kessler Injury Attorneys,Granite Shield Insurance,2025-04-09,57.90,Paid,2025-04-23,
INV-71009,REQ-41131,RQ-128,Lakeside Mutual,Granite Shield Insurance,2025-04-24,62.45,Open,,
INV-71010,REQ-41133,RQ-106,Ostrowski Legal,Granite Shield Insurance,2025-04-18,61.05,Open,,
INV-71011,REQ-41134,RQ-102,Delgado Law Group,Granite Shield Insurance,2025-04-03,80.30,Cancelled,,No records found
INV-71012,REQ-41135,RQ-121,RecordPoint Retrieval,Granite Shield Insurance,2025-04-24,50.20,Paid,2025-05-06,
INV-71013,REQ-41136,RQ-110,Marchetti & Cole,Granite Shield Insurance,2025-04-15,130.70,Paid,2025-04-26,
INV-71014,REQ-41138,RQ-102,Delgado Law Group,Granite Shield Insurance,2025-04-21,56.85,Paid,2025-05-08,
INV-71015,REQ-41139,RQ-127,Pioneer Standard Insurance,Granite Shield Insurance,2025-04-24,49.85,Open,,
INV-71016,REQ-41140,RQ-102,Delgado Law Group,Granite Shield Insurance,2025-04-03,117.05,Cancelled,,No records found
INV-71017,REQ-41141,RQ-108,Salas Trial Lawyers,Granite Shield Insurance,2025-04-10,44.25,Paid,2025-04-24,
INV-71018,REQ-41142,RQ-106,Ostrowski Legal,Granite Shield Insurance,2025-04-28,60.70,Paid,2025-05-15,
INV-71019,REQ-41144,RQ-105,Brennan Hale PC,Granite Shield Insurance,2025-04-16,93.95,Paid,2025-04-21,
INV-71020,REQ-41145,RQ-128,Lakeside Mutual,Granite Shield Insurance,2025-04-24,63.15,Paid,2025-05-02,
INV-71021,REQ-41146,RQ-115,Lindqvist Defense,Granite Shield Insurance,2025-05-05,92.90,Paid,2025-05-21,
INV-71022,REQ-41147,RQ-118,Pruitt Legal Group,Granite Shield Insurance,2025-04-30,92.55,Open,,
INV-71023,REQ-41148,RQ-125,ClearPath Records,Granite Shield Insurance,2025-04-09,68.05,Paid,2025-04-25,
INV-71024,REQ-41150,RQ-123,DocuTrace Services,Granite Shield Insurance,2025-04-29,49.15,Paid,2025-05-08,
INV-71025,REQ-41151,RQ-113,Grayson Poole,Granite Shield Insurance,2025-04-24,111.45,Paid,2025-04-28,
INV-71026,REQ-41152,RQ-101,Morrison & Pratt LLP,Granite Shield Insurance,2025-04-10,83.10,Paid,2025-04-28,
INV-71027,REQ-41153,RQ-112,Abernathy Law,Granite Shield Insurance,2025-04-21,85.20,Paid,2025-04-23,
INV-71028,REQ-41155,RQ-125,ClearPath Records,Granite Shield Insurance,2025-04-08,95.35,Paid,2025-04-24,
INV-71029,REQ-41156,RQ-109,Hudson Valley Injury Law,Granite Shield Insurance,2025-04-11,43.20,Paid,2025-04-15,
INV-71030,REQ-41158,RQ-121,RecordPoint Retrieval,Granite Shield Insurance,2025-04-30,68.40,Open,,
INV-71031,REQ-41159,RQ-123,DocuTrace Services,Granite Shield Insurance,2025-04-24,47.40,Paid,2025-04-28,
INV-71032,REQ-41160,RQ-101,Morrison & Pratt LLP,Granite Shield Insurance,2025-05-05,109.00,Paid,2025-05-11,
INV-71033,REQ-41161,RQ-114,Tate & Winslow,Granite Shield Insurance,2025-04-11,48.45,Paid,2025-04-25,
INV-71034,REQ-41162,RQ-123,DocuTrace Services,Granite Shield Insurance,2025-04-29,54.75,Paid,2025-05-03,
INV-71035,REQ-41163,RQ-101,Morrison & Pratt LLP,Granite Shield Insurance,2025-04-18,201.75,Cancelled,,Duplicate request
INV-71036,REQ-41164,RQ-118,Pruitt Legal Group,Granite Shield Insurance,2025-05-05,145.05,Paid,2025-05-12,
INV-71037,REQ-41165,RQ-121,RecordPoint Retrieval,Granite Shield Insurance,2025-04-09,45.65,Paid,2025-04-11,
INV-71038,REQ-41166,RQ-120,Beaumont Stark,Granite Shield Insurance,2025-05-02,140.50,Paid,2025-05-17,
INV-71039,REQ-41167,RQ-118,Pruitt Legal Group,Granite Shield Insurance,2025-04-18,46.00,Paid,2025-04-20,
INV-71040,REQ-41168,RQ-129,Evergreen Casualty,Granite Shield Insurance,2025-04-24,66.30,Paid,2025-05-09,
INV-71041,REQ-41169,RQ-121,RecordPoint Retrieval,Keystone Auto Group,2025-04-29,52.30,Open,,
INV-71042,REQ-41170,RQ-107,Park & Levine,Keystone Auto Group,2025-04-07,53.35,Open,,
INV-71043,REQ-41171,RQ-117,Iverson Goldberg,Keystone Auto Group,2025-04-30,69.45,Open,,
INV-71044,REQ-41174,RQ-114,Tate & Winslow,Keystone Auto Group,2025-04-14,76.45,Paid,2025-04-27,
INV-71045,REQ-41175,RQ-130,Sterling Auto Insurance,Keystone Auto Group,2025-05-02,31.30,Open,,
INV-71046,REQ-41176,RQ-112,Abernathy Law,Keystone Auto Group,2025-04-07,98.85,Cancelled,,No records found
INV-71047,REQ-41177,RQ-123,DocuTrace Services,Keystone Auto Group,2025-04-28,73.65,Paid,2025-05-05,
INV-71048,REQ-41178,RQ-101,Morrison & Pratt LLP,Keystone Auto Group,2025-05-02,110.40,Paid,2025-05-18,
INV-71049,REQ-41179,RQ-125,ClearPath Records,Keystone Auto Group,2025-04-24,90.10,Paid,2025-05-05,
INV-71050,REQ-41180,RQ-114,Tate & Winslow,Keystone Auto Group,2025-04-22,78.90,Paid,2025-05-08,
INV-71051,REQ-41181,RQ-107,Park & Levine,Keystone Auto Group,2025-04-10,53.70,Paid,2025-04-19,
INV-71052,REQ-41182,RQ-102,Delgado Law Group,Keystone Auto Group,2025-04-10,47.75,Paid,2025-04-22,
INV-71053,REQ-41183,RQ-126,Summit Chart Services,Keystone Auto Group,2025-04-07,90.45,Open,,
INV-71054,REQ-41184,RQ-123,DocuTrace Services,Keystone Auto Group,2025-04-08,73.30,Paid,2025-04-12,
INV-71055,REQ-41185,RQ-127,Pioneer Standard Insurance,Keystone Auto Group,2025-05-02,69.80,Paid,2025-05-10,
INV-71056,REQ-41186,RQ-119,Quinlan & Ames,Keystone Auto Group,2025-04-24,38.30,Paid,2025-04-29,
INV-71057,REQ-41187,RQ-117,Iverson Goldberg,Keystone Auto Group,2025-04-08,97.45,Paid,2025-04-25,
INV-71058,REQ-41189,RQ-108,Salas Trial Lawyers,Keystone Auto Group,2025-04-18,70.85,Paid,2025-05-06,
INV-71059,REQ-41190,RQ-121,RecordPoint Retrieval,Keystone Auto Group,2025-04-21,117.75,Open,,
INV-71060,REQ-41191,RQ-127,Pioneer Standard Insurance,Keystone Auto Group,2025-04-14,84.15,Paid,2025-04-26,
INV-71061,REQ-41192,RQ-113,Grayson Poole,Keystone Auto Group,2025-04-07,65.25,Paid,2025-04-15,
INV-71062,REQ-41193,RQ-127,Pioneer Standard Insurance,Keystone Auto Group,2025-04-21,89.05,Paid,2025-05-07,
INV-71063,REQ-41194,RQ-119,Quinlan & Ames,Keystone Auto Group,2025-04-17,101.65,Paid,2025-04-27,
INV-71064,REQ-41195,RQ-128,Lakeside Mutual,Keystone Auto Group,2025-04-15,66.30,Paid,2025-04-25,
INV-71065,REQ-41196,RQ-112,Abernathy Law,Keystone Auto Group,2025-04-23,111.80,Paid,2025-05-09,
INV-71066,REQ-41197,RQ-108,Salas Trial Lawyers,Keystone Auto Group,2025-04-11,57.20,Paid,2025-04-19,
INV-71067,REQ-41198,RQ-101,Morrison & Pratt LLP,Keystone Auto Group,2025-04-28,90.45,Paid,2025-05-02,
INV-71068,REQ-41199,RQ-114,Tate & Winslow,Keystone Auto Group,2025-04-15,49.15,Paid,2025-04-18,
INV-71069,REQ-41200,RQ-130,Sterling Auto Insurance,Keystone Auto Group,2025-04-18,60.00,Paid,2025-04-30,
INV-71070,REQ-41202,RQ-123,DocuTrace Services,Keystone Auto Group,2025-04-28,85.20,Paid,2025-05-12,
INV-71071,REQ-41204,RQ-121,RecordPoint Retrieval,Keystone Auto Group,2025-04-07,40.05,Paid,2025-04-15,
INV-71072,REQ-41205,RQ-114,Tate & Winslow,Keystone Auto Group,2025-04-16,56.15,Paid,2025-05-02,
INV-71073,REQ-41206,RQ-125,ClearPath Records,Keystone Auto Group,2025-04-15,46.70,Paid,2025-04-21,
INV-71074,REQ-41207,RQ-123,DocuTrace Services,Keystone Auto Group,2025-05-01,48.80,Paid,2025-05-13,
INV-71075,REQ-41208,RQ-120,Beaumont Stark,Keystone Auto Group,2025-04-23,58.60,Paid,2025-04-25,
INV-71076,REQ-41209,RQ-126,Summit Chart Services,Keystone Auto Group,2025-04-18,78.55,Paid,2025-05-03,
INV-71077,REQ-41210,RQ-126,Summit Chart Services,Tri-County Workers' Comp Fund,2025-04-18,39.70,Paid,2025-05-03,
INV-71078,REQ-41211,RQ-119,Quinlan & Ames,Tri-County Workers' Comp Fund,2025-04-17,57.90,Paid,2025-05-03,
INV-71079,REQ-41214,RQ-107,Park & Levine,Tri-County Workers' Comp Fund,2025-04-25,39.00,Paid,2025-05-06,
INV-71080,REQ-41215,RQ-129,Evergreen Casualty,Tri-County Workers' Comp Fund,2025-05-01,84.15,Paid,2025-05-08,
INV-71081,REQ-41217,RQ-101,Morrison & Pratt LLP,Tri-County Workers' Comp Fund,2025-04-21,57.55,Paid,2025-04-26,
INV-71082,REQ-41218,RQ-117,Iverson Goldberg,Tri-County Workers' Comp Fund,2025-04-21,51.25,Paid,2025-05-01,
INV-71083,REQ-41219,RQ-128,Lakeside Mutual,Tri-County Workers' Comp Fund,2025-04-11,221.35,Paid,2025-04-13,
INV-71084,REQ-41220,RQ-119,Quinlan & Ames,Tri-County Workers' Comp Fund,2025-04-23,73.30,Paid,2025-05-07,
INV-71085,REQ-41221,RQ-101,Morrison & Pratt LLP,Tri-County Workers' Comp Fund,2025-05-05,55.80,Paid,2025-05-16,
INV-71086,REQ-41222,RQ-129,Evergreen Casualty,Tri-County Workers' Comp Fund,2025-04-16,71.90,Paid,2025-05-04,
INV-71087,REQ-41224,RQ-126,Summit Chart Services,Tri-County Workers' Comp Fund,2025-04-16,40.40,Paid,2025-04-20,
INV-71088,REQ-41225,RQ-123,DocuTrace Services,Tri-County Workers' Comp Fund,2025-04-18,63.85,Paid,2025-04-20,
INV-71089,REQ-41226,RQ-126,Summit Chart Services,Tri-County Workers' Comp Fund,2025-04-08,105.15,Paid,2025-04-11,
INV-71090,REQ-41227,RQ-121,RecordPoint Retrieval,Tri-County Workers' Comp Fund,2025-04-17,104.45,Paid,2025-04-21,
INV-71091,REQ-41228,RQ-112,Abernathy Law,Tri-County Workers' Comp Fund,2025-05-07,74.00,Paid,2025-05-23,
INV-71092,REQ-41230,RQ-123,DocuTrace Services,Tri-County Workers' Comp Fund,2025-05-02,85.55,Paid,2025-05-18,
INV-71093,REQ-41231,RQ-123,DocuTrace Services,Tri-County Workers' Comp Fund,2025-04-22,120.55,Paid,2025-04-29,
INV-71094,REQ-41234,RQ-127,Pioneer Standard Insurance,Tri-County Workers' Comp Fund,2025-05-01,87.65,Paid,2025-05-18,
INV-71095,REQ-41236,RQ-114,Tate & Winslow,Tri-County Workers' Comp Fund,2025-05-01,90.45,Paid,2025-05-12,
INV-71096,REQ-41237,RQ-123,DocuTrace Services,Beacon Casualty Company,2025-04-30,105.50,Open,,
INV-71097,REQ-41238,RQ-121,RecordPoint Retrieval,Beacon Casualty Company,2025-04-21,78.90,Paid,2025-04-27,
INV-71098,REQ-41239,RQ-125,ClearPath Records,Beacon Casualty Company,2025-04-09,113.55,Paid,2025-04-23,
INV-71099,REQ-41240,RQ-123,DocuTrace Services,Beacon Casualty Company,2025-04-30,46.70,Paid,2025-05-02,
INV-71100,REQ-41241,RQ-105,Brennan Hale PC,Beacon Casualty Company,2025-05-02,56.15,Paid,2025-05-14,
INV-71101,REQ-41242,RQ-121,RecordPoint Retrieval,Beacon Casualty Company,2025-04-18,133.50,Open,,
INV-71102,REQ-41243,RQ-112,Abernathy Law,Beacon Casualty Company,2025-04-28,76.80,Paid,2025-05-04,
INV-71103,REQ-41244,RQ-101,Morrison & Pratt LLP,Beacon Casualty Company,2025-04-18,56.50,Paid,2025-04-23,
INV-71104,REQ-41245,RQ-126,Summit Chart Services,Beacon Casualty Company,2025-04-21,104.45,Paid,2025-05-02,
INV-71105,REQ-41246,RQ-117,Iverson Goldberg,Beacon Casualty Company,2025-05-02,63.15,Paid,2025-05-20,
INV-71106,REQ-41247,RQ-112,Abernathy Law,Beacon Casualty Company,2025-04-18,112.50,Paid,2025-04-26,
INV-71107,REQ-41248,RQ-129,Evergreen Casualty,Beacon Casualty Company,2025-04-10,71.20,Paid,2025-04-18,
INV-71108,REQ-41249,RQ-123,DocuTrace Services,Beacon Casualty Company,2025-05-02,145.40,Paid,2025-05-15,
INV-71109,REQ-41250,RQ-122,SwiftFile Records,Beacon Casualty Company,2025-04-17,42.15,Paid,2025-04-26,
INV-71110,REQ-41251,RQ-101,Morrison & Pratt LLP,Beacon Casualty Company,2025-04-11,82.40,Paid,2025-04-29,
INV-71111,REQ-41252,RQ-128,Lakeside Mutual,Beacon Casualty Company,2025-04-16,70.15,Paid,2025-04-22,
INV-71112,REQ-41253,RQ-122,SwiftFile Records,Beacon Casualty Company,2025-04-14,36.20,Paid,2025-05-02,
INV-71113,REQ-41255,RQ-119,Quinlan & Ames,Beacon Casualty Company,2025-04-18,66.65,Paid,2025-05-06,
INV-71114,REQ-41256,RQ-121,RecordPoint Retrieval,Beacon Casualty Company,2025-04-17,52.65,Open,,
INV-71115,REQ-41257,RQ-124,Keystone Record Retrieval,Beacon Casualty Company,2025-04-29,56.15,Paid,2025-05-07,
INV-71116,REQ-41258,RQ-108,Salas Trial Lawyers,Beacon Casualty Company,2025-05-01,72.25,Paid,2025-05-18,
INV-71117,REQ-41259,RQ-116,Carver Moss LLP,Beacon Casualty Company,2025-04-25,99.90,Paid,2025-05-09,
INV-71118,REQ-41260,RQ-119,Quinlan & Ames,Beacon Casualty Company,2025-04-15,93.60,Paid,2025-04-23,
INV-71119,REQ-41262,RQ-123,DocuTrace Services,Beacon Casualty Company,2025-04-25,70.15,Paid,2025-04-28,
INV-71120,REQ-41263,RQ-127,Pioneer Standard Insurance,Beacon Casualty Company,2025-05-02,68.05,Paid,2025-05-19,
INV-71121,REQ-41264,RQ-122,SwiftFile Records,Beacon Casualty Company,2025-04-25,100.25,Open,,
INV-71122,REQ-41267,RQ-125,ClearPath Records,Beacon Casualty Company,2025-05-02,75.75,Paid,2025-05-04,
INV-71123,REQ-41268,RQ-107,Park & Levine,Beacon Casualty Company,2025-04-15,58.25,Paid,2025-04-28,
INV-71124,REQ-41269,RQ-121,RecordPoint Retrieval,Beacon Casualty Company,2025-04-29,62.10,Paid,2025-05-17,
INV-71125,REQ-41270,RQ-113,Grayson Poole,Northfork Insurance Co.,2025-04-18,47.75,Paid,2025-04-23,
INV-71126,REQ-41271,RQ-117,Iverson Goldberg,Northfork Insurance Co.,2025-04-18,139.80,Paid,2025-05-01,
INV-71127,REQ-41272,RQ-122,SwiftFile Records,Northfork Insurance Co.,2025-05-02,55.80,Paid,2025-05-07,
INV-71128,REQ-41273,RQ-123,DocuTrace Services,Northfork Insurance Co.,2025-05-01,69.10,Paid,2025-05-19,
INV-71129,REQ-41274,RQ-123,DocuTrace Services,Northfork Insurance Co.,2025-04-14,48.45,Paid,2025-04-21,
INV-71130,REQ-41277,RQ-123,DocuTrace Services,Northfork Insurance Co.,2025-04-17,85.90,Paid,2025-04-27,
INV-71131,REQ-41278,RQ-116,Carver Moss LLP,Northfork Insurance Co.,2025-04-09,44.60,Paid,2025-04-11,
INV-71132,REQ-41279,RQ-123,DocuTrace Services,Northfork Insurance Co.,2025-04-28,54.75,Paid,2025-05-04,
INV-71133,REQ-41280,RQ-115,Lindqvist Defense,Northfork Insurance Co.,2025-04-08,32.35,Paid,2025-04-15,
INV-71134,REQ-41281,RQ-116,Carver Moss LLP,Northfork Insurance Co.,2025-04-16,128.95,Paid,2025-04-29,
INV-71135,REQ-41282,RQ-117,Iverson Goldberg,Northfork Insurance Co.,2025-04-30,67.70,Paid,2025-05-07,
INV-71136,REQ-41283,RQ-101,Morrison & Pratt LLP,Northfork Insurance Co.,2025-04-04,232.20,Paid,2025-04-13,
INV-71137,REQ-41284,RQ-121,RecordPoint Retrieval,Northfork Insurance Co.,2025-04-29,89.75,Paid,2025-05-16,
INV-71138,REQ-41285,RQ-124,Keystone Record Retrieval,Northfork Insurance Co.,2025-04-09,138.05,Open,,
INV-71139,REQ-41286,RQ-106,Ostrowski Legal,Northfork Insurance Co.,2025-05-05,167.10,Open,,
INV-71140,REQ-41287,RQ-121,RecordPoint Retrieval,Northfork Insurance Co.,2025-04-30,36.90,Paid,2025-05-11,
INV-71141,REQ-41289,RQ-122,SwiftFile Records,Northfork Insurance Co.,2025-04-07,50.90,Paid,2025-04-09,
INV-71142,REQ-41290,RQ-119,Quinlan & Ames,Northfork Insurance Co.,2025-04-15,113.90,Paid,2025-04-29,
INV-71143,REQ-41291,RQ-121,RecordPoint Retrieval,Northfork Insurance Co.,2025-04-15,49.85,Open,,
INV-71144,REQ-41292,RQ-121,RecordPoint Retrieval,Northfork Insurance Co.,2025-04-21,42.85,Open,,
INV-71145,REQ-41293,RQ-125,ClearPath Records,Northfork Insurance Co.,2025-04-22,72.25,Paid,2025-04-25,
INV-71146,REQ-41294,RQ-128,Lakeside Mutual,Northfork Insurance Co.,2025-04-30,68.40,Paid,2025-05-10,
INV-71147,REQ-41295,RQ-127,Pioneer Standard Insurance,Northfork Insurance Co.,2025-05-05,48.45,Paid,2025-05-15,
INV-71148,REQ-41296,RQ-125,ClearPath Records,Northfork Insurance Co.,2025-04-15,76.45,Paid,2025-04-29,
INV-71149,REQ-41297,RQ-112,Abernathy Law,Northfork Insurance Co.,2025-04-25,53.35,Open,,
INV-71150,REQ-41299,RQ-108,Salas Trial Lawyers,Meridian Auto & Home,2025-04-24,49.15,Paid,2025-04-30,
INV-71151,REQ-41300,RQ-124,Keystone Record Retrieval,Meridian Auto & Home,2025-04-09,46.70,Paid,2025-04-12,
INV-71152,REQ-41301,RQ-101,Morrison & Pratt LLP,Meridian Auto & Home,2025-04-18,58.25,Paid,2025-05-03,
INV-71153,REQ-41303,RQ-122,SwiftFile Records,Meridian Auto & Home,2025-04-25,59.65,Paid,2025-05-11,
INV-71154,REQ-41307,RQ-101,Morrison & Pratt LLP,Meridian Auto & Home,2025-04-10,77.85,Paid,2025-04-19,
INV-71155,REQ-41308,RQ-114,Tate & Winslow,Meridian Auto & Home,2025-04-10,110.05,Paid,2025-04-19,
INV-71156,REQ-41309,RQ-114,Tate & Winslow,Meridian Auto & Home,2025-04-07,137.00,Paid,2025-04-18,
INV-71157,REQ-41310,RQ-119,Quinlan & Ames,Meridian Auto & Home,2025-04-17,73.65,Paid,2025-04-21,
INV-71158,REQ-41313,RQ-107,Park & Levine,Meridian Auto & Home,2025-04-25,53.00,Paid,2025-05-10,
INV-71159,REQ-41314,RQ-117,Iverson Goldberg,Meridian Auto & Home,2025-04-25,82.75,Paid,2025-05-01,
INV-71160,REQ-41316,RQ-123,DocuTrace Services,Meridian Auto & Home,2025-05-06,47.40,Paid,2025-05-08,
INV-71161,REQ-41317,RQ-124,Keystone Record Retrieval,Meridian Auto & Home,2025-04-11,37.95,Paid,2025-04-15,
INV-71162,REQ-41318,RQ-113,Grayson Poole,Meridian Auto & Home,2025-04-07,94.65,Paid,2025-04-11,
INV-71163,REQ-41319,RQ-101,Morrison & Pratt LLP,Meridian Auto & Home,2025-04-17,91.85,Paid,2025-05-04,
INV-71164,REQ-41320,RQ-108,Salas Trial Lawyers,Meridian Auto & Home,2025-04-23,69.10,Paid,2025-05-03,
INV-71165,REQ-41321,RQ-121,RecordPoint Retrieval,Meridian Auto & Home,2025-04-16,76.80,Paid,2025-04-20,
INV-71166,REQ-41322,RQ-106,Ostrowski Legal,Meridian Auto & Home,2025-04-16,41.80,Open,,
INV-71167,REQ-41323,RQ-124,Keystone Record Retrieval,Meridian Auto & Home,2025-04-08,68.05,Paid,2025-04-26,
INV-71168,REQ-41324,RQ-115,Lindqvist Defense,Meridian Auto & Home,2025-04-23,48.80,Paid,2025-05-01,
INV-71169,REQ-41325,RQ-110,Marchetti & Cole,Meridian Auto & Home,2025-04-17,55.10,Paid,2025-04-20,
INV-71170,REQ-41326,RQ-119,Quinlan & Ames,Meridian Auto & Home,2025-04-29,101.30,Open,,
INV-71171,REQ-41327,RQ-104,Whitcombe & Rao,Atlas Comp Services,2025-04-14,80.30,Paid,2025-04-16,
INV-71172,REQ-41330,RQ-122,SwiftFile Records,Atlas Comp Services,2025-04-16,65.60,Paid,2025-05-04,
INV-71173,REQ-41331,RQ-101,Morrison & Pratt LLP,Atlas Comp Services,2025-04-24,49.85,Cancelled,,Duplicate request
INV-71174,REQ-41332,RQ-112,Abernathy Law,Atlas Comp Services,2025-04-08,49.85,Paid,2025-04-17,
INV-71175,REQ-41333,RQ-108,Salas Trial Lawyers,Atlas Comp Services,2025-04-14,45.30,Paid,2025-05-02,
INV-71176,REQ-41334,RQ-110,Marchetti & Cole,Atlas Comp Services,2025-04-21,140.50,Paid,2025-05-06,
INV-71177,REQ-41337,RQ-105,Brennan Hale PC,Atlas Comp Services,2025-05-01,51.60,Open,,
INV-71178,REQ-41338,RQ-103,Kessler Injury Attorneys,Atlas Comp Services,2025-05-01,140.50,Paid,2025-05-13,
INV-71179,REQ-41339,RQ-118,Pruitt Legal Group,Atlas Comp Services,2025-04-15,79.95,Paid,2025-04-30,
INV-71180,REQ-41341,RQ-121,RecordPoint Retrieval,Atlas Comp Services,2025-04-24,56.15,Paid,2025-05-02,
INV-71181,REQ-41342,RQ-119,Quinlan & Ames,Atlas Comp Services,2025-04-21,113.20,Paid,2025-05-02,
INV-71182,REQ-41343,RQ-129,Evergreen Casualty,Atlas Comp Services,2025-04-07,42.85,Paid,2025-04-24,
INV-71183,REQ-41345,RQ-101,Morrison & Pratt LLP,Harborline Mutual Insurance,2025-05-30,43.20,Paid,2025-06-10,
INV-71184,REQ-41346,RQ-127,Pioneer Standard Insurance,Harborline Mutual Insurance,2025-05-26,53.35,Paid,2025-06-02,
INV-71185,REQ-41347,RQ-101,Morrison & Pratt LLP,Harborline Mutual Insurance,2025-05-22,162.55,Paid,2025-06-05,
INV-71186,REQ-41348,RQ-101,Morrison & Pratt LLP,Harborline Mutual Insurance,2025-05-22,86.95,Paid,2025-05-24,
INV-71187,REQ-41349,RQ-121,RecordPoint Retrieval,Harborline Mutual Insurance,2025-05-16,49.85,Open,,
INV-71188,REQ-41350,RQ-105,Brennan Hale PC,Harborline Mutual Insurance,2025-05-19,35.15,Paid,2025-05-28,
INV-71189,REQ-41352,RQ-121,RecordPoint Retrieval,Harborline Mutual Insurance,2025-05-23,182.15,Paid,2025-05-31,
INV-71190,REQ-41354,RQ-121,RecordPoint Retrieval,Harborline Mutual Insurance,2025-05-07,50.20,Paid,2025-05-13,
INV-71191,REQ-41355,RQ-121,RecordPoint Retrieval,Harborline Mutual Insurance,2025-05-16,65.95,Paid,2025-05-27,
INV-71192,REQ-41356,RQ-129,Evergreen Casualty,Harborline Mutual Insurance,2025-05-14,195.10,Paid,2025-05-28,
INV-71193,REQ-41357,RQ-126,Summit Chart Services,Harborline Mutual Insurance,2025-06-02,152.40,Paid,2025-06-12,
INV-71194,REQ-41358,RQ-129,Evergreen Casualty,Harborline Mutual Insurance,2025-05-07,88.70,Paid,2025-05-12,
INV-71195,REQ-41359,RQ-111,Ferris Nguyen LLP,Harborline Mutual Insurance,2025-05-08,74.35,Paid,2025-05-19,
INV-71196,REQ-41360,RQ-124,Keystone Record Retrieval,Harborline Mutual Insurance,2025-05-15,72.95,Open,,
INV-71197,REQ-41361,RQ-129,Evergreen Casualty,Harborline Mutual Insurance,2025-05-15,55.45,Paid,2025-05-28,
INV-71198,REQ-41362,RQ-103,Kessler Injury Attorneys,Harborline Mutual Insurance,2025-05-12,164.30,Paid,2025-05-21,
INV-71199,REQ-41363,RQ-125,ClearPath Records,Harborline Mutual Insurance,2025-05-15,67.35,Paid,2025-05-23,
INV-71200,REQ-41364,RQ-123,DocuTrace Services,Harborline Mutual Insurance,2025-05-12,59.65,Paid,2025-05-30,
INV-71201,REQ-41365,RQ-121,RecordPoint Retrieval,Harborline Mutual Insurance,2025-05-27,89.05,Paid,2025-05-31,
INV-71202,REQ-41366,RQ-101,Morrison & Pratt LLP,Harborline Mutual Insurance,2025-05-09,56.85,Cancelled,,Duplicate request
INV-71203,REQ-41367,RQ-101,Morrison & Pratt LLP,Harborline Mutual Insurance,2025-05-29,35.50,Paid,2025-05-31,
INV-71204,REQ-41368,RQ-130,Sterling Auto Insurance,Harborline Mutual Insurance,2025-05-09,98.50,Cancelled,,No records found
INV-71205,REQ-41370,RQ-124,Keystone Record Retrieval,Harborline Mutual Insurance,2025-05-09,68.05,Paid,2025-05-26,
INV-71206,REQ-41371,RQ-121,RecordPoint Retrieval,Harborline Mutual Insurance,2025-05-30,50.90,Open,,
INV-71207,REQ-41372,RQ-105,Brennan Hale PC,Harborline Mutual Insurance,2025-06-02,96.75,Open,,
INV-71208,REQ-41373,RQ-123,DocuTrace Services,Harborline Mutual Insurance,2025-05-15,76.80,Paid,2025-05-31,
INV-71209,REQ-41375,RQ-120,Beaumont Stark,Harborline Mutual Insurance,2025-05-15,41.10,Paid,2025-05-27,
INV-71210,REQ-41376,RQ-125,ClearPath Records,Harborline Mutual Insurance,2025-05-28,79.60,Paid,2025-06-08,
INV-71211,REQ-41377,RQ-126,Summit Chart Services,Harborline Mutual Insurance,2025-05-28,43.90,Paid,2025-06-12,
INV-71212,REQ-41378,RQ-121,RecordPoint Retrieval,Harborline Mutual Insurance,2025-05-16,54.05,Paid,2025-05-19,
INV-71213,REQ-41379,RQ-119,Quinlan & Ames,Harborline Mutual Insurance,2025-05-06,45.30,Paid,2025-05-10,
INV-71214,REQ-41381,RQ-108,Salas Trial Lawyers,Harborline Mutual Insurance,2025-05-09,67.35,Paid,2025-05-27,
INV-71215,REQ-41382,RQ-121,RecordPoint Retrieval,Harborline Mutual Insurance,2025-05-12,81.70,Paid,2025-05-28,
INV-71216,REQ-41383,RQ-129,Evergreen Casualty,Harborline Mutual Insurance,2025-05-16,55.80,Open,,
INV-71217,REQ-41384,RQ-111,Ferris Nguyen LLP,Harborline Mutual Insurance,2025-05-15,77.15,Paid,2025-05-18,
INV-71218,REQ-41385,RQ-115,Lindqvist Defense,Harborline Mutual Insurance,2025-06-03,49.85,Paid,2025-06-16,
INV-71219,REQ-41386,RQ-120,Beaumont Stark,Harborline Mutual Insurance,2025-05-15,61.40,Paid,2025-05-21,
INV-71220,REQ-41387,RQ-105,Brennan Hale PC,Harborline Mutual Insurance,2025-05-29,54.40,Paid,2025-06-07,
INV-71221,REQ-41389,RQ-116,Carver Moss LLP,Harborline Mutual Insurance,2025-05-23,38.65,Paid,2025-06-04,
INV-71222,REQ-41390,RQ-122,SwiftFile Records,Harborline Mutual Insurance,2025-06-05,79.95,Paid,2025-06-14,
INV-71223,REQ-41391,RQ-111,Ferris Nguyen LLP,Harborline Mutual Insurance,2025-05-26,47.75,Open,,
INV-71224,REQ-41392,RQ-111,Ferris Nguyen LLP,Harborline Mutual Insurance,2025-05-09,39.00,Paid,2025-05-16,
INV-71225,REQ-41393,RQ-111,Ferris Nguyen LLP,Harborline Mutual Insurance,2025-05-15,61.05,Paid,2025-05-17,
INV-71226,REQ-41394,RQ-120,Beaumont Stark,Harborline Mutual Insurance,2025-05-27,97.80,Paid,2025-06-13,
INV-71227,REQ-41395,RQ-112,Abernathy Law,Harborline Mutual Insurance,2025-05-14,50.20,Open,,
INV-71228,REQ-41396,RQ-102,Delgado Law Group,Harborline Mutual Insurance,2025-05-09,109.35,Open,,
INV-71229,REQ-41397,RQ-127,Pioneer Standard Insurance,Harborline Mutual Insurance,2025-05-29,82.75,Paid,2025-06-08,
INV-71230,REQ-41398,RQ-123,DocuTrace Services,Harborline Mutual Insurance,2025-05-19,48.80,Paid,2025-05-28,
INV-71231,REQ-41399,RQ-118,Pruitt Legal Group,Harborline Mutual Insurance,2025-05-15,60.35,Paid,2025-05-26,
INV-71232,REQ-41400,RQ-124,Keystone Record Retrieval,Harborline Mutual Insurance,2025-05-16,301.15,Paid,2025-05-24,
INV-71233,REQ-41401,RQ-124,Keystone Record Retrieval,Harborline Mutual Insurance,2025-05-26,73.30,Paid,2025-05-31,
INV-71234,REQ-41402,RQ-114,Tate & Winslow,Harborline Mutual Insurance,2025-05-06,121.95,Paid,2025-05-15,
INV-71235,REQ-41403,RQ-112,Abernathy Law,Harborline Mutual Insurance,2025-05-15,208.40,Paid,2025-05-27,
INV-71236,REQ-41404,RQ-112,Abernathy Law,Harborline Mutual Insurance,2025-06-02,141.55,Paid,2025-06-12,
INV-71237,REQ-41405,RQ-124,Keystone Record Retrieval,Harborline Mutual Insurance,2025-05-22,85.90,Paid,2025-05-26,
INV-71238,REQ-41406,RQ-112,Abernathy Law,Harborline Mutual Insurance,2025-05-30,61.40,Paid,2025-06-14,
INV-71239,REQ-41407,RQ-129,Evergreen Casualty,Harborline Mutual Insurance,2025-05-20,95.35,Paid,2025-05-25,
INV-71240,REQ-41408,RQ-114,Tate & Winslow,Harborline Mutual Insurance,2025-05-30,46.00,Paid,2025-06-10,
INV-71241,REQ-41409,RQ-102,Delgado Law Group,Harborline Mutual Insurance,2025-05-13,49.85,Paid,2025-05-24,
INV-71242,REQ-41410,RQ-124,Keystone Record Retrieval,Harborline Mutual Insurance,2025-05-15,47.05,Paid,2025-05-29,
INV-71243,REQ-41411,RQ-101,Morrison & Pratt LLP,Harborline Mutual Insurance,2025-05-12,49.85,Open,,
INV-71244,REQ-41412,RQ-130,Sterling Auto Insurance,Harborline Mutual Insurance,2025-05-14,107.60,Paid,2025-05-20,
INV-71245,REQ-41413,RQ-129,Evergreen Casualty,Harborline Mutual Insurance,2025-05-29,63.50,Paid,2025-06-01,
INV-71246,REQ-41414,RQ-121,RecordPoint Retrieval,Harborline Mutual Insurance,2025-05-09,91.50,Paid,2025-05-21,
INV-71247,REQ-41415,RQ-109,Hudson Valley Injury Law,Harborline Mutual Insurance,2025-05-29,60.35,Paid,2025-06-02,
INV-71248,REQ-41416,RQ-110,Marchetti & Cole,Harborline Mutual Insurance,2025-05-15,140.50,Paid,2025-05-18,
INV-71249,REQ-41417,RQ-129,Evergreen Casualty,Harborline Mutual Insurance,2025-05-14,60.35,Cancelled,,Duplicate request
INV-71250,REQ-41418,RQ-125,ClearPath Records,Granite Shield Insurance,2025-05-23,117.05,Paid,2025-05-31,
INV-71251,REQ-41419,RQ-111,Ferris Nguyen LLP,Granite Shield Insurance,2025-05-23,69.80,Paid,2025-06-04,
INV-71252,REQ-41420,RQ-121,RecordPoint Retrieval,Granite Shield Insurance,2025-05-13,128.60,Paid,2025-05-30,
INV-71253,REQ-41421,RQ-110,Marchetti & Cole,Granite Shield Insurance,2025-05-21,88.35,Paid,2025-06-05,
INV-71254,REQ-41422,RQ-101,Morrison & Pratt LLP,Granite Shield Insurance,2025-05-16,172.70,Cancelled,,Duplicate request
INV-71255,REQ-41423,RQ-118,Pruitt Legal Group,Granite Shield Insurance,2025-05-16,56.85,Paid,2025-05-30,
INV-71256,REQ-41425,RQ-101,Morrison & Pratt LLP,Granite Shield Insurance,2025-05-26,67.70,Paid,2025-06-13,
INV-71257,REQ-41428,RQ-121,RecordPoint Retrieval,Granite Shield Insurance,2025-05-13,60.00,Open,,
INV-71258,REQ-41429,RQ-113,Grayson Poole,Granite Shield Insurance,2025-05-19,60.35,Paid,2025-05-26,
INV-71259,REQ-41431,RQ-113,Grayson Poole,Granite Shield Insurance,2025-05-26,70.50,Paid,2025-05-30,
INV-71260,REQ-41432,RQ-101,Morrison & Pratt LLP,Granite Shield Insurance,2025-05-14,43.90,Paid,2025-05-29,
INV-71261,REQ-41433,RQ-124,Keystone Record Retrieval,Granite Shield Insurance,2025-05-19,86.95,Open,,
INV-71262,REQ-41434,RQ-121,RecordPoint Retrieval,Granite Shield Insurance,2025-05-16,79.25,Paid,2025-05-29,
INV-71263,REQ-41435,RQ-130,Sterling Auto Insurance,Granite Shield Insurance,2025-05-09,194.40,Cancelled,,Request withdrawn
INV-71264,REQ-41436,RQ-102,Delgado Law Group,Granite Shield Insurance,2025-05-30,65.25,Paid,2025-06-02,
INV-71265,REQ-41437,RQ-110,Marchetti & Cole,Granite Shield Insurance,2025-05-21,43.90,Paid,2025-06-04,
INV-71266,REQ-41438,RQ-101,Morrison & Pratt LLP,Granite Shield Insurance,2025-05-09,81.00,Cancelled,,Duplicate request
INV-71267,REQ-41439,RQ-101,Morrison & Pratt LLP,Granite Shield Insurance,2025-05-30,54.05,Paid,2025-06-03,
INV-71268,REQ-41441,RQ-113,Grayson Poole,Granite Shield Insurance,2025-05-29,78.90,Paid,2025-06-04,
INV-71269,REQ-41442,RQ-112,Abernathy Law,Granite Shield Insurance,2025-06-03,62.10,Paid,2025-06-09,
INV-71270,REQ-41443,RQ-127,Pioneer Standard Insurance,Granite Shield Insurance,2025-05-12,73.30,Cancelled,,Request withdrawn
INV-71271,REQ-41444,RQ-118,Pruitt Legal Group,Granite Shield Insurance,2025-05-12,87.30,Paid,2025-05-14,
INV-71272,REQ-41445,RQ-114,Tate & Winslow,Granite Shield Insurance,2025-05-15,57.90,Paid,2025-05-31,
INV-71273,REQ-41446,RQ-101,Morrison & Pratt LLP,Granite Shield Insurance,2025-05-23,49.85,Paid,2025-05-27,
INV-71274,REQ-41447,RQ-128,Lakeside Mutual,Granite Shield Insurance,2025-05-12,91.50,Paid,2025-05-23,
INV-71275,REQ-41448,RQ-105,Brennan Hale PC,Granite Shield Insurance,2025-05-12,55.80,Paid,2025-05-24,
INV-71276,REQ-41449,RQ-121,RecordPoint Retrieval,Granite Shield Insurance,2025-05-26,77.15,Open,,
INV-71277,REQ-41450,RQ-114,Tate & Winslow,Granite Shield Insurance,2025-06-02,66.30,Paid,2025-06-15,
INV-71278,REQ-41451,RQ-106,Ostrowski Legal,Granite Shield Insurance,2025-05-23,138.75,Paid,2025-06-07,
INV-71279,REQ-41452,RQ-122,SwiftFile Records,Granite Shield Insurance,2025-05-09,34.80,Open,,
INV-71280,REQ-41453,RQ-109,Hudson Valley Injury Law,Granite Shield Insurance,2025-05-16,64.20,Paid,2025-05-22,
INV-71281,REQ-41454,RQ-106,Ostrowski Legal,Granite Shield Insurance,2025-05-19,39.70,Paid,2025-06-04,
INV-71282,REQ-41455,RQ-108,Salas Trial Lawyers,Granite Shield Insurance,2025-06-02,76.10,Paid,2025-06-11,
INV-71283,REQ-41457,RQ-123,DocuTrace Services,Granite Shield Insurance,2025-05-19,137.70,Paid,2025-06-02,
INV-71284,REQ-41458,RQ-101,Morrison & Pratt LLP,Granite Shield Insurance,2025-05-28,87.65,Cancelled,,Duplicate request
INV-71285,REQ-41459,RQ-106,Ostrowski Legal,Granite Shield Insurance,2025-05-16,51.60,Paid,2025-06-03,
INV-71286,REQ-41460,RQ-112,Abernathy Law,Granite Shield Insurance,2025-05-20,66.65,Paid,2025-05-23,
INV-71287,REQ-41461,RQ-121,RecordPoint Retrieval,Granite Shield Insurance,2025-06-03,46.70,Paid,2025-06-07,
INV-71288,REQ-41462,RQ-110,Marchetti & Cole,Granite Shield Insurance,2025-05-13,69.80,Paid,2025-05-23,
INV-71289,REQ-41463,RQ-122,SwiftFile Records,Granite Shield Insurance,2025-05-23,163.60,Paid,2025-06-02,
INV-71290,REQ-41464,RQ-124,Keystone Record Retrieval,Keystone Auto Group,2025-05-20,94.30,Paid,2025-06-07,
INV-71291,REQ-41465,RQ-126,Summit Chart Services,Keystone Auto Group,2025-05-26,39.70,Paid,2025-06-09,
INV-71292,REQ-41466,RQ-101,Morrison & Pratt LLP,Keystone Auto Group,2025-05-26,49.15,Paid,2025-06-10,
INV-71293,REQ-41467,RQ-128,Lakeside Mutual,Keystone Auto Group,2025-05-15,70.50,Paid,2025-06-02,
INV-71294,REQ-41469,RQ-108,Salas Trial Lawyers,Keystone Auto Group,2025-06-03,45.65,Paid,2025-06-17,
INV-71295,REQ-41470,RQ-101,Morrison & Pratt LLP,Keystone Auto Group,2025-05-28,71.90,Open,,
INV-71296,REQ-41471,RQ-121,RecordPoint Retrieval,Keystone Auto Group,2025-05-30,84.15,Open,,
INV-71297,REQ-41472,RQ-127,Pioneer Standard Insurance,Keystone Auto Group,2025-05-19,84.15,Open,,
INV-71298,REQ-41473,RQ-113,Grayson Poole,Keystone Auto Group,2025-05-09,49.50,Paid,2025-05-23,
INV-71299,REQ-41474,RQ-124,Keystone Record Retrieval,Keystone Auto Group,2025-05-27,63.50,Cancelled,,Duplicate request
INV-71300,REQ-41475,RQ-120,Beaumont Stark,Keystone Auto Group,2025-05-16,80.30,Paid,2025-05-31,
INV-71301,REQ-41476,RQ-103,Kessler Injury Attorneys,Keystone Auto Group,2025-05-21,196.50,Paid,2025-05-24,
INV-71302,REQ-41477,RQ-102,Delgado Law Group,Keystone Auto Group,2025-05-14,34.80,Paid,2025-05-20,
INV-71303,REQ-41478,RQ-121,RecordPoint Retrieval,Keystone Auto Group,2025-05-27,52.65,Open,,
INV-71304,REQ-41479,RQ-111,Ferris Nguyen LLP,Keystone Auto Group,2025-05-13,62.80,Paid,2025-05-21,
INV-71305,REQ-41480,RQ-113,Grayson Poole,Keystone Auto Group,2025-05-13,39.35,Paid,2025-05-18,
INV-71306,REQ-41481,RQ-115,Lindqvist Defense,Keystone Auto Group,2025-05-09,33.75,Paid,2025-05-14,
INV-71307,REQ-41482,RQ-117,Iverson Goldberg,Keystone Auto Group,2025-05-08,70.85,Paid,2025-05-22,
INV-71308,REQ-41483,RQ-129,Evergreen Casualty,Keystone Auto Group,2025-05-16,76.45,Paid,2025-05-19,
INV-71309,REQ-41484,RQ-103,Kessler Injury Attorneys,Keystone Auto Group,2025-05-06,47.40,Paid,2025-05-19,
INV-71310,REQ-41486,RQ-105,Brennan Hale PC,Keystone Auto Group,2025-05-26,45.30,Paid,2025-06-04,
INV-71311,REQ-41488,RQ-121,RecordPoint Retrieval,Keystone Auto Group,2025-05-12,273.85,Paid,2025-05-26,
INV-71312,REQ-41489,RQ-121,RecordPoint Retrieval,Keystone Auto Group,2025-05-09,103.40,Paid,2025-05-14,
INV-71313,REQ-41490,RQ-107,Park & Levine,Keystone Auto Group,2025-05-21,44.60,Open,,
INV-71314,REQ-41491,RQ-121,RecordPoint Retrieval,Keystone Auto Group,2025-05-15,130.00,Open,,
INV-71315,REQ-41492,RQ-105,Brennan Hale PC,Keystone Auto Group,2025-05-12,134.20,Open,,
INV-71316,REQ-41493,RQ-122,SwiftFile Records,Keystone Auto Group,2025-05-13,72.60,Paid,2025-05-16,
INV-71317,REQ-41494,RQ-122,SwiftFile Records,Keystone Auto Group,2025-05-23,36.90,Paid,2025-06-10,
INV-71318,REQ-41495,RQ-112,Abernathy Law,Keystone Auto Group,2025-05-27,60.35,Paid,2025-06-01,
INV-71319,REQ-41496,RQ-126,Summit Chart Services,Keystone Auto Group,2025-05-30,73.65,Paid,2025-06-08,
INV-71320,REQ-41497,RQ-129,Evergreen Casualty,Keystone Auto Group,2025-05-20,83.45,Paid,2025-06-07,
INV-71321,REQ-41498,RQ-125,ClearPath Records,Keystone Auto Group,2025-05-09,51.25,Paid,2025-05-15,
INV-71322,REQ-41499,RQ-101,Morrison & Pratt LLP,Keystone Auto Group,2025-05-26,112.15,Paid,2025-06-09,
INV-71323,REQ-41500,RQ-108,Salas Trial Lawyers,Keystone Auto Group,2025-05-14,67.35,Paid,2025-05-30,
INV-71324,REQ-41501,RQ-116,Carver Moss LLP,Keystone Auto Group,2025-05-16,77.15,Paid,2025-06-02,
INV-71325,REQ-41503,RQ-130,Sterling Auto Insurance,Keystone Auto Group,2025-06-02,89.05,Paid,2025-06-13,
INV-71326,REQ-41504,RQ-106,Ostrowski Legal,Keystone Auto Group,2025-05-22,73.65,Paid,2025-06-07,
INV-71327,REQ-41505,RQ-123,DocuTrace Services,Keystone Auto Group,2025-05-22,57.90,Paid,2025-05-25,
INV-71328,REQ-41506,RQ-109,Hudson Valley Injury Law,Keystone Auto Group,2025-05-12,62.80,Paid,2025-05-24,
INV-71329,REQ-41507,RQ-128,Lakeside Mutual,Tri-County Workers' Comp Fund,2025-05-19,75.75,Paid,2025-06-05,
INV-71330,REQ-41508,RQ-112,Abernathy Law,Tri-County Workers' Comp Fund,2025-06-04,94.30,Paid,2025-06-16,
INV-71331,REQ-41509,RQ-104,Whitcombe & Rao,Tri-County Workers' Comp Fund,2025-05-12,51.60,Paid,2025-05-16,
INV-71332,REQ-41511,RQ-121,RecordPoint Retrieval,Tri-County Workers' Comp Fund,2025-06-03,81.70,Open,,
INV-71333,REQ-41512,RQ-108,Salas Trial Lawyers,Tri-County Workers' Comp Fund,2025-05-23,57.55,Paid,2025-06-01,
INV-71334,REQ-41513,RQ-123,DocuTrace Services,Tri-County Workers' Comp Fund,2025-05-21,50.55,Paid,2025-06-07,
INV-71335,REQ-41514,RQ-118,Pruitt Legal Group,Tri-County Workers' Comp Fund,2025-05-16,68.05,Paid,2025-05-31,
INV-71336,REQ-41515,RQ-113,Grayson Poole,Tri-County Workers' Comp Fund,2025-05-29,48.80,Paid,2025-06-09,
INV-71337,REQ-41516,RQ-106,Ostrowski Legal,Tri-County Workers' Comp Fund,2025-05-16,138.05,Paid,2025-05-19,
INV-71338,REQ-41517,RQ-124,Keystone Record Retrieval,Tri-County Workers' Comp Fund,2025-05-29,76.45,Paid,2025-06-03,
INV-71339,REQ-41518,RQ-121,RecordPoint Retrieval,Tri-County Workers' Comp Fund,2025-05-06,54.75,Paid,2025-05-15,
INV-71340,REQ-41519,RQ-105,Brennan Hale PC,Tri-County Workers' Comp Fund,2025-06-05,82.40,Paid,2025-06-15,
INV-71341,REQ-41520,RQ-101,Morrison & Pratt LLP,Tri-County Workers' Comp Fund,2025-05-05,54.40,Cancelled,,Request withdrawn
INV-71342,REQ-41522,RQ-111,Ferris Nguyen LLP,Tri-County Workers' Comp Fund,2025-05-21,41.80,Paid,2025-05-23,
INV-71343,REQ-41523,RQ-112,Abernathy Law,Tri-County Workers' Comp Fund,2025-05-09,46.70,Paid,2025-05-23,
INV-71344,REQ-41524,RQ-115,Lindqvist Defense,Tri-County Workers' Comp Fund,2025-05-15,75.05,Paid,2025-05-22,
INV-71345,REQ-41525,RQ-121,RecordPoint Retrieval,Tri-County Workers' Comp Fund,2025-05-29,55.10,Open,,
INV-71346,REQ-41526,RQ-127,Pioneer Standard Insurance,Tri-County Workers' Comp Fund,2025-05-29,32.35,Paid,2025-06-13,
INV-71347,REQ-41527,RQ-119,Quinlan & Ames,Tri-County Workers' Comp Fund,2025-05-14,41.45,Paid,2025-06-01,
INV-71348,REQ-41529,RQ-101,Morrison & Pratt LLP,Tri-County Workers' Comp Fund,2025-05-16,42.15,Paid,2025-05-20,
INV-71349,REQ-41530,RQ-101,Morrison & Pratt LLP,Tri-County Workers' Comp Fund,2025-06-02,62.10,Open,,
INV-71350,REQ-41531,RQ-130,Sterling Auto Insurance,Tri-County Workers' Comp Fund,2025-05-14,107.60,Paid,2025-06-01,
INV-71351,REQ-41533,RQ-111,Ferris Nguyen LLP,Tri-County Workers' Comp Fund,2025-06-06,128.95,Paid,2025-06-13,
INV-71352,REQ-41534,RQ-117,Iverson Goldberg,Tri-County Workers' Comp Fund,2025-05-22,104.10,Open,,
INV-71353,REQ-41535,RQ-113,Grayson Poole,Tri-County Workers' Comp Fund,2025-05-28,61.40,Paid,2025-06-06,
INV-71354,REQ-41536,RQ-111,Ferris Nguyen LLP,Tri-County Workers' Comp Fund,2025-06-02,92.20,Paid,2025-06-18,
INV-71355,REQ-41537,RQ-101,Morrison & Pratt LLP,Tri-County Workers' Comp Fund,2025-05-15,73.30,Paid,2025-06-02,
INV-71356,REQ-41538,RQ-118,Pruitt Legal Group,Tri-County Workers' Comp Fund,2025-05-09,78.55,Paid,2025-05-25,
INV-71357,REQ-41539,RQ-126,Summit Chart Services,Beacon Casualty Company,2025-05-15,53.35,Paid,2025-05-18,
INV-71358,REQ-41540,RQ-121,RecordPoint Retrieval,Beacon Casualty Company,2025-05-14,85.90,Paid,2025-05-29,
INV-71359,REQ-41541,RQ-102,Delgado Law Group,Beacon Casualty Company,2025-05-20,81.70,Paid,2025-05-29,
INV-71360,REQ-41542,RQ-125,ClearPath Records,Beacon Casualty Company,2025-06-02,45.65,Paid,2025-06-17,
INV-71361,REQ-41543,RQ-121,RecordPoint Retrieval,Beacon Casualty Company,2025-05-30,67.35,Paid,2025-06-02,
INV-71362,REQ-41544,RQ-121,RecordPoint Retrieval,Beacon Casualty Company,2025-05-30,42.85,Open,,
INV-71363,REQ-41545,RQ-109,Hudson Valley Injury Law,Beacon Casualty Company,2025-05-12,65.95,Paid,2025-05-20,
INV-71364,REQ-41546,RQ-106,Ostrowski Legal,Beacon Casualty Company,2025-05-19,69.80,Paid,2025-05-25,
INV-71365,REQ-41548,RQ-113,Grayson Poole,Beacon Casualty Company,2025-05-19,57.55,Paid,2025-05-27,
INV-71366,REQ-41549,RQ-114,Tate & Winslow,Beacon Casualty Company,2025-05-29,107.60,Paid,2025-06-16,
INV-71367,REQ-41550,RQ-111,Ferris Nguyen LLP,Beacon Casualty Company,2025-05-09,118.10,Paid,2025-05-24,
INV-71368,REQ-41551,RQ-121,RecordPoint Retrieval,Beacon Casualty Company,2025-05-22,72.95,Open,,
INV-71369,REQ-41552,RQ-109,Hudson Valley Injury Law,Beacon Casualty Company,2025-05-30,54.05,Paid,2025-06-03,
INV-71370,REQ-41553,RQ-110,Marchetti & Cole,Beacon Casualty Company,2025-06-02,65.95,Paid,2025-06-14,
INV-71371,REQ-41554,RQ-108,Salas Trial Lawyers,Beacon Casualty Company,2025-05-09,62.80,Paid,2025-05-18,
INV-71372,REQ-41556,RQ-121,RecordPoint Retrieval,Beacon Casualty Company,2025-06-05,76.10,Open,,
INV-71373,REQ-41557,RQ-126,Summit Chart Services,Beacon Casualty Company,2025-05-23,68.40,Open,,
INV-71374,REQ-41558,RQ-126,Summit Chart Services,Beacon Casualty Company,2025-05-29,76.80,Paid,2025-06-09,
INV-71375,REQ-41559,RQ-112,Abernathy Law,Beacon Casualty Company,2025-05-27,39.00,Paid,2025-06-06,
INV-71376,REQ-41560,RQ-105,Brennan Hale PC,Beacon Casualty Company,2025-05-27,73.65,Paid,2025-06-04,
INV-71377,REQ-41561,RQ-130,Sterling Auto Insurance,Beacon Casualty Company,2025-05-23,53.70,Paid,2025-05-27,
INV-71378,REQ-41562,RQ-123,DocuTrace Services,Beacon Casualty Company,2025-05-20,53.00,Paid,2025-06-01,
INV-71379,REQ-41563,RQ-118,Pruitt Legal Group,Beacon Casualty Company,2025-05-28,120.20,Paid,2025-06-10,
INV-71380,REQ-41564,RQ-125,ClearPath Records,Beacon Casualty Company,2025-05-08,65.25,Paid,2025-05-26,
INV-71381,REQ-41565,RQ-124,Keystone Record Retrieval,Beacon Casualty Company,2025-05-21,47.75,Cancelled,,Request withdrawn
INV-71382,REQ-41566,RQ-107,Park & Levine,Beacon Casualty Company,2025-05-28,97.10,Paid,2025-06-07,
INV-71383,REQ-41567,RQ-101,Morrison & Pratt LLP,Beacon Casualty Company,2025-05-20,65.60,Paid,2025-05-28,
INV-71384,REQ-41568,RQ-101,Morrison & Pratt LLP,Beacon Casualty Company,2025-05-02,95.35,Cancelled,,Request withdrawn
INV-71385,REQ-41569,RQ-102,Delgado Law Group,Beacon Casualty Company,2025-05-15,35.15,Paid,2025-05-29,
INV-71386,REQ-41570,RQ-121,RecordPoint Retrieval,Beacon Casualty Company,2025-05-22,96.75,Open,,
INV-71387,REQ-41571,RQ-115,Lindqvist Defense,Beacon Casualty Company,2025-05-15,71.90,Paid,2025-05-24,
INV-71388,REQ-41572,RQ-124,Keystone Record Retrieval,Beacon Casualty Company,2025-06-02,74.35,Open,,
INV-71389,REQ-41573,RQ-120,Beaumont Stark,Beacon Casualty Company,2025-05-20,76.10,Open,,
INV-71390,REQ-41574,RQ-121,RecordPoint Retrieval,Beacon Casualty Company,2025-06-02,49.85,Paid,2025-06-19,
INV-71391,REQ-41575,RQ-116,Carver Moss LLP,Beacon Casualty Company,2025-06-05,86.60,Open,,
INV-71392,REQ-41576,RQ-127,Pioneer Standard Insurance,Northfork Insurance Co.,2025-05-23,51.60,Paid,2025-05-31,
INV-71393,REQ-41577,RQ-124,Keystone Record Retrieval,Northfork Insurance Co.,2025-05-30,37.95,Paid,2025-06-06,
INV-71394,REQ-41578,RQ-123,DocuTrace Services,Northfork Insurance Co.,2025-05-05,49.50,Cancelled,,No records found
INV-71395,REQ-41579,RQ-126,Summit Chart Services,Northfork Insurance Co.,2025-05-08,89.75,Paid,2025-05-13,
INV-71396,REQ-41580,RQ-128,Lakeside Mutual,Northfork Insurance Co.,2025-05-19,77.50,Paid,2025-05-29,
INV-71397,REQ-41582,RQ-124,Keystone Record Retrieval,Northfork Insurance Co.,2025-05-12,42.15,Open,,
INV-71398,REQ-41583,RQ-102,Delgado Law Group,Northfork Insurance Co.,2025-06-03,61.40,Paid,2025-06-10,
INV-71399,REQ-41584,RQ-124,Keystone Record Retrieval,Northfork Insurance Co.,2025-05-29,54.05,Open,,
INV-71400,REQ-41585,RQ-113,Grayson Poole,Northfork Insurance Co.,2025-05-16,42.15,Paid,2025-05-19,
INV-71401,REQ-41586,RQ-108,Salas Trial Lawyers,Northfork Insurance Co.,2025-05-29,129.65,Paid,2025-06-11,
INV-71402,REQ-41587,RQ-106,Ostrowski Legal,Northfork Insurance Co.,2025-05-19,62.10,Paid,2025-05-24,
INV-71403,REQ-41588,RQ-121,RecordPoint Retrieval,Northfork Insurance Co.,2025-05-20,101.30,Paid,2025-05-22,
INV-71404,REQ-41589,RQ-118,Pruitt Legal Group,Northfork Insurance Co.,2025-05-06,93.95,Paid,2025-05-17,
INV-71405,REQ-41590,RQ-117,Iverson Goldberg,Northfork Insurance Co.,2025-05-13,62.80,Paid,2025-05-22,
INV-71406,REQ-41591,RQ-121,RecordPoint Retrieval,Northfork Insurance Co.,2025-05-14,124.75,Paid,2025-05-27,
INV-71407,REQ-41592,RQ-106,Ostrowski Legal,Northfork Insurance Co.,2025-05-20,104.10,Paid,2025-05-29,
INV-71408,REQ-41593,RQ-117,Iverson Goldberg,Northfork Insurance Co.,2025-05-21,85.55,Paid,2025-06-06,
INV-71409,REQ-41594,RQ-106,Ostrowski Legal,Northfork Insurance Co.,2025-05-16,35.85,Open,,
INV-71410,REQ-41595,RQ-103,Kessler Injury Attorneys,Northfork Insurance Co.,2025-05-14,46.00,Paid,2025-05-30,
INV-71411,REQ-41596,RQ-103,Kessler Injury Attorneys,Northfork Insurance Co.,2025-05-16,79.60,Open,,
INV-71412,REQ-41598,RQ-125,ClearPath Records,Northfork Insurance Co.,2025-05-09,117.75,Open,,
INV-71413,REQ-41599,RQ-126,Summit Chart Services,Northfork Insurance Co.,2025-06-03,34.10,Paid,2025-06-12,
INV-71414,REQ-41600,RQ-117,Iverson Goldberg,Northfork Insurance Co.,2025-05-09,91.50,Cancelled,,No records found
INV-71415,REQ-41601,RQ-127,Pioneer Standard Insurance,Meridian Auto & Home,2025-05-30,46.35,Paid,2025-06-01,
INV-71416,REQ-41602,RQ-123,DocuTrace Services,Meridian Auto & Home,2025-05-12,72.95,Paid,2025-05-22,
INV-71417,REQ-41603,RQ-110,Marchetti & Cole,Meridian Auto & Home,2025-05-02,170.95,Cancelled,,No records found
INV-71418,REQ-41604,RQ-125,ClearPath Records,Meridian Auto & Home,2025-05-29,63.85,Paid,2025-06-16,
INV-71419,REQ-41605,RQ-101,Morrison & Pratt LLP,Meridian Auto & Home,2025-06-02,80.65,Paid,2025-06-12,
INV-71420,REQ-41606,RQ-125,ClearPath Records,Meridian Auto & Home,2025-05-29,127.55,Paid,2025-06-11,
INV-71421,REQ-41607,RQ-121,RecordPoint Retrieval,Meridian Auto & Home,2025-05-09,38.30,Open,,
INV-71422,REQ-41608,RQ-120,Beaumont Stark,Meridian Auto & Home,2025-05-21,59.65,Paid,2025-05-30,
INV-71423,REQ-41609,RQ-104,Whitcombe & Rao,Meridian Auto & Home,2025-05-12,49.15,Paid,2025-05-15,
INV-71424,REQ-41611,RQ-121,RecordPoint Retrieval,Meridian Auto & Home,2025-05-28,60.70,Open,,
INV-71425,REQ-41612,RQ-113,Grayson Poole,Meridian Auto & Home,2025-05-20,100.60,Paid,2025-06-05,
INV-71426,REQ-41613,RQ-121,RecordPoint Retrieval,Meridian Auto & Home,2025-05-14,57.90,Open,,
INV-71427,REQ-41614,RQ-129,Evergreen Casualty,Meridian Auto & Home,2025-05-26,47.05,Open,,
INV-71428,REQ-41615,RQ-106,Ostrowski Legal,Meridian Auto & Home,2025-05-13,55.80,Paid,2025-05-31,
INV-71429,REQ-41617,RQ-111,Ferris Nguyen LLP,Meridian Auto & Home,2025-05-15,54.05,Paid,2025-05-27,
INV-71430,REQ-41619,RQ-113,Grayson Poole,Meridian Auto & Home,2025-05-27,68.75,Open,,
INV-71431,REQ-41620,RQ-113,Grayson Poole,Meridian Auto & Home,2025-05-15,58.95,Paid,2025-05-31,
INV-71432,REQ-41621,RQ-110,Marchetti & Cole,Meridian Auto & Home,2025-05-07,69.45,Paid,2025-05-17,
INV-71433,REQ-41622,RQ-108,Salas Trial Lawyers,Meridian Auto & Home,2025-05-07,58.95,Paid,2025-05-15,
INV-71434,REQ-41623,RQ-115,Lindqvist Defense,Meridian Auto & Home,2025-05-12,49.50,Cancelled,,Duplicate request
INV-71435,REQ-41624,RQ-120,Beaumont Stark,Atlas Comp Services,2025-06-06,70.15,Paid,2025-06-23,
INV-71436,REQ-41627,RQ-106,Ostrowski Legal,Atlas Comp Services,2025-05-13,85.20,Paid,2025-05-31,
INV-71437,REQ-41629,RQ-101,Morrison & Pratt LLP,Atlas Comp Services,2025-05-12,129.30,Paid,2025-05-25,
INV-71438,REQ-41630,RQ-127,Pioneer Standard Insurance,Atlas Comp Services,2025-06-04,63.15,Paid,2025-06-08,
INV-71439,REQ-41631,RQ-110,Marchetti & Cole,Atlas Comp Services,2025-05-13,46.35,Paid,2025-05-25,
INV-71440,REQ-41634,RQ-124,Keystone Record Retrieval,Atlas Comp Services,2025-05-22,85.55,Paid,2025-06-04,
INV-71441,REQ-41635,RQ-114,Tate & Winslow,Atlas Comp Services,2025-05-28,79.95,Paid,2025-06-02,
INV-71442,REQ-41636,RQ-123,DocuTrace Services,Atlas Comp Services,2025-06-06,44.25,Paid,2025-06-08,
INV-71443,REQ-41637,RQ-121,RecordPoint Retrieval,Atlas Comp Services,2025-05-21,58.95,Paid,2025-05-28,
INV-71444,REQ-41638,RQ-129,Evergreen Casualty,Atlas Comp Services,2025-06-03,81.70,Paid,2025-06-14,
INV-71445,REQ-41641,RQ-126,Summit Chart Services,Atlas Comp Services,2025-05-29,44.25,Paid,2025-06-15,
INV-71446,REQ-41642,RQ-121,RecordPoint Retrieval,Atlas Comp Services,2025-05-28,75.05,Paid,2025-06-01,
INV-71447,REQ-41643,RQ-117,Iverson Goldberg,Atlas Comp Services,2025-06-02,105.15,Paid,2025-06-10,
INV-71448,REQ-41644,RQ-130,Sterling Auto Insurance,Harborline Mutual Insurance,2025-06-03,133.50,Cancelled,,Duplicate request
INV-71449,REQ-41645,RQ-123,DocuTrace Services,Harborline Mutual Insurance,2025-06-26,50.55,Paid,2025-07-08,
INV-71450,REQ-41646,RQ-113,Grayson Poole,Harborline Mutual Insurance,2025-06-20,117.75,Paid,2025-07-07,
INV-71451,REQ-41647,RQ-109,Hudson Valley Injury Law,Harborline Mutual Insurance,2025-07-03,42.15,Paid,2025-07-17,
INV-71452,REQ-41648,RQ-121,RecordPoint Retrieval,Harborline Mutual Insurance,2025-06-11,110.40,Open,,
INV-71453,REQ-41650,RQ-130,Sterling Auto Insurance,Harborline Mutual Insurance,2025-06-27,55.45,Paid,2025-06-29,
INV-71454,REQ-41651,RQ-121,RecordPoint Retrieval,Harborline Mutual Insurance,2025-06-16,83.45,Cancelled,,Request withdrawn
INV-71455,REQ-41653,RQ-121,RecordPoint Retrieval,Harborline Mutual Insurance,2025-06-20,50.20,Open,,
INV-71456,REQ-41654,RQ-130,Sterling Auto Insurance,Harborline Mutual Insurance,2025-07-02,40.40,Paid,2025-07-07,
INV-71457,REQ-41656,RQ-123,DocuTrace Services,Harborline Mutual Insurance,2025-06-12,63.50,Open,,
INV-71458,REQ-41657,RQ-113,Grayson Poole,Harborline Mutual Insurance,2025-06-24,69.10,Paid,2025-07-05,
INV-71459,REQ-41658,RQ-121,RecordPoint Retrieval,Harborline Mutual Insurance,2025-06-23,49.50,Paid,2025-06-28,
INV-71460,REQ-41659,RQ-110,Marchetti & Cole,Harborline Mutual Insurance,2025-06-16,82.75,Paid,2025-06-21,
INV-71461,REQ-41663,RQ-105,Brennan Hale PC,Harborline Mutual Insurance,2025-06-12,77.15,Paid,2025-06-16,
INV-71462,REQ-41665,RQ-102,Delgado Law Group,Harborline Mutual Insurance,2025-06-12,48.80,Paid,2025-06-16,
INV-71463,REQ-41666,RQ-101,Morrison & Pratt LLP,Harborline Mutual Insurance,2025-06-12,100.25,Cancelled,,Duplicate request
INV-71464,REQ-41667,RQ-113,Grayson Poole,Harborline Mutual Insurance,2025-06-25,72.95,Paid,2025-07-04,
INV-71465,REQ-41668,RQ-103,Kessler Injury Attorneys,Harborline Mutual Insurance,2025-06-26,80.65,Paid,2025-07-08,
INV-71466,REQ-41669,RQ-126,Summit Chart Services,Harborline Mutual Insurance,2025-06-11,159.05,Paid,2025-06-29,
INV-71467,REQ-41670,RQ-108,Salas Trial Lawyers,Harborline Mutual Insurance,2025-06-17,50.55,Paid,2025-06-28,
INV-71468,REQ-41671,RQ-117,Iverson Goldberg,Harborline Mutual Insurance,2025-06-30,77.50,Paid,2025-07-04,
INV-71469,REQ-41674,RQ-113,Grayson Poole,Harborline Mutual Insurance,2025-06-25,104.10,Paid,2025-07-08,
INV-71470,REQ-41675,RQ-124,Keystone Record Retrieval,Harborline Mutual Insurance,2025-06-26,93.25,Open,,
INV-71471,REQ-41676,RQ-125,ClearPath Records,Harborline Mutual Insurance,2025-06-30,40.75,Paid,2025-07-17,
INV-71472,REQ-41677,RQ-112,Abernathy Law,Harborline Mutual Insurance,2025-06-27,71.55,Paid,2025-07-03,
INV-71473,REQ-41678,RQ-122,SwiftFile Records,Harborline Mutual Insurance,2025-06-09,33.05,Paid,2025-06-25,
INV-71474,REQ-41679,RQ-127,Pioneer Standard Insurance,Harborline Mutual Insurance,2025-06-23,39.00,Paid,2025-07-10,
INV-71475,REQ-41680,RQ-102,Delgado Law Group,Harborline Mutual Insurance,2025-06-18,78.90,Paid,2025-07-02,
INV-71476,REQ-41681,RQ-103,Kessler Injury Attorneys,Harborline Mutual Insurance,2025-06-27,78.55,Paid,2025-07-07,
INV-71477,REQ-41682,RQ-101,Morrison & Pratt LLP,Harborline Mutual Insurance,2025-06-23,42.85,Paid,2025-07-10,
INV-71478,REQ-41683,RQ-118,Pruitt Legal Group,Harborline Mutual Insurance,2025-06-09,122.30,Open,,
INV-71479,REQ-41684,RQ-120,Beaumont Stark,Harborline Mutual Insurance,2025-06-20,80.30,Paid,2025-07-04,
INV-71480,REQ-41685,RQ-117,Iverson Goldberg,Harborline Mutual Insurance,2025-06-13,72.25,Paid,2025-06-21,
INV-71481,REQ-41686,RQ-121,RecordPoint Retrieval,Harborline Mutual Insurance,2025-06-17,49.15,Paid,2025-06-25,
INV-71482,REQ-41687,RQ-102,Delgado Law Group,Harborline Mutual Insurance,2025-06-10,61.40,Paid,2025-06-25,
INV-71483,REQ-41688,RQ-129,Evergreen Casualty,Harborline Mutual Insurance,2025-06-11,84.50,Paid,2025-06-14,
INV-71484,REQ-41689,RQ-108,Salas Trial Lawyers,Harborline Mutual Insurance,2025-06-16,225.90,Paid,2025-06-27,
INV-71485,REQ-41690,RQ-116,Carver Moss LLP,Harborline Mutual Insurance,2025-06-13,69.10,Open,,
INV-71486,REQ-41691,RQ-126,Summit Chart Services,Harborline Mutual Insurance,2025-06-26,110.75,Paid,2025-07-05,
INV-71487,REQ-41692,RQ-111,Ferris Nguyen LLP,Harborline Mutual Insurance,2025-06-04,42.85,Paid,2025-06-19,
INV-71488,REQ-41693,RQ-101,Morrison & Pratt LLP,Harborline Mutual Insurance,2025-06-10,46.00,Paid,2025-06-14,
INV-71489,REQ-41694,RQ-106,Ostrowski Legal,Harborline Mutual Insurance,2025-06-20,84.15,Paid,2025-07-06,
INV-71490,REQ-41695,RQ-125,ClearPath Records,Harborline Mutual Insurance,2025-06-23,202.10,Paid,2025-07-08,
INV-71491,REQ-41696,RQ-106,Ostrowski Legal,Harborline Mutual Insurance,2025-06-30,60.00,Open,,
INV-71492,REQ-41697,RQ-103,Kessler Injury Attorneys,Harborline Mutual Insurance,2025-06-18,48.10,Paid,2025-06-20,
INV-71493,REQ-41698,RQ-114,Tate & Winslow,Harborline Mutual Insurance,2025-06-05,58.95,Paid,2025-06-12,
INV-71494,REQ-41699,RQ-127,Pioneer Standard Insurance,Harborline Mutual Insurance,2025-06-06,45.65,Paid,2025-06-19,
INV-71495,REQ-41700,RQ-128,Lakeside Mutual,Harborline Mutual Insurance,2025-06-03,170.95,Cancelled,,Duplicate request
INV-71496,REQ-41701,RQ-128,Lakeside Mutual,Harborline Mutual Insurance,2025-06-20,82.75,Paid,2025-06-29,
INV-71497,REQ-41703,RQ-121,RecordPoint Retrieval,Harborline Mutual Insurance,2025-06-16,68.40,Cancelled,,No records found
INV-71498,REQ-41705,RQ-126,Summit Chart Services,Harborline Mutual Insurance,2025-06-18,74.70,Open,,
INV-71499,REQ-41706,RQ-110,Marchetti & Cole,Harborline Mutual Insurance,2025-07-04,65.60,Paid,2025-07-14,
INV-71500,REQ-41707,RQ-116,Carver Moss LLP,Harborline Mutual Insurance,2025-06-25,56.15,Paid,2025-07-08,
INV-71501,REQ-41708,RQ-124,Keystone Record Retrieval,Harborline Mutual Insurance,2025-06-06,146.45,Paid,2025-06-10,
INV-71502,REQ-41709,RQ-121,RecordPoint Retrieval,Harborline Mutual Insurance,2025-06-12,79.95,Paid,2025-06-20,
INV-71503,REQ-41710,RQ-116,Carver Moss LLP,Granite Shield Insurance,2025-06-27,74.35,Paid,2025-07-02,
INV-71504,REQ-41712,RQ-123,DocuTrace Services,Granite Shield Insurance,2025-07-03,95.70,Paid,2025-07-07,
INV-71505,REQ-41713,RQ-103,Kessler Injury Attorneys,Granite Shield Insurance,2025-06-23,58.95,Paid,2025-07-10,
INV-71506,REQ-41714,RQ-109,Hudson Valley Injury Law,Granite Shield Insurance,2025-06-20,55.80,Paid,2025-06-29,
INV-71507,REQ-41715,RQ-128,Lakeside Mutual,Granite Shield Insurance,2025-06-25,51.95,Paid,2025-07-01,
INV-71508,REQ-41716,RQ-121,RecordPoint Retrieval,Granite Shield Insurance,2025-06-10,69.45,Open,,
INV-71509,REQ-41717,RQ-101,Morrison & Pratt LLP,Granite Shield Insurance,2025-06-06,97.80,Paid,2025-06-17,
INV-71510,REQ-41718,RQ-106,Ostrowski Legal,Granite Shield Insurance,2025-06-19,63.15,Paid,2025-07-05,
INV-71511,REQ-41719,RQ-108,Salas Trial Lawyers,Granite Shield Insurance,2025-06-19,38.30,Paid,2025-06-26,
INV-71512,REQ-41720,RQ-109,Hudson Valley Injury Law,Granite Shield Insurance,2025-06-30,142.95,Paid,2025-07-08,
INV-71513,REQ-41721,RQ-113,Grayson Poole,Granite Shield Insurance,2025-06-18,76.10,Paid,2025-06-29,
INV-71514,REQ-41722,RQ-108,Salas Trial Lawyers,Granite Shield Insurance,2025-06-26,120.55,Open,,
INV-71515,REQ-41723,RQ-128,Lakeside Mutual,Granite Shield Insurance,2025-06-16,66.65,Paid,2025-06-29,
INV-71516,REQ-41724,RQ-116,Carver Moss LLP,Granite Shield Insurance,2025-06-26,74.70,Open,,
INV-71517,REQ-41725,RQ-128,Lakeside Mutual,Granite Shield Insurance,2025-06-25,50.55,Paid,2025-06-30,
INV-71518,REQ-41726,RQ-114,Tate & Winslow,Granite Shield Insurance,2025-06-27,79.60,Open,,
INV-71519,REQ-41727,RQ-110,Marchetti & Cole,Granite Shield Insurance,2025-07-02,64.55,Paid,2025-07-04,
INV-71520,REQ-41728,RQ-107,Park & Levine,Granite Shield Insurance,2025-06-06,72.60,Paid,2025-06-10,
INV-71521,REQ-41729,RQ-121,RecordPoint Retrieval,Granite Shield Insurance,2025-06-06,114.60,Paid,2025-06-14,
INV-71522,REQ-41730,RQ-110,Marchetti & Cole,Granite Shield Insurance,2025-06-06,88.35,Paid,2025-06-09,
INV-71523,REQ-41731,RQ-127,Pioneer Standard Insurance,Granite Shield Insurance,2025-06-30,65.25,Open,,
INV-71524,REQ-41732,RQ-127,Pioneer Standard Insurance,Granite Shield Insurance,2025-07-04,45.65,Paid,2025-07-13,
INV-71525,REQ-41733,RQ-126,Summit Chart Services,Granite Shield Insurance,2025-06-13,81.70,Paid,2025-06-29,
INV-71526,REQ-41734,RQ-125,ClearPath Records,Granite Shield Insurance,2025-06-26,62.80,Paid,2025-07-12,
INV-71527,REQ-41735,RQ-128,Lakeside Mutual,Granite Shield Insurance,2025-06-12,35.85,Paid,2025-06-15,
INV-71528,REQ-41737,RQ-128,Lakeside Mutual,Granite Shield Insurance,2025-06-26,55.10,Paid,2025-07-12,
INV-71529,REQ-41738,RQ-122,SwiftFile Records,Granite Shield Insurance,2025-06-11,42.50,Open,,
INV-71530,REQ-41739,RQ-108,Salas Trial Lawyers,Granite Shield Insurance,2025-06-27,40.40,Cancelled,,No records found
INV-71531,REQ-41740,RQ-109,Hudson Valley Injury Law,Granite Shield Insurance,2025-06-12,63.15,Paid,2025-06-17,
INV-71532,REQ-41741,RQ-105,Brennan Hale PC,Granite Shield Insurance,2025-06-27,82.05,Paid,2025-07-11,
INV-71533,REQ-41742,RQ-111,Ferris Nguyen LLP,Granite Shield Insurance,2025-06-16,83.45,Paid,2025-06-26,
INV-71534,REQ-41743,RQ-123,DocuTrace Services,Granite Shield Insurance,2025-06-30,84.85,Open,,
INV-71535,REQ-41744,RQ-102,Delgado Law Group,Granite Shield Insurance,2025-06-18,94.65,Paid,2025-06-30,
INV-71536,REQ-41746,RQ-101,Morrison & Pratt LLP,Granite Shield Insurance,2025-06-27,88.00,Paid,2025-07-15,
INV-71537,REQ-41747,RQ-112,Abernathy Law,Granite Shield Insurance,2025-06-20,65.25,Paid,2025-06-29,
INV-71538,REQ-41748,RQ-106,Ostrowski Legal,Granite Shield Insurance,2025-06-25,132.45,Open,,
INV-71539,REQ-41749,RQ-118,Pruitt Legal Group,Granite Shield Insurance,2025-06-11,52.65,Paid,2025-06-28,
INV-71540,REQ-41750,RQ-123,DocuTrace Services,Granite Shield Insurance,2025-07-04,113.90,Paid,2025-07-18,
INV-71541,REQ-41751,RQ-125,ClearPath Records,Keystone Auto Group,2025-06-16,37.95,Paid,2025-07-03,
INV-71542,REQ-41752,RQ-106,Ostrowski Legal,Keystone Auto Group,2025-06-13,110.75,Paid,2025-06-29,
INV-71543,REQ-41753,RQ-125,ClearPath Records,Keystone Auto Group,2025-06-09,171.30,Open,,
INV-71544,REQ-41754,RQ-101,Morrison & Pratt LLP,Keystone Auto Group,2025-06-30,114.95,Paid,2025-07-06,
INV-71545,REQ-41755,RQ-128,Lakeside Mutual,Keystone Auto Group,2025-06-18,65.95,Paid,2025-06-21,
INV-71546,REQ-41757,RQ-122,SwiftFile Records,Keystone Auto Group,2025-06-18,46.00,Paid,2025-06-24,
INV-71547,REQ-41758,RQ-105,Brennan Hale PC,Keystone Auto Group,2025-06-20,73.65,Paid,2025-07-04,
INV-71548,REQ-41759,RQ-111,Ferris Nguyen LLP,Keystone Auto Group,2025-06-05,129.65,Paid,2025-06-20,
INV-71549,REQ-41761,RQ-113,Grayson Poole,Keystone Auto Group,2025-06-06,83.80,Paid,2025-06-10,
INV-71550,REQ-41762,RQ-108,Salas Trial Lawyers,Keystone Auto Group,2025-06-26,81.70,Paid,2025-06-30,
INV-71551,REQ-41764,RQ-117,Iverson Goldberg,Keystone Auto Group,2025-06-19,176.90,Paid,2025-07-01,
INV-71552,REQ-41765,RQ-128,Lakeside Mutual,Keystone Auto Group,2025-06-12,56.50,Paid,2025-06-14,
INV-71553,REQ-41766,RQ-122,SwiftFile Records,Keystone Auto Group,2025-06-17,98.85,Paid,2025-07-01,
INV-71554,REQ-41767,RQ-106,Ostrowski Legal,Keystone Auto Group,2025-06-30,46.00,Paid,2025-07-17,
INV-71555,REQ-41771,RQ-109,Hudson Valley Injury Law,Keystone Auto Group,2025-07-02,80.30,Paid,2025-07-14,
INV-71556,REQ-41772,RQ-124,Keystone Record Retrieval,Keystone Auto Group,2025-06-26,77.15,Paid,2025-06-30,
INV-71557,REQ-41774,RQ-116,Carver Moss LLP,Keystone Auto Group,2025-06-17,65.95,Paid,2025-06-21,
INV-71558,REQ-41775,RQ-101,Morrison & Pratt LLP,Keystone Auto Group,2025-06-23,46.00,Open,,
INV-71559,REQ-41776,RQ-128,Lakeside Mutual,Keystone Auto Group,2025-06-11,53.70,Paid,2025-06-16,
INV-71560,REQ-41777,RQ-101,Morrison & Pratt LLP,Keystone Auto Group,2025-06-09,42.85,Paid,2025-06-20,
INV-71561,REQ-41778,RQ-130,Sterling Auto Insurance,Keystone Auto Group,2025-07-01,73.65,Paid,2025-07-11,
INV-71562,REQ-41780,RQ-130,Sterling Auto Insurance,Keystone Auto Group,2025-07-04,44.25,Paid,2025-07-13,
INV-71563,REQ-41781,RQ-119,Quinlan & Ames,Keystone Auto Group,2025-06-04,55.10,Paid,2025-06-11,
INV-71564,REQ-41782,RQ-111,Ferris Nguyen LLP,Keystone Auto Group,2025-07-03,112.85,Paid,2025-07-14,
INV-71565,REQ-41783,RQ-117,Iverson Goldberg,Keystone Auto Group,2025-06-30,62.45,Paid,2025-07-06,
INV-71566,REQ-41784,RQ-109,Hudson Valley Injury Law,Keystone Auto Group,2025-06-13,61.75,Paid,2025-06-27,
INV-71567,REQ-41785,RQ-118,Pruitt Legal Group,Keystone Auto Group,2025-06-13,83.80,Paid,2025-06-30,
INV-71568,REQ-41786,RQ-121,RecordPoint Retrieval,Keystone Auto Group,2025-06-12,62.10,Paid,2025-06-21,
INV-71569,REQ-41787,RQ-120,Beaumont Stark,Keystone Auto Group,2025-06-27,206.30,Paid,2025-06-29,
INV-71570,REQ-41788,RQ-125,ClearPath Records,Keystone Auto Group,2025-06-25,63.15,Paid,2025-07-01,
INV-71571,REQ-41789,RQ-107,Park & Levine,Keystone Auto Group,2025-06-09,47.05,Paid,2025-06-22,
INV-71572,REQ-41790,RQ-117,Iverson Goldberg,Keystone Auto Group,2025-06-27,49.85,Paid,2025-07-05,
INV-71573,REQ-41791,RQ-122,SwiftFile Records,Keystone Auto Group,2025-06-11,79.25,Paid,2025-06-27,
INV-71574,REQ-41792,RQ-109,Hudson Valley Injury Law,Tri-County Workers' Comp Fund,2025-06-26,90.80,Paid,2025-07-01,
INV-71575,REQ-41794,RQ-122,SwiftFile Records,Tri-County Workers' Comp Fund,2025-06-30,132.10,Paid,2025-07-17,
INV-71576,REQ-41795,RQ-102,Delgado Law Group,Tri-County Workers' Comp Fund,2025-07-07,92.20,Paid,2025-07-14,
INV-71577,REQ-41796,RQ-130,Sterling Auto Insurance,Tri-County Workers' Comp Fund,2025-06-13,117.40,Paid,2025-06-17,
INV-71578,REQ-41797,RQ-113,Grayson Poole,Tri-County Workers' Comp Fund,2025-07-01,83.45,Paid,2025-07-14,
INV-71579,REQ-41798,RQ-126,Summit Chart Services,Tri-County Workers' Comp Fund,2025-07-08,35.85,Paid,2025-07-13,
INV-71580,REQ-41799,RQ-117,Iverson Goldberg,Tri-County Workers' Comp Fund,2025-06-19,61.75,Paid,2025-06-30,
INV-71581,REQ-41800,RQ-102,Delgado Law Group,Tri-County Workers' Comp Fund,2025-06-17,118.80,Paid,2025-07-01,
INV-71582,REQ-41801,RQ-126,Summit Chart Services,Tri-County Workers' Comp Fund,2025-07-03,155.90,Paid,2025-07-15,
INV-71583,REQ-41802,RQ-112,Abernathy Law,Tri-County Workers' Comp Fund,2025-06-05,91.85,Paid,2025-06-14,
INV-71584,REQ-41803,RQ-126,Summit Chart Services,Tri-County Workers' Comp Fund,2025-06-06,111.80,Open,,
INV-71585,REQ-41804,RQ-111,Ferris Nguyen LLP,Tri-County Workers' Comp Fund,2025-06-23,61.05,Paid,2025-07-08,
INV-71586,REQ-41807,RQ-115,Lindqvist Defense,Tri-County Workers' Comp Fund,2025-06-06,58.25,Paid,2025-06-16,
INV-71587,REQ-41809,RQ-102,Delgado Law Group,Tri-County Workers' Comp Fund,2025-06-16,55.80,Paid,2025-06-27,
INV-71588,REQ-41810,RQ-126,Summit Chart Services,Tri-County Workers' Comp Fund,2025-06-27,39.00,Paid,2025-07-04,
INV-71589,REQ-41811,RQ-125,ClearPath Records,Tri-County Workers' Comp Fund,2025-07-08,41.10,Paid,2025-07-15,
INV-71590,REQ-41812,RQ-113,Grayson Poole,Tri-County Workers' Comp Fund,2025-06-17,66.30,Paid,2025-06-24,
INV-71591,REQ-41813,RQ-106,Ostrowski Legal,Tri-County Workers' Comp Fund,2025-06-19,62.10,Paid,2025-06-22,
INV-71592,REQ-41815,RQ-121,RecordPoint Retrieval,Tri-County Workers' Comp Fund,2025-06-11,86.60,Paid,2025-06-23,
INV-71593,REQ-41816,RQ-121,RecordPoint Retrieval,Tri-County Workers' Comp Fund,2025-07-07,73.30,Paid,2025-07-15,
INV-71594,REQ-41817,RQ-103,Kessler Injury Attorneys,Tri-County Workers' Comp Fund,2025-06-10,65.25,Paid,2025-06-17,
INV-71595,REQ-41818,RQ-101,Morrison & Pratt LLP,Tri-County Workers' Comp Fund,2025-06-20,68.75,Paid,2025-06-30,
INV-71596,REQ-41819,RQ-115,Lindqvist Defense,Tri-County Workers' Comp Fund,2025-06-26,45.30,Paid,2025-07-05,
INV-71597,REQ-41821,RQ-129,Evergreen Casualty,Tri-County Workers' Comp Fund,2025-06-27,111.45,Paid,2025-07-02,
INV-71598,REQ-41823,RQ-118,Pruitt Legal Group,Tri-County Workers' Comp Fund,2025-06-19,90.10,Open,,
INV-71599,REQ-41824,RQ-128,Lakeside Mutual,Tri-County Workers' Comp Fund,2025-07-03,68.75,Paid,2025-07-06,
INV-71600,REQ-41826,RQ-114,Tate & Winslow,Beacon Casualty Company,2025-06-06,83.80,Paid,2025-06-11,
INV-71601,REQ-41827,RQ-102,Delgado Law Group,Beacon Casualty Company,2025-06-11,124.40,Paid,2025-06-29,
INV-71602,REQ-41828,RQ-114,Tate & Winslow,Beacon Casualty Company,2025-07-04,70.50,Paid,2025-07-10,
INV-71603,REQ-41829,RQ-123,DocuTrace Services,Beacon Casualty Company,2025-06-19,65.95,Paid,2025-06-22,
INV-71604,REQ-41830,RQ-121,RecordPoint Retrieval,Beacon Casualty Company,2025-07-02,50.90,Paid,2025-07-07,
INV-71605,REQ-41831,RQ-130,Sterling Auto Insurance,Beacon Casualty Company,2025-06-12,79.95,Paid,2025-06-19,
INV-71606,REQ-41832,RQ-119,Quinlan & Ames,Beacon Casualty Company,2025-06-30,72.25,Paid,2025-07-08,
INV-71607,REQ-41833,RQ-103,Kessler Injury Attorneys,Beacon Casualty Company,2025-07-03,118.80,Paid,2025-07-13,
INV-71608,REQ-41835,RQ-101,Morrison & Pratt LLP,Beacon Casualty Company,2025-06-19,44.25,Cancelled,,Duplicate request
INV-71609,REQ-41837,RQ-118,Pruitt Legal Group,Beacon Casualty Company,2025-06-12,85.55,Paid,2025-06-25,
INV-71610,REQ-41838,RQ-101,Morrison & Pratt LLP,Beacon Casualty Company,2025-06-26,84.15,Paid,2025-07-06,
INV-71611,REQ-41839,RQ-111,Ferris Nguyen LLP,Beacon Casualty Company,2025-06-19,71.20,Paid,2025-06-30,
INV-71612,REQ-41840,RQ-101,Morrison & Pratt LLP,Beacon Casualty Company,2025-06-30,56.85,Paid,2025-07-13,
INV-71613,REQ-41841,RQ-114,Tate & Winslow,Beacon Casualty Company,2025-06-25,46.70,Paid,2025-06-30,
INV-71614,REQ-41842,RQ-113,Grayson Poole,Beacon Casualty Company,2025-06-20,76.80,Open,,
INV-71615,REQ-41843,RQ-121,RecordPoint Retrieval,Beacon Casualty Company,2025-07-07,95.70,Open,,
INV-71616,REQ-41844,RQ-120,Beaumont Stark,Beacon Casualty Company,2025-06-18,53.70,Paid,2025-07-04,
INV-71617,REQ-41845,RQ-120,Beaumont Stark,Beacon Casualty Company,2025-06-11,71.20,Open,,
INV-71618,REQ-41848,RQ-123,DocuTrace Services,Beacon Casualty Company,2025-06-16,57.90,Cancelled,,Duplicate request
INV-71619,REQ-41849,RQ-120,Beaumont Stark,Beacon Casualty Company,2025-07-07,84.85,Paid,2025-07-13,
INV-71620,REQ-41850,RQ-123,DocuTrace Services,Beacon Casualty Company,2025-07-04,61.40,Paid,2025-07-21,
INV-71621,REQ-41851,RQ-126,Summit Chart Services,Beacon Casualty Company,2025-06-23,63.15,Open,,
INV-71622,REQ-41852,RQ-105,Brennan Hale PC,Beacon Casualty Company,2025-06-12,126.50,Paid,2025-06-30,
INV-71623,REQ-41853,RQ-126,Summit Chart Services,Beacon Casualty Company,2025-06-18,46.70,Paid,2025-06-26,
INV-71624,REQ-41854,RQ-104,Whitcombe & Rao,Beacon Casualty Company,2025-07-03,62.45,Paid,2025-07-09,
INV-71625,REQ-41856,RQ-123,DocuTrace Services,Beacon Casualty Company,2025-06-02,50.20,Cancelled,,Duplicate request
INV-71626,REQ-41857,RQ-109,Hudson Valley Injury Law,Beacon Casualty Company,2025-06-24,67.70,Paid,2025-06-27,
INV-71627,REQ-41859,RQ-120,Beaumont Stark,Northfork Insurance Co.,2025-06-20,48.80,Paid,2025-06-24,
INV-71628,REQ-41860,RQ-101,Morrison & Pratt LLP,Northfork Insurance Co.,2025-06-30,51.25,Paid,2025-07-13,
INV-71629,REQ-41861,RQ-121,RecordPoint Retrieval,Northfork Insurance Co.,2025-06-23,65.25,Open,,
INV-71630,REQ-41862,RQ-129,Evergreen Casualty,Northfork Insurance Co.,2025-06-11,67.00,Paid,2025-06-23,
INV-71631,REQ-41863,RQ-127,Pioneer Standard Insurance,Northfork Insurance Co.,2025-06-05,77.15,Paid,2025-06-21,
INV-71632,REQ-41864,RQ-121,RecordPoint Retrieval,Northfork Insurance Co.,2025-06-19,75.05,Paid,2025-07-06,
INV-71633,REQ-41865,RQ-101,Morrison & Pratt LLP,Northfork Insurance Co.,2025-06-19,116.00,Paid,2025-07-07,
INV-71634,REQ-41866,RQ-114,Tate & Winslow,Northfork Insurance Co.,2025-07-04,126.85,Open,,
INV-71635,REQ-41867,RQ-107,Park & Levine,Northfork Insurance Co.,2025-06-09,137.70,Paid,2025-06-23,
INV-71636,REQ-41869,RQ-118,Pruitt Legal Group,Northfork Insurance Co.,2025-06-27,44.95,Paid,2025-07-11,
INV-71637,REQ-41870,RQ-126,Summit Chart Services,Northfork Insurance Co.,2025-06-13,130.70,Paid,2025-06-22,
INV-71638,REQ-41871,RQ-111,Ferris Nguyen LLP,Northfork Insurance Co.,2025-06-27,46.70,Paid,2025-07-01,
INV-71639,REQ-41873,RQ-102,Delgado Law Group,Northfork Insurance Co.,2025-06-30,154.50,Paid,2025-07-02,
INV-71640,REQ-41874,RQ-107,Park & Levine,Northfork Insurance Co.,2025-06-27,39.35,Paid,2025-07-02,
INV-71641,REQ-41875,RQ-101,Morrison & Pratt LLP,Northfork Insurance Co.,2025-07-03,93.60,Paid,2025-07-14,
INV-71642,REQ-41876,RQ-121,RecordPoint Retrieval,Northfork Insurance Co.,2025-07-01,92.20,Paid,2025-07-03,
INV-71643,REQ-41877,RQ-126,Summit Chart Services,Northfork Insurance Co.,2025-06-09,68.75,Paid,2025-06-25,
INV-71644,REQ-41878,RQ-125,ClearPath Records,Northfork Insurance Co.,2025-06-12,91.85,Paid,2025-06-24,
INV-71645,REQ-41879,RQ-128,Lakeside Mutual,Northfork Insurance Co.,2025-06-20,124.05,Open,,
INV-71646,REQ-41880,RQ-126,Summit Chart Services,Northfork Insurance Co.,2025-06-24,50.55,Paid,2025-07-05,
INV-71647,REQ-41881,RQ-127,Pioneer Standard Insurance,Northfork Insurance Co.,2025-06-26,76.45,Paid,2025-07-04,
INV-71648,REQ-41883,RQ-125,ClearPath Records,Northfork Insurance Co.,2025-06-23,50.90,Paid,2025-07-10,
INV-71649,REQ-41884,RQ-118,Pruitt Legal Group,Northfork Insurance Co.,2025-06-13,48.10,Paid,2025-06-23,
INV-71650,REQ-41885,RQ-130,Sterling Auto Insurance,Meridian Auto & Home,2025-06-30,57.90,Paid,2025-07-03,
INV-71651,REQ-41886,RQ-130,Sterling Auto Insurance,Meridian Auto & Home,2025-06-19,45.30,Paid,2025-06-25,
INV-71652,REQ-41887,RQ-126,Summit Chart Services,Meridian Auto & Home,2025-06-17,95.70,Paid,2025-06-26,
INV-71653,REQ-41888,RQ-128,Lakeside Mutual,Meridian Auto & Home,2025-06-16,213.65,Paid,2025-06-27,
INV-71654,REQ-41889,RQ-101,Morrison & Pratt LLP,Meridian Auto & Home,2025-07-03,57.90,Paid,2025-07-20,
INV-71655,REQ-41891,RQ-123,DocuTrace Services,Meridian Auto & Home,2025-06-16,74.70,Paid,2025-06-30,
INV-71656,REQ-41892,RQ-129,Evergreen Casualty,Meridian Auto & Home,2025-07-03,47.75,Paid,2025-07-09,
INV-71657,REQ-41893,RQ-122,SwiftFile Records,Meridian Auto & Home,2025-06-12,101.65,Paid,2025-06-14,
INV-71658,REQ-41894,RQ-127,Pioneer Standard Insurance,Meridian Auto & Home,2025-06-27,40.40,Paid,2025-06-30,
INV-71659,REQ-41895,RQ-101,Morrison & Pratt LLP,Meridian Auto & Home,2025-06-18,55.45,Paid,2025-07-04,
INV-71660,REQ-41897,RQ-125,ClearPath Records,Meridian Auto & Home,2025-06-12,88.00,Paid,2025-06-14,
INV-71661,REQ-41898,RQ-101,Morrison & Pratt LLP,Meridian Auto & Home,2025-06-27,57.90,Paid,2025-07-11,
INV-71662,REQ-41899,RQ-115,Lindqvist Defense,Meridian Auto & Home,2025-06-13,110.05,Paid,2025-06-20,
INV-71663,REQ-41900,RQ-103,Kessler Injury Attorneys,Meridian Auto & Home,2025-06-19,152.05,Cancelled,,No records found
INV-71664,REQ-41901,RQ-106,Ostrowski Legal,Meridian Auto & Home,2025-06-10,56.50,Open,,
INV-71665,REQ-41902,RQ-124,Keystone Record Retrieval,Meridian Auto & Home,2025-07-04,160.45,Paid,2025-07-13,
INV-71666,REQ-41903,RQ-101,Morrison & Pratt LLP,Meridian Auto & Home,2025-06-20,76.10,Paid,2025-07-03,
INV-71667,REQ-41904,RQ-102,Delgado Law Group,Meridian Auto & Home,2025-06-05,59.65,Paid,2025-06-23,
INV-71668,REQ-41905,RQ-102,Delgado Law Group,Meridian Auto & Home,2025-07-04,43.90,Paid,2025-07-06,
INV-71669,REQ-41906,RQ-123,DocuTrace Services,Atlas Comp Services,2025-07-02,56.15,Paid,2025-07-06,
INV-71670,REQ-41907,RQ-107,Park & Levine,Atlas Comp Services,2025-06-20,221.35,Paid,2025-07-03,
INV-71671,REQ-41908,RQ-122,SwiftFile Records,Atlas Comp Services,2025-06-30,98.15,Paid,2025-07-13,
INV-71672,REQ-41909,RQ-121,RecordPoint Retrieval,Atlas Comp Services,2025-06-27,67.70,Paid,2025-07-07,
INV-71673,REQ-41910,RQ-121,RecordPoint Retrieval,Atlas Comp Services,2025-06-27,154.15,Paid,2025-07-01,
INV-71674,REQ-41911,RQ-112,Abernathy Law,Atlas Comp Services,2025-07-03,49.50,Paid,2025-07-08,
INV-71675,REQ-41912,RQ-101,Morrison & Pratt LLP,Atlas Comp Services,2025-06-10,53.00,Paid,2025-06-28,
INV-71676,REQ-41914,RQ-120,Beaumont Stark,Atlas Comp Services,2025-07-04,38.30,Paid,2025-07-08,
INV-71677,REQ-41915,RQ-102,Delgado Law Group,Atlas Comp Services,2025-06-16,88.35,Paid,2025-06-24,
INV-71678,REQ-41916,RQ-112,Abernathy Law,Atlas Comp Services,2025-06-10,102.00,Paid,2025-06-12,
INV-71679,REQ-41917,RQ-130,Sterling Auto Insurance,Atlas Comp Services,2025-06-23,33.05,Paid,2025-07-05,
INV-71680,REQ-41918,RQ-114,Tate & Winslow,Atlas Comp Services,2025-07-08,54.40,Paid,2025-07-13,
INV-71681,REQ-41920,RQ-115,Lindqvist Defense,Atlas Comp Services,2025-06-20,57.55,Paid,2025-06-26,
INV-71682,REQ-41921,RQ-104,Whitcombe & Rao,Atlas Comp Services,2025-06-30,51.60,Paid,2025-07-03,
INV-71683,REQ-41922,RQ-119,Quinlan & Ames,Harborline Mutual Insurance,2025-07-10,156.95,Paid,2025-07-25,
INV-71684,REQ-41923,RQ-123,DocuTrace Services,Harborline Mutual Insurance,2025-07-23,96.40,Paid,2025-07-26,
INV-71685,REQ-41924,RQ-101,Morrison & Pratt LLP,Harborline Mutual Insurance,2025-07-09,49.15,Cancelled,,No records found
INV-71686,REQ-41925,RQ-105,Brennan Hale PC,Harborline Mutual Insurance,2025-07-22,114.25,Paid,2025-08-04,
INV-71687,REQ-41926,RQ-127,Pioneer Standard Insurance,Harborline Mutual Insurance,2025-07-22,60.00,Paid,2025-08-03,
INV-71688,REQ-41927,RQ-106,Ostrowski Legal,Harborline Mutual Insurance,2025-07-15,122.30,Open,,
INV-71689,REQ-41928,RQ-103,Kessler Injury Attorneys,Harborline Mutual Insurance,2025-07-08,191.25,Paid,2025-07-17,
INV-71690,REQ-41929,RQ-121,RecordPoint Retrieval,Harborline Mutual Insurance,2025-07-11,74.70,Open,,
INV-71691,REQ-41930,RQ-127,Pioneer Standard Insurance,Harborline Mutual Insurance,2025-07-15,84.85,Paid,2025-07-26,
INV-71692,REQ-41931,RQ-126,Summit Chart Services,Harborline Mutual Insurance,2025-07-11,59.65,Paid,2025-07-24,
INV-71693,REQ-41932,RQ-105,Brennan Hale PC,Harborline Mutual Insurance,2025-07-04,55.10,Open,,
INV-71694,REQ-41933,RQ-124,Keystone Record Retrieval,Harborline Mutual Insurance,2025-07-17,64.55,Paid,2025-07-27,
INV-71695,REQ-41934,RQ-115,Lindqvist Defense,Harborline Mutual Insurance,2025-07-25,53.35,Open,,
INV-71696,REQ-41935,RQ-121,RecordPoint Retrieval,Harborline Mutual Insurance,2025-07-23,69.80,Paid,2025-08-06,
INV-71697,REQ-41936,RQ-125,ClearPath Records,Harborline Mutual Insurance,2025-07-31,67.00,Paid,2025-08-13,
INV-71698,REQ-41937,RQ-101,Morrison & Pratt LLP,Harborline Mutual Insurance,2025-07-30,101.65,Paid,2025-08-16,
INV-71699,REQ-41938,RQ-126,Summit Chart Services,Harborline Mutual Insurance,2025-07-28,50.90,Paid,2025-08-05,
INV-71700,REQ-41939,RQ-117,Iverson Goldberg,Harborline Mutual Insurance,2025-07-18,89.05,Paid,2025-07-22,
INV-71701,REQ-41941,RQ-110,Marchetti & Cole,Harborline Mutual Insurance,2025-08-04,78.20,Paid,2025-08-21,
INV-71702,REQ-41942,RQ-126,Summit Chart Services,Harborline Mutual Insurance,2025-07-10,117.75,Paid,2025-07-14,
INV-71703,REQ-41943,RQ-116,Carver Moss LLP,Harborline Mutual Insurance,2025-07-15,65.60,Paid,2025-07-21,
INV-71704,REQ-41944,RQ-121,RecordPoint Retrieval,Harborline Mutual Insurance,2025-07-23,50.20,Paid,2025-08-06,
INV-71705,REQ-41945,RQ-108,Salas Trial Lawyers,Harborline Mutual Insurance,2025-07-14,42.15,Paid,2025-07-16,
INV-71706,REQ-41946,RQ-124,Keystone Record Retrieval,Harborline Mutual Insurance,2025-07-24,46.35,Paid,2025-08-01,
INV-71707,REQ-41947,RQ-109,Hudson Valley Injury Law,Harborline Mutual Insurance,2025-07-28,48.45,Paid,2025-07-31,
INV-71708,REQ-41948,RQ-126,Summit Chart Services,Harborline Mutual Insurance,2025-07-16,54.75,Open,,
INV-71709,REQ-41949,RQ-121,RecordPoint Retrieval,Harborline Mutual Insurance,2025-07-14,97.45,Open,,
INV-71710,REQ-41950,RQ-126,Summit Chart Services,Harborline Mutual Insurance,2025-07-10,52.65,Paid,2025-07-18,
INV-71711,REQ-41951,RQ-127,Pioneer Standard Insurance,Harborline Mutual Insurance,2025-07-08,68.40,Paid,2025-07-15,
INV-71712,REQ-41952,RQ-129,Evergreen Casualty,Harborline Mutual Insurance,2025-07-10,160.80,Paid,2025-07-12,
INV-71713,REQ-41953,RQ-121,RecordPoint Retrieval,Harborline Mutual Insurance,2025-07-07,79.25,Cancelled,,Duplicate request
INV-71714,REQ-41954,RQ-125,ClearPath Records,Harborline Mutual Insurance,2025-07-29,71.20,Paid,2025-08-04,
INV-71715,REQ-41956,RQ-110,Marchetti & Cole,Harborline Mutual Insurance,2025-07-21,105.15,Paid,2025-07-28,
INV-71716,REQ-41957,RQ-116,Carver Moss LLP,Harborline Mutual Insurance,2025-07-11,82.75,Paid,2025-07-21,
INV-71717,REQ-41958,RQ-112,Abernathy Law,Harborline Mutual Insurance,2025-07-09,66.65,Open,,
INV-71718,REQ-41959,RQ-125,ClearPath Records,Harborline Mutual Insurance,2025-07-16,91.50,Paid,2025-07-23,
INV-71719,REQ-41960,RQ-121,RecordPoint Retrieval,Harborline Mutual Insurance,2025-07-28,55.10,Paid,2025-07-31,
INV-71720,REQ-41961,RQ-121,RecordPoint Retrieval,Harborline Mutual Insurance,2025-07-07,80.65,Paid,2025-07-13,
INV-71721,REQ-41962,RQ-106,Ostrowski Legal,Harborline Mutual Insurance,2025-07-30,47.75,Paid,2025-08-16,
INV-71722,REQ-41963,RQ-117,Iverson Goldberg,Harborline Mutual Insurance,2025-07-03,54.40,Paid,2025-07-16,
INV-71723,REQ-41964,RQ-124,Keystone Record Retrieval,Harborline Mutual Insurance,2025-07-25,55.45,Paid,2025-08-10,
INV-71724,REQ-41965,RQ-106,Ostrowski Legal,Harborline Mutual Insurance,2025-07-22,114.60,Open,,
INV-71725,REQ-41966,RQ-120,Beaumont Stark,Harborline Mutual Insurance,2025-07-25,72.60,Paid,2025-08-06,
INV-71726,REQ-41967,RQ-120,Beaumont Stark,Harborline Mutual Insurance,2025-07-22,176.20,Paid,2025-07-31,
INV-71727,REQ-41968,RQ-101,Morrison & Pratt LLP,Harborline Mutual Insurance,2025-07-09,92.55,Paid,2025-07-13,
INV-71728,REQ-41969,RQ-101,Morrison & Pratt LLP,Harborline Mutual Insurance,2025-07-31,83.45,Cancelled,,Duplicate request
INV-71729,REQ-41971,RQ-109,Hudson Valley Injury Law,Harborline Mutual Insurance,2025-07-17,56.85,Paid,2025-07-28,
INV-71730,REQ-41972,RQ-110,Marchetti & Cole,Harborline Mutual Insurance,2025-07-11,49.15,Paid,2025-07-18,
INV-71731,REQ-41973,RQ-108,Salas Trial Lawyers,Harborline Mutual Insurance,2025-07-29,53.35,Paid,2025-08-15,
INV-71732,REQ-41974,RQ-121,RecordPoint Retrieval,Harborline Mutual Insurance,2025-07-28,44.25,Paid,2025-08-12,
INV-71733,REQ-41975,RQ-122,SwiftFile Records,Harborline Mutual Insurance,2025-07-14,42.15,Open,,
INV-71734,REQ-41976,RQ-121,RecordPoint Retrieval,Harborline Mutual Insurance,2025-07-17,55.45,Paid,2025-07-26,
INV-71735,REQ-41977,RQ-122,SwiftFile Records,Harborline Mutual Insurance,2025-07-14,70.50,Paid,2025-07-16,
INV-71736,REQ-41978,RQ-126,Summit Chart Services,Harborline Mutual Insurance,2025-07-31,83.80,Paid,2025-08-02,
INV-71737,REQ-41979,RQ-105,Brennan Hale PC,Harborline Mutual Insurance,2025-07-22,116.70,Paid,2025-07-25,
INV-71738,REQ-41980,RQ-105,Brennan Hale PC,Harborline Mutual Insurance,2025-07-15,87.30,Paid,2025-07-20,
INV-71739,REQ-41981,RQ-121,RecordPoint Retrieval,Harborline Mutual Insurance,2025-07-25,62.80,Paid,2025-08-11,
INV-71740,REQ-41982,RQ-127,Pioneer Standard Insurance,Harborline Mutual Insurance,2025-07-14,36.20,Paid,2025-07-27,
INV-71741,REQ-41983,RQ-107,Park & Levine,Harborline Mutual Insurance,2025-07-14,119.85,Paid,2025-07-26,
INV-71742,REQ-41984,RQ-118,Pruitt Legal Group,Harborline Mutual Insurance,2025-07-10,53.35,Paid,2025-07-22,
INV-71743,REQ-41985,RQ-102,Delgado Law Group,Harborline Mutual Insurance,2025-07-14,64.90,Paid,2025-07-29,
INV-71744,REQ-41986,RQ-120,Beaumont Stark,Harborline Mutual Insurance,2025-07-23,52.65,Paid,2025-08-01,
INV-71745,REQ-41987,RQ-105,Brennan Hale PC,Granite Shield Insurance,2025-07-17,65.95,Paid,2025-07-25,
INV-71746,REQ-41988,RQ-114,Tate & Winslow,Granite Shield Insurance,2025-07-18,79.25,Paid,2025-07-25,
INV-71747,REQ-41989,RQ-105,Brennan Hale PC,Granite Shield Insurance,2025-07-28,139.80,Paid,2025-08-07,
INV-71748,REQ-41990,RQ-121,RecordPoint Retrieval,Granite Shield Insurance,2025-07-10,89.05,Paid,2025-07-14,
INV-71749,REQ-41991,RQ-114,Tate & Winslow,Granite Shield Insurance,2025-07-21,89.40,Paid,2025-08-04,
INV-71750,REQ-41992,RQ-104,Whitcombe & Rao,Granite Shield Insurance,2025-07-14,46.70,Paid,2025-07-24,
INV-71751,REQ-41993,RQ-113,Grayson Poole,Granite Shield Insurance,2025-07-28,54.75,Paid,2025-08-08,
INV-71752,REQ-41995,RQ-104,Whitcombe & Rao,Granite Shield Insurance,2025-07-29,39.35,Paid,2025-08-01,
INV-71753,REQ-41996,RQ-121,RecordPoint Retrieval,Granite Shield Insurance,2025-07-18,61.75,Open,,
INV-71754,REQ-41997,RQ-127,Pioneer Standard Insurance,Granite Shield Insurance,2025-07-25,105.50,Paid,2025-08-08,
INV-71755,REQ-41998,RQ-110,Marchetti & Cole,Granite Shield Insurance,2025-08-01,76.10,Paid,2025-08-12,
INV-71756,REQ-41999,RQ-121,RecordPoint Retrieval,Granite Shield Insurance,2025-07-28,147.15,Paid,2025-08-07,
INV-71757,REQ-42000,RQ-111,Ferris Nguyen LLP,Granite Shield Insurance,2025-07-15,63.15,Paid,2025-07-31,
INV-71758,REQ-42001,RQ-120,Beaumont Stark,Granite Shield Insurance,2025-07-16,102.35,Paid,2025-07-22,
INV-71759,REQ-42002,RQ-129,Evergreen Casualty,Granite Shield Insurance,2025-07-18,67.00,Paid,2025-07-23,
INV-71760,REQ-42003,RQ-107,Park & Levine,Granite Shield Insurance,2025-07-17,46.35,Paid,2025-08-03,
INV-71761,REQ-42004,RQ-122,SwiftFile Records,Granite Shield Insurance,2025-07-09,33.75,Paid,2025-07-18,
INV-71762,REQ-42005,RQ-116,Carver Moss LLP,Granite Shield Insurance,2025-07-08,70.50,Paid,2025-07-15,
INV-71763,REQ-42006,RQ-130,Sterling Auto Insurance,Granite Shield Insurance,2025-07-07,48.80,Paid,2025-07-17,
INV-71764,REQ-42007,RQ-126,Summit Chart Services,Granite Shield Insurance,2025-07-28,106.55,Paid,2025-08-08,
INV-71765,REQ-42008,RQ-110,Marchetti & Cole,Granite Shield Insurance,2025-07-10,75.75,Paid,2025-07-17,
INV-71766,REQ-42009,RQ-130,Sterling Auto Insurance,Granite Shield Insurance,2025-07-28,54.05,Paid,2025-08-07,
INV-71767,REQ-42010,RQ-123,DocuTrace Services,Granite Shield Insurance,2025-07-10,47.05,Paid,2025-07-17,
INV-71768,REQ-42011,RQ-117,Iverson Goldberg,Granite Shield Insurance,2025-07-09,49.15,Paid,2025-07-27,
INV-71769,REQ-42012,RQ-101,Morrison & Pratt LLP,Granite Shield Insurance,2025-07-16,69.45,Paid,2025-07-19,
INV-71770,REQ-42013,RQ-128,Lakeside Mutual,Granite Shield Insurance,2025-07-17,76.80,Paid,2025-07-28,
INV-71771,REQ-42014,RQ-119,Quinlan & Ames,Granite Shield Insurance,2025-07-18,50.90,Paid,2025-08-02,
INV-71772,REQ-42015,RQ-124,Keystone Record Retrieval,Granite Shield Insurance,2025-07-04,119.85,Paid,2025-07-15,
INV-71773,REQ-42016,RQ-117,Iverson Goldberg,Granite Shield Insurance,2025-07-30,48.10,Paid,2025-08-01,
INV-71774,REQ-42017,RQ-107,Park & Levine,Granite Shield Insurance,2025-07-10,84.85,Paid,2025-07-27,
INV-71775,REQ-42018,RQ-101,Morrison & Pratt LLP,Granite Shield Insurance,2025-07-24,70.50,Paid,2025-08-07,
INV-71776,REQ-42019,RQ-116,Carver Moss LLP,Granite Shield Insurance,2025-07-17,62.45,Paid,2025-07-31,
INV-71777,REQ-42020,RQ-121,RecordPoint Retrieval,Granite Shield Insurance,2025-07-28,66.30,Paid,2025-08-15,
INV-71778,REQ-42021,RQ-128,Lakeside Mutual,Granite Shield Insurance,2025-07-16,84.85,Paid,2025-07-18,
INV-71779,REQ-42022,RQ-125,ClearPath Records,Granite Shield Insurance,2025-07-28,44.95,Paid,2025-08-13,
INV-71780,REQ-42024,RQ-119,Quinlan & Ames,Granite Shield Insurance,2025-07-09,44.60,Open,,
INV-71781,REQ-42025,RQ-102,Delgado Law Group,Granite Shield Insurance,2025-07-17,38.30,Paid,2025-07-20,
INV-71782,REQ-42026,RQ-128,Lakeside Mutual,Granite Shield Insurance,2025-07-29,39.00,Paid,2025-08-07,
INV-71783,REQ-42027,RQ-120,Beaumont Stark,Granite Shield Insurance,2025-07-28,135.95,Paid,2025-08-10,
INV-71784,REQ-42028,RQ-115,Lindqvist Defense,Granite Shield Insurance,2025-07-18,57.20,Open,,
INV-71785,REQ-42029,RQ-121,RecordPoint Retrieval,Granite Shield Insurance,2025-07-22,99.55,Paid,2025-08-02,
INV-71786,REQ-42030,RQ-119,Quinlan & Ames,Granite Shield Insurance,2025-07-29,65.25,Paid,2025-08-06,
INV-71787,REQ-42031,RQ-103,Kessler Injury Attorneys,Granite Shield Insurance,2025-07-29,103.40,Paid,2025-08-13,
INV-71788,REQ-42032,RQ-128,Lakeside Mutual,Granite Shield Insurance,2025-07-18,75.05,Cancelled,,No records found
INV-71789,REQ-42033,RQ-124,Keystone Record Retrieval,Granite Shield Insurance,2025-07-10,62.45,Open,,
INV-71790,REQ-42034,RQ-102,Delgado Law Group,Granite Shield Insurance,2025-07-23,46.35,Paid,2025-08-04,
INV-71791,REQ-42036,RQ-126,Summit Chart Services,Granite Shield Insurance,2025-07-28,97.10,Paid,2025-08-11,
INV-71792,REQ-42039,RQ-107,Park & Levine,Keystone Auto Group,2025-07-14,44.60,Paid,2025-07-16,
INV-71793,REQ-42040,RQ-111,Ferris Nguyen LLP,Keystone Auto Group,2025-07-17,56.50,Paid,2025-07-21,
INV-71794,REQ-42041,RQ-102,Delgado Law Group,Keystone Auto Group,2025-08-01,69.10,Paid,2025-08-19,
INV-71795,REQ-42042,RQ-106,Ostrowski Legal,Keystone Auto Group,2025-07-14,59.65,Paid,2025-07-20,
INV-71796,REQ-42043,RQ-104,Whitcombe & Rao,Keystone Auto Group,2025-07-08,58.95,Paid,2025-07-26,
INV-71797,REQ-42044,RQ-123,DocuTrace Services,Keystone Auto Group,2025-07-07,107.60,Paid,2025-07-14,
INV-71798,REQ-42045,RQ-121,RecordPoint Retrieval,Keystone Auto Group,2025-07-24,32.35,Open,,
INV-71799,REQ-42047,RQ-110,Marchetti & Cole,Keystone Auto Group,2025-07-17,48.80,Paid,2025-07-29,
INV-71800,REQ-42048,RQ-121,RecordPoint Retrieval,Keystone Auto Group,2025-07-21,51.95,Open,,
INV-71801,REQ-42049,RQ-114,Tate & Winslow,Keystone Auto Group,2025-07-23,48.80,Open,,
INV-71802,REQ-42050,RQ-122,SwiftFile Records,Keystone Auto Group,2025-07-17,89.75,Paid,2025-07-28,
INV-71803,REQ-42051,RQ-101,Morrison & Pratt LLP,Keystone Auto Group,2025-07-04,64.90,Paid,2025-07-07,
INV-71804,REQ-42053,RQ-101,Morrison & Pratt LLP,Keystone Auto Group,2025-07-16,109.35,Paid,2025-07-25,
INV-71805,REQ-42054,RQ-118,Pruitt Legal Group,Keystone Auto Group,2025-08-01,85.20,Paid,2025-08-06,
INV-71806,REQ-42055,RQ-114,Tate & Winslow,Keystone Auto Group,2025-07-28,80.65,Paid,2025-08-05,
INV-71807,REQ-42056,RQ-109,Hudson Valley Injury Law,Keystone Auto Group,2025-07-30,38.30,Paid,2025-08-13,
INV-71808,REQ-42057,RQ-121,RecordPoint Retrieval,Keystone Auto Group,2025-08-01,43.55,Paid,2025-08-06,
INV-71809,REQ-42059,RQ-121,RecordPoint Retrieval,Keystone Auto Group,2025-07-30,71.90,Open,,
INV-71810,REQ-42060,RQ-121,RecordPoint Retrieval,Keystone Auto Group,2025-07-31,51.25,Paid,2025-08-18,
INV-71811,REQ-42061,RQ-105,Brennan Hale PC,Keystone Auto Group,2025-07-31,50.20,Open,,
INV-71812,REQ-42062,RQ-122,SwiftFile Records,Keystone Auto Group,2025-07-16,131.40,Paid,2025-07-21,
INV-71813,REQ-42063,RQ-101,Morrison & Pratt LLP,Keystone Auto Group,2025-07-22,120.90,Paid,2025-08-05,
INV-71814,REQ-42064,RQ-119,Quinlan & Ames,Keystone Auto Group,2025-07-23,107.60,Paid,2025-08-03,
INV-71815,REQ-42065,RQ-120,Beaumont Stark,Keystone Auto Group,2025-07-31,93.95,Paid,2025-08-15,
INV-71816,REQ-42066,RQ-121,RecordPoint Retrieval,Keystone Auto Group,2025-07-29,83.80,Paid,2025-08-01,
INV-71817,REQ-42067,RQ-126,Summit Chart Services,Keystone Auto Group,2025-07-17,129.30,Open,,
INV-71818,REQ-42068,RQ-110,Marchetti & Cole,Keystone Auto Group,2025-07-16,89.05,Paid,2025-07-27,
INV-71819,REQ-42069,RQ-128,Lakeside Mutual,Keystone Auto Group,2025-07-28,77.50,Paid,2025-08-10,
INV-71820,REQ-42070,RQ-121,RecordPoint Retrieval,Keystone Auto Group,2025-08-01,90.80,Paid,2025-08-06,
INV-71821,REQ-42071,RQ-121,RecordPoint Retrieval,Keystone Auto Group,2025-07-11,153.10,Paid,2025-07-15,
INV-71822,REQ-42072,RQ-106,Ostrowski Legal,Keystone Auto Group,2025-07-16,121.95,Paid,2025-08-03,
INV-71823,REQ-42073,RQ-115,Lindqvist Defense,Keystone Auto Group,2025-07-18,174.45,Paid,2025-07-30,
INV-71824,REQ-42074,RQ-124,Keystone Record Retrieval,Keystone Auto Group,2025-07-16,47.05,Paid,2025-08-03,
INV-71825,REQ-42075,RQ-111,Ferris Nguyen LLP,Keystone Auto Group,2025-07-07,52.65,Paid,2025-07-22,
INV-71826,REQ-42076,RQ-112,Abernathy Law,Keystone Auto Group,2025-07-23,71.90,Paid,2025-08-03,
INV-71827,REQ-42077,RQ-111,Ferris Nguyen LLP,Keystone Auto Group,2025-07-23,124.05,Paid,2025-07-28,
INV-71828,REQ-42078,RQ-103,Kessler Injury Attorneys,Keystone Auto Group,2025-07-21,39.00,Paid,2025-08-04,
INV-71829,REQ-42079,RQ-105,Brennan Hale PC,Keystone Auto Group,2025-07-11,103.05,Paid,2025-07-15,
INV-71830,REQ-42080,RQ-123,DocuTrace Services,Keystone Auto Group,2025-07-17,48.10,Paid,2025-07-28,
INV-71831,REQ-42081,RQ-121,RecordPoint Retrieval,Tri-County Workers' Comp Fund,2025-08-06,58.25,Open,,
INV-71832,REQ-42082,RQ-105,Brennan Hale PC,Tri-County Workers' Comp Fund,2025-07-23,55.45,Paid,2025-08-08,
INV-71833,REQ-42087,RQ-121,RecordPoint Retrieval,Tri-County Workers' Comp Fund,2025-07-11,66.65,Paid,2025-07-13,
INV-71834,REQ-42088,RQ-121,RecordPoint Retrieval,Tri-County Workers' Comp Fund,2025-07-10,52.65,Paid,2025-07-19,
INV-71835,REQ-42089,RQ-129,Evergreen Casualty,Tri-County Workers' Comp Fund,2025-07-07,72.60,Cancelled,,No records found
INV-71836,REQ-42091,RQ-130,Sterling Auto Insurance,Tri-County Workers' Comp Fund,2025-07-11,66.30,Paid,2025-07-18,
INV-71837,REQ-42092,RQ-126,Summit Chart Services,Tri-County Workers' Comp Fund,2025-07-31,64.20,Paid,2025-08-13,
INV-71838,REQ-42093,RQ-127,Pioneer Standard Insurance,Tri-County Workers' Comp Fund,2025-07-16,47.75,Cancelled,,No records found
INV-71839,REQ-42094,RQ-112,Abernathy Law,Tri-County Workers' Comp Fund,2025-07-30,142.95,Paid,2025-08-15,
INV-71840,REQ-42095,RQ-112,Abernathy Law,Tri-County Workers' Comp Fund,2025-07-15,82.75,Paid,2025-07-20,
INV-71841,REQ-42096,RQ-101,Morrison & Pratt LLP,Tri-County Workers' Comp Fund,2025-08-01,43.20,Paid,2025-08-05,
INV-71842,REQ-42099,RQ-123,DocuTrace Services,Tri-County Workers' Comp Fund,2025-07-31,42.85,Open,,
INV-71843,REQ-42101,RQ-117,Iverson Goldberg,Tri-County Workers' Comp Fund,2025-07-16,54.05,Paid,2025-07-31,
INV-71844,REQ-42102,RQ-124,Keystone Record Retrieval,Tri-County Workers' Comp Fund,2025-07-30,75.05,Paid,2025-08-06,
INV-71845,REQ-42107,RQ-111,Ferris Nguyen LLP,Tri-County Workers' Comp Fund,2025-07-25,46.35,Paid,2025-08-04,
INV-71846,REQ-42109,RQ-108,Salas Trial Lawyers,Tri-County Workers' Comp Fund,2025-08-06,56.50,Paid,2025-08-16,
INV-71847,REQ-42110,RQ-101,Morrison & Pratt LLP,Tri-County Workers' Comp Fund,2025-07-16,65.60,Cancelled,,Duplicate request
INV-71848,REQ-42115,RQ-121,RecordPoint Retrieval,Beacon Casualty Company,2025-07-29,67.00,Open,,
INV-71849,REQ-42116,RQ-127,Pioneer Standard Insurance,Beacon Casualty Company,2025-07-16,198.95,Paid,2025-07-23,
INV-71850,REQ-42117,RQ-124,Keystone Record Retrieval,Beacon Casualty Company,2025-07-25,160.45,Paid,2025-08-02,
INV-71851,REQ-42118,RQ-114,Tate & Winslow,Beacon Casualty Company,2025-07-24,47.75,Paid,2025-08-10,
INV-71852,REQ-42119,RQ-112,Abernathy Law,Beacon Casualty Company,2025-07-17,71.20,Paid,2025-07-26,
INV-71853,REQ-42120,RQ-109,Hudson Valley Injury Law,Beacon Casualty Company,2025-07-15,124.05,Paid,2025-07-27,
INV-71854,REQ-42121,RQ-101,Morrison & Pratt LLP,Beacon Casualty Company,2025-07-28,77.15,Paid,2025-08-09,
INV-71855,REQ-42123,RQ-120,Beaumont Stark,Beacon Casualty Company,2025-07-17,52.65,Paid,2025-07-23,
INV-71856,REQ-42124,RQ-117,Iverson Goldberg,Beacon Casualty Company,2025-07-22,83.80,Paid,2025-08-09,
INV-71857,REQ-42125,RQ-126,Summit Chart Services,Beacon Casualty Company,2025-07-22,92.20,Paid,2025-08-08,
INV-71858,REQ-42126,RQ-123,DocuTrace Services,Beacon Casualty Company,2025-07-07,46.35,Cancelled,,No records found
INV-71859,REQ-42127,RQ-108,Salas Trial Lawyers,Beacon Casualty Company,2025-07-28,45.65,Paid,2025-07-30,
INV-71860,REQ-42129,RQ-128,Lakeside Mutual,Beacon Casualty Company,2025-07-09,60.00,Paid,2025-07-24,
INV-71861,REQ-42130,RQ-114,Tate & Winslow,Beacon Casualty Company,2025-07-23,47.05,Paid,2025-08-07,
INV-71862,REQ-42132,RQ-114,Tate & Winslow,Beacon Casualty Company,2025-07-15,76.10,Paid,2025-07-27,
INV-71863,REQ-42133,RQ-101,Morrison & Pratt LLP,Beacon Casualty Company,2025-08-04,63.85,Paid,2025-08-15,
INV-71864,REQ-42134,RQ-121,RecordPoint Retrieval,Beacon Casualty Company,2025-07-31,36.55,Open,,
INV-71865,REQ-42135,RQ-121,RecordPoint Retrieval,Beacon Casualty Company,2025-08-04,79.25,Paid,2025-08-07,
INV-71866,REQ-42136,RQ-118,Pruitt Legal Group,Beacon Casualty Company,2025-07-15,66.30,Paid,2025-07-27,
INV-71867,REQ-42137,RQ-114,Tate & Winslow,Beacon Casualty Company,2025-07-10,109.35,Cancelled,,Request withdrawn
INV-71868,REQ-42138,RQ-110,Marchetti & Cole,Beacon Casualty Company,2025-07-23,109.35,Open,,
INV-71869,REQ-42139,RQ-101,Morrison & Pratt LLP,Beacon Casualty Company,2025-07-29,61.40,Paid,2025-08-02,
INV-71870,REQ-42140,RQ-124,Keystone Record Retrieval,Beacon Casualty Company,2025-07-30,202.80,Paid,2025-08-05,
INV-71871,REQ-42141,RQ-120,Beaumont Stark,Beacon Casualty Company,2025-07-09,51.95,Paid,2025-07-26,
INV-71872,REQ-42142,RQ-112,Abernathy Law,Beacon Casualty Company,2025-07-31,99.20,Paid,2025-08-06,
INV-71873,REQ-42144,RQ-122,SwiftFile Records,Beacon Casualty Company,2025-07-29,56.85,Paid,2025-08-10,
INV-71874,REQ-42145,RQ-125,ClearPath Records,Beacon Casualty Company,2025-07-08,64.90,Paid,2025-07-11,
INV-71875,REQ-42146,RQ-109,Hudson Valley Injury Law,Beacon Casualty Company,2025-07-14,48.80,Paid,2025-07-25,
INV-71876,REQ-42147,RQ-121,RecordPoint Retrieval,Beacon Casualty Company,2025-07-16,124.75,Open,,
INV-71877,REQ-42148,RQ-111,Ferris Nguyen LLP,Beacon Casualty Company,2025-07-16,78.20,Paid,2025-07-23,
INV-71878,REQ-42149,RQ-102,Delgado Law Group,Beacon Casualty Company,2025-07-29,38.30,Paid,2025-08-14,
INV-71879,REQ-42150,RQ-124,Keystone Record Retrieval,Beacon Casualty Company,2025-07-10,124.05,Paid,2025-07-14,
INV-71880,REQ-42151,RQ-112,Abernathy Law,Beacon Casualty Company,2025-07-21,59.30,Paid,2025-08-06,
INV-71881,REQ-42152,RQ-105,Brennan Hale PC,Beacon Casualty Company,2025-07-24,72.95,Paid,2025-07-29,
INV-71882,REQ-42153,RQ-101,Morrison & Pratt LLP,Beacon Casualty Company,2025-07-15,104.10,Cancelled,,Duplicate request
INV-71883,REQ-42154,RQ-123,DocuTrace Services,Beacon Casualty Company,2025-07-09,46.35,Paid,2025-07-19,
INV-71884,REQ-42155,RQ-102,Delgado Law Group,Beacon Casualty Company,2025-07-31,63.15,Paid,2025-08-02,
INV-71885,REQ-42156,RQ-102,Delgado Law Group,Beacon Casualty Company,2025-07-30,49.50,Paid,2025-08-12,
INV-71886,REQ-42157,RQ-113,Grayson Poole,Beacon Casualty Company,2025-07-02,87.65,Cancelled,,Duplicate request
INV-71887,REQ-42158,RQ-124,Keystone Record Retrieval,Beacon Casualty Company,2025-07-28,126.85,Paid,2025-08-02,
INV-71888,REQ-42159,RQ-121,RecordPoint Retrieval,Beacon Casualty Company,2025-07-14,45.65,Open,,
INV-71889,REQ-42160,RQ-106,Ostrowski Legal,Northfork Insurance Co.,2025-07-24,48.45,Paid,2025-07-30,
INV-71890,REQ-42161,RQ-123,DocuTrace Services,Northfork Insurance Co.,2025-07-21,51.60,Paid,2025-07-28,
INV-71891,REQ-42162,RQ-120,Beaumont Stark,Northfork Insurance Co.,2025-08-04,76.10,Paid,2025-08-17,
INV-71892,REQ-42163,RQ-102,Delgado Law Group,Northfork Insurance Co.,2025-08-01,46.00,Paid,2025-08-18,
INV-71893,REQ-42164,RQ-128,Lakeside Mutual,Northfork Insurance Co.,2025-08-04,37.60,Paid,2025-08-09,
INV-71894,REQ-42165,RQ-126,Summit Chart Services,Northfork Insurance Co.,2025-08-04,77.15,Paid,2025-08-20,
INV-71895,REQ-42166,RQ-121,RecordPoint Retrieval,Northfork Insurance Co.,2025-07-11,52.65,Paid,2025-07-27,
INV-71896,REQ-42167,RQ-101,Morrison & Pratt LLP,Northfork Insurance Co.,2025-07-22,71.20,Open,,
INV-71897,REQ-42168,RQ-103,Kessler Injury Attorneys,Northfork Insurance Co.,2025-07-18,79.60,Paid,2025-07-25,
INV-71898,REQ-42169,RQ-113,Grayson Poole,Northfork Insurance Co.,2025-07-14,59.30,Paid,2025-07-16,
INV-71899,REQ-42170,RQ-107,Park & Levine,Northfork Insurance Co.,2025-07-21,61.05,Paid,2025-08-07,
INV-71900,REQ-42171,RQ-121,RecordPoint Retrieval,Northfork Insurance Co.,2025-07-11,84.85,Open,,
INV-71901,REQ-42172,RQ-125,ClearPath Records,Northfork Insurance Co.,2025-07-18,98.15,Paid,2025-08-04,
INV-71902,REQ-42173,RQ-104,Whitcombe & Rao,Northfork Insurance Co.,2025-07-08,39.70,Open,,
INV-71903,REQ-42174,RQ-130,Sterling Auto Insurance,Northfork Insurance Co.,2025-07-21,62.45,Paid,2025-07-27,
INV-71904,REQ-42175,RQ-129,Evergreen Casualty,Northfork Insurance Co.,2025-07-31,62.10,Paid,2025-08-11,
INV-71905,REQ-42176,RQ-115,Lindqvist Defense,Northfork Insurance Co.,2025-07-18,84.50,Paid,2025-07-28,
INV-71906,REQ-42177,RQ-130,Sterling Auto Insurance,Northfork Insurance Co.,2025-07-24,68.40,Paid,2025-07-28,
INV-71907,REQ-42178,RQ-109,Hudson Valley Injury Law,Northfork Insurance Co.,2025-07-08,108.30,Open,,
INV-71908,REQ-42179,RQ-121,RecordPoint Retrieval,Northfork Insurance Co.,2025-07-07,69.80,Cancelled,,Duplicate request
INV-71909,REQ-42180,RQ-122,SwiftFile Records,Northfork Insurance Co.,2025-07-23,60.35,Paid,2025-08-05,
INV-71910,REQ-42182,RQ-126,Summit Chart Services,Northfork Insurance Co.,2025-07-31,66.65,Paid,2025-08-08,
INV-71911,REQ-42183,RQ-108,Salas Trial Lawyers,Northfork Insurance Co.,2025-07-09,77.85,Paid,2025-07-18,
INV-71912,REQ-42185,RQ-104,Whitcombe & Rao,Northfork Insurance Co.,2025-07-11,208.75,Open,,
INV-71913,REQ-42186,RQ-105,Brennan Hale PC,Northfork Insurance Co.,2025-07-18,60.00,Paid,2025-07-20,
INV-71914,REQ-42187,RQ-130,Sterling Auto Insurance,Northfork Insurance Co.,2025-07-25,110.40,Paid,2025-07-29,
INV-71915,REQ-42188,RQ-127,Pioneer Standard Insurance,Northfork Insurance Co.,2025-07-08,43.20,Paid,2025-07-21,
INV-71916,REQ-42189,RQ-121,RecordPoint Retrieval,Northfork Insurance Co.,2025-07-18,184.60,Open,,
INV-71917,REQ-42190,RQ-120,Beaumont Stark,Meridian Auto & Home,2025-07-07,58.25,Paid,2025-07-21,
INV-71918,REQ-42192,RQ-121,RecordPoint Retrieval,Meridian Auto & Home,2025-07-16,101.30,Open,,
INV-71919,REQ-42193,RQ-128,Lakeside Mutual,Meridian Auto & Home,2025-07-23,69.80,Paid,2025-07-26,
INV-71920,REQ-42194,RQ-120,Beaumont Stark,Meridian Auto & Home,2025-07-22,50.90,Paid,2025-08-08,
INV-71921,REQ-42196,RQ-125,ClearPath Records,Meridian Auto & Home,2025-07-10,45.30,Paid,2025-07-12,
INV-71922,REQ-42197,RQ-114,Tate & Winslow,Meridian Auto & Home,2025-08-01,39.35,Paid,2025-08-19,
INV-71923,REQ-42198,RQ-121,RecordPoint Retrieval,Meridian Auto & Home,2025-07-10,58.60,Open,,
INV-71924,REQ-42199,RQ-113,Grayson Poole,Meridian Auto & Home,2025-07-18,57.90,Paid,2025-07-22,
INV-71925,REQ-42200,RQ-122,SwiftFile Records,Meridian Auto & Home,2025-07-31,36.55,Paid,2025-08-09,
INV-71926,REQ-42202,RQ-123,DocuTrace Services,Meridian Auto & Home,2025-07-30,60.35,Paid,2025-08-14,
INV-71927,REQ-42203,RQ-125,ClearPath Records,Meridian Auto & Home,2025-07-17,74.70,Paid,2025-07-31,
INV-71928,REQ-42204,RQ-121,RecordPoint Retrieval,Meridian Auto & Home,2025-07-25,70.85,Cancelled,,Request withdrawn
INV-71929,REQ-42205,RQ-126,Summit Chart Services,Meridian Auto & Home,2025-07-09,61.40,Paid,2025-07-27,
INV-71930,REQ-42206,RQ-125,ClearPath Records,Meridian Auto & Home,2025-07-30,103.05,Paid,2025-08-05,
INV-71931,REQ-42207,RQ-122,SwiftFile Records,Meridian Auto & Home,2025-07-16,49.15,Open,,
INV-71932,REQ-42208,RQ-101,Morrison & Pratt LLP,Meridian Auto & Home,2025-07-07,190.55,Paid,2025-07-19,
INV-71933,REQ-42209,RQ-101,Morrison & Pratt LLP,Meridian Auto & Home,2025-07-31,76.80,Paid,2025-08-05,
INV-71934,REQ-42210,RQ-111,Ferris Nguyen LLP,Meridian Auto & Home,2025-07-15,61.40,Paid,2025-07-26,
INV-71935,REQ-42211,RQ-104,Whitcombe & Rao,Meridian Auto & Home,2025-08-04,62.80,Paid,2025-08-09,
INV-71936,REQ-42212,RQ-101,Morrison & Pratt LLP,Meridian Auto & Home,2025-07-07,167.45,Paid,2025-07-18,
INV-71937,REQ-42213,RQ-101,Morrison & Pratt LLP,Meridian Auto & Home,2025-07-30,69.10,Paid,2025-08-01,
INV-71938,REQ-42214,RQ-123,DocuTrace Services,Meridian Auto & Home,2025-07-14,96.40,Paid,2025-07-29,
INV-71939,REQ-42215,RQ-117,Iverson Goldberg,Meridian Auto & Home,2025-07-31,45.30,Paid,2025-08-04,
INV-71940,REQ-42216,RQ-120,Beaumont Stark,Meridian Auto & Home,2025-07-22,86.25,Paid,2025-07-24,
INV-71941,REQ-42217,RQ-112,Abernathy Law,Meridian Auto & Home,2025-07-09,50.20,Paid,2025-07-23,
INV-71942,REQ-42218,RQ-125,ClearPath Records,Atlas Comp Services,2025-07-22,101.65,Paid,2025-07-28,
INV-71943,REQ-42219,RQ-127,Pioneer Standard Insurance,Atlas Comp Services,2025-07-24,90.45,Cancelled,,Duplicate request
INV-71944,REQ-42220,RQ-121,RecordPoint Retrieval,Atlas Comp Services,2025-07-25,50.20,Paid,2025-08-11,
INV-71945,REQ-42221,RQ-109,Hudson Valley Injury Law,Atlas Comp Services,2025-07-17,75.40,Paid,2025-07-28,
INV-71946,REQ-42222,RQ-119,Quinlan & Ames,Atlas Comp Services,2025-07-24,43.20,Paid,2025-07-27,
INV-71947,REQ-42223,RQ-124,Keystone Record Retrieval,Atlas Comp Services,2025-07-31,93.60,Paid,2025-08-08,
INV-71948,REQ-42224,RQ-121,RecordPoint Retrieval,Atlas Comp Services,2025-07-24,138.40,Open,,
INV-71949,REQ-42225,RQ-121,RecordPoint Retrieval,Atlas Comp Services,2025-07-07,44.95,Cancelled,,No records found
INV-71950,REQ-42226,RQ-119,Quinlan & Ames,Atlas Comp Services,2025-07-29,95.35,Paid,2025-08-16,
INV-71951,REQ-42227,RQ-114,Tate & Winslow,Atlas Comp Services,2025-07-24,47.05,Paid,2025-07-30,
INV-71952,REQ-42229,RQ-116,Carver Moss LLP,Atlas Comp Services,2025-07-22,60.70,Paid,2025-08-07,
INV-71953,REQ-42230,RQ-112,Abernathy Law,Atlas Comp Services,2025-07-22,61.05,Paid,2025-08-02,
INV-71954,REQ-42231,RQ-121,RecordPoint Retrieval,Atlas Comp Services,2025-07-15,40.75,Open,,
INV-71955,REQ-42232,RQ-121,RecordPoint Retrieval,Atlas Comp Services,2025-07-22,88.00,Open,,
INV-71956,REQ-42233,RQ-121,RecordPoint Retrieval,Atlas Comp Services,2025-07-17,134.55,Paid,2025-07-24,
INV-71957,REQ-42234,RQ-129,Evergreen Casualty,Atlas Comp Services,2025-07-15,67.00,Paid,2025-07-29,
INV-71958,REQ-42235,RQ-126,Summit Chart Services,Atlas Comp Services,2025-07-22,123.70,Paid,2025-07-30,
INV-71959,REQ-42236,RQ-127,Pioneer Standard Insurance,Atlas Comp Services,2025-07-22,102.00,Paid,2025-08-03,
INV-71960,REQ-42237,RQ-123,DocuTrace Services,Harborline Mutual Insurance,2025-09-01,188.10,Paid,2025-09-18,
INV-71961,REQ-42238,RQ-128,Lakeside Mutual,Harborline Mutual Insurance,2025-08-12,39.00,Paid,2025-08-27,
INV-71962,REQ-42239,RQ-115,Lindqvist Defense,Harborline Mutual Insurance,2025-08-26,96.40,Paid,2025-09-11,
INV-71963,REQ-42240,RQ-130,Sterling Auto Insurance,Harborline Mutual Insurance,2025-08-27,52.30,Paid,2025-09-04,
INV-71964,REQ-42241,RQ-123,DocuTrace Services,Harborline Mutual Insurance,2025-08-12,63.15,Paid,2025-08-24,
INV-71965,REQ-42242,RQ-101,Morrison & Pratt LLP,Harborline Mutual Insurance,2025-09-02,41.45,Paid,2025-09-08,
INV-71966,REQ-42244,RQ-129,Evergreen Casualty,Harborline Mutual Insurance,2025-08-12,121.95,Open,,
INV-71967,REQ-42245,RQ-124,Keystone Record Retrieval,Harborline Mutual Insurance,2025-08-12,63.15,Paid,2025-08-20,
INV-71968,REQ-42246,RQ-111,Ferris Nguyen LLP,Harborline Mutual Insurance,2025-08-25,82.05,Paid,2025-09-11,
INV-71969,REQ-42247,RQ-114,Tate & Winslow,Harborline Mutual Insurance,2025-08-07,74.70,Paid,2025-08-09,
INV-71970,REQ-42248,RQ-117,Iverson Goldberg,Harborline Mutual Insurance,2025-09-02,46.70,Paid,2025-09-11,
INV-71971,REQ-42249,RQ-110,Marchetti & Cole,Harborline Mutual Insurance,2025-08-22,59.30,Paid,2025-08-25,
INV-71972,REQ-42250,RQ-114,Tate & Winslow,Harborline Mutual Insurance,2025-08-13,48.80,Paid,2025-08-17,
INV-71973,REQ-42251,RQ-115,Lindqvist Defense,Harborline Mutual Insurance,2025-08-21,119.85,Paid,2025-08-25,
INV-71974,REQ-42252,RQ-129,Evergreen Casualty,Harborline Mutual Insurance,2025-08-15,240.25,Open,,
INV-71975,REQ-42253,RQ-108,Salas Trial Lawyers,Harborline Mutual Insurance,2025-08-07,64.90,Paid,2025-08-09,
INV-71976,REQ-42254,RQ-122,SwiftFile Records,Harborline Mutual Insurance,2025-09-02,101.30,Paid,2025-09-05,
INV-71977,REQ-42255,RQ-101,Morrison & Pratt LLP,Harborline Mutual Insurance,2025-08-29,42.85,Paid,2025-09-05,
INV-71978,REQ-42256,RQ-120,Beaumont Stark,Harborline Mutual Insurance,2025-08-20,51.95,Paid,2025-08-27,
INV-71979,REQ-42258,RQ-120,Beaumont Stark,Harborline Mutual Insurance,2025-08-19,66.65,Paid,2025-08-30,
INV-71980,REQ-42260,RQ-130,Sterling Auto Insurance,Harborline Mutual Insurance,2025-08-29,47.05,Paid,2025-09-12,
INV-71981,REQ-42261,RQ-128,Lakeside Mutual,Harborline Mutual Insurance,2025-08-14,111.80,Paid,2025-08-27,
INV-71982,REQ-42263,RQ-101,Morrison & Pratt LLP,Harborline Mutual Insurance,2025-08-15,102.00,Paid,2025-09-01,
INV-71983,REQ-42264,RQ-122,SwiftFile Records,Harborline Mutual Insurance,2025-08-20,162.55,Paid,2025-08-28,
INV-71984,REQ-42265,RQ-105,Brennan Hale PC,Harborline Mutual Insurance,2025-08-14,77.85,Paid,2025-08-28,
INV-71985,REQ-42266,RQ-107,Park & Levine,Harborline Mutual Insurance,2025-08-08,69.80,Paid,2025-08-26,
INV-71986,REQ-42268,RQ-102,Delgado Law Group,Harborline Mutual Insurance,2025-09-01,51.60,Paid,2025-09-19,
INV-71987,REQ-42270,RQ-110,Marchetti & Cole,Harborline Mutual Insurance,2025-08-15,53.35,Paid,2025-08-21,
INV-71988,REQ-42271,RQ-110,Marchetti & Cole,Harborline Mutual Insurance,2025-08-11,84.50,Paid,2025-08-23,
INV-71989,REQ-42272,RQ-112,Abernathy Law,Harborline Mutual Insurance,2025-08-25,54.75,Paid,2025-09-04,
INV-71990,REQ-42274,RQ-107,Park & Levine,Harborline Mutual Insurance,2025-08-26,99.55,Paid,2025-09-05,
INV-71991,REQ-42275,RQ-130,Sterling Auto Insurance,Harborline Mutual Insurance,2025-08-13,212.95,Paid,2025-08-20,
INV-71992,REQ-42276,RQ-121,RecordPoint Retrieval,Harborline Mutual Insurance,2025-08-05,83.80,Paid,2025-08-20,
INV-71993,REQ-42277,RQ-130,Sterling Auto Insurance,Harborline Mutual Insurance,2025-08-13,49.85,Paid,2025-08-20,
INV-71994,REQ-42278,RQ-129,Evergreen Casualty,Harborline Mutual Insurance,2025-08-06,101.65,Paid,2025-08-18,
INV-71995,REQ-42280,RQ-108,Salas Trial Lawyers,Harborline Mutual Insurance,2025-08-14,86.25,Paid,2025-08-19,
INV-71996,REQ-42282,RQ-125,ClearPath Records,Harborline Mutual Insurance,2025-08-11,64.90,Paid,2025-08-16,
INV-71997,REQ-42283,RQ-122,SwiftFile Records,Harborline Mutual Insurance,2025-09-02,55.10,Paid,2025-09-05,
INV-71998,REQ-42284,RQ-108,Salas Trial Lawyers,Harborline Mutual Insurance,2025-08-14,232.20,Open,,
INV-71999,REQ-42286,RQ-128,Lakeside Mutual,Harborline Mutual Insurance,2025-08-25,149.60,Open,,
INV-72000,REQ-42287,RQ-121,RecordPoint Retrieval,Harborline Mutual Insurance,2025-08-28,46.00,Paid,2025-09-12,
INV-72001,REQ-42288,RQ-122,SwiftFile Records,Harborline Mutual Insurance,2025-08-25,64.90,Paid,2025-08-31,
INV-72002,REQ-42289,RQ-118,Pruitt Legal Group,Harborline Mutual Insurance,2025-08-18,60.00,Paid,2025-09-03,
INV-72003,REQ-42291,RQ-117,Iverson Goldberg,Harborline Mutual Insurance,2025-08-22,90.10,Paid,2025-09-06,
INV-72004,REQ-42292,RQ-124,Keystone Record Retrieval,Harborline Mutual Insurance,2025-08-22,51.95,Paid,2025-08-27,
INV-72005,REQ-42293,RQ-115,Lindqvist Defense,Harborline Mutual Insurance,2025-08-26,59.30,Paid,2025-08-28,
INV-72006,REQ-42294,RQ-111,Ferris Nguyen LLP,Harborline Mutual Insurance,2025-08-25,64.55,Cancelled,,No records found
INV-72007,REQ-42295,RQ-118,Pruitt Legal Group,Harborline Mutual Insurance,2025-08-26,63.85,Paid,2025-08-30,
INV-72008,REQ-42296,RQ-118,Pruitt Legal Group,Harborline Mutual Insurance,2025-08-20,153.45,Paid,2025-09-07,
INV-72009,REQ-42297,RQ-117,Iverson Goldberg,Harborline Mutual Insurance,2025-08-22,60.70,Paid,2025-08-25,
INV-72010,REQ-42298,RQ-101,Morrison & Pratt LLP,Harborline Mutual Insurance,2025-08-19,48.80,Open,,
INV-72011,REQ-42299,RQ-111,Ferris Nguyen LLP,Harborline Mutual Insurance,2025-08-14,101.65,Paid,2025-08-24,
INV-72012,REQ-42300,RQ-128,Lakeside Mutual,Harborline Mutual Insurance,2025-08-12,67.35,Paid,2025-08-20,
INV-72013,REQ-42302,RQ-101,Morrison & Pratt LLP,Harborline Mutual Insurance,2025-08-20,59.65,Cancelled,,Duplicate request
INV-72014,REQ-42303,RQ-101,Morrison & Pratt LLP,Harborline Mutual Insurance,2025-08-18,68.40,Paid,2025-08-28,
INV-72015,REQ-42305,RQ-127,Pioneer Standard Insurance,Harborline Mutual Insurance,2025-08-13,88.00,Open,,
INV-72016,REQ-42306,RQ-102,Delgado Law Group,Harborline Mutual Insurance,2025-08-12,61.75,Paid,2025-08-15,
INV-72017,REQ-42307,RQ-117,Iverson Goldberg,Harborline Mutual Insurance,2025-08-25,107.95,Paid,2025-09-03,
INV-72018,REQ-42308,RQ-121,RecordPoint Retrieval,Harborline Mutual Insurance,2025-08-08,46.35,Open,,
INV-72019,REQ-42310,RQ-119,Quinlan & Ames,Harborline Mutual Insurance,2025-08-14,54.40,Paid,2025-08-31,
INV-72020,REQ-42311,RQ-129,Evergreen Casualty,Harborline Mutual Insurance,2025-08-13,74.00,Paid,2025-08-28,
INV-72021,REQ-42312,RQ-121,RecordPoint Retrieval,Harborline Mutual Insurance,2025-08-15,108.30,Paid,2025-09-01,
INV-72022,REQ-42313,RQ-122,SwiftFile Records,Harborline Mutual Insurance,2025-08-18,57.90,Paid,2025-08-23,
INV-72023,REQ-42314,RQ-109,Hudson Valley Injury Law,Harborline Mutual Insurance,2025-08-26,114.25,Paid,2025-08-31,
INV-72024,REQ-42315,RQ-123,DocuTrace Services,Harborline Mutual Insurance,2025-08-18,54.40,Paid,2025-08-29,
INV-72025,REQ-42316,RQ-114,Tate & Winslow,Harborline Mutual Insurance,2025-08-18,50.55,Paid,2025-08-29,
INV-72026,REQ-42317,RQ-104,Whitcombe & Rao,Harborline Mutual Insurance,2025-08-08,116.00,Open,,
INV-72027,REQ-42319,RQ-118,Pruitt Legal Group,Harborline Mutual Insurance,2025-08-28,110.40,Paid,2025-09-05,
INV-72028,REQ-42320,RQ-103,Kessler Injury Attorneys,Harborline Mutual Insurance,2025-08-12,46.35,Paid,2025-08-30,
INV-72029,REQ-42321,RQ-107,Park & Levine,Harborline Mutual Insurance,2025-08-28,113.20,Paid,2025-08-30,
INV-72030,REQ-42322,RQ-122,SwiftFile Records,Harborline Mutual Insurance,2025-08-21,132.45,Paid,2025-08-30,
INV-72031,REQ-42323,RQ-127,Pioneer Standard Insurance,Harborline Mutual Insurance,2025-08-07,48.45,Paid,2025-08-20,
INV-72032,REQ-42324,RQ-130,Sterling Auto Insurance,Harborline Mutual Insurance,2025-08-27,37.95,Paid,2025-09-14,
INV-72033,REQ-42325,RQ-124,Keystone Record Retrieval,Harborline Mutual Insurance,2025-08-28,62.80,Paid,2025-08-31,
INV-72034,REQ-42326,RQ-108,Salas Trial Lawyers,Harborline Mutual Insurance,2025-09-01,56.15,Paid,2025-09-05,
INV-72035,REQ-42327,RQ-128,Lakeside Mutual,Harborline Mutual Insurance,2025-08-19,49.15,Paid,2025-09-03,
INV-72036,REQ-42328,RQ-107,Park & Levine,Harborline Mutual Insurance,2025-08-21,76.80,Paid,2025-09-03,
INV-72037,REQ-42329,RQ-117,Iverson Goldberg,Harborline Mutual Insurance,2025-08-04,40.40,Cancelled,,Request withdrawn
INV-72038,REQ-42330,RQ-111,Ferris Nguyen LLP,Granite Shield Insurance,2025-08-06,60.00,Paid,2025-08-08,
INV-72039,REQ-42331,RQ-113,Grayson Poole,Granite Shield Insurance,2025-08-20,84.85,Paid,2025-08-30,
INV-72040,REQ-42332,RQ-109,Hudson Valley Injury Law,Granite Shield Insurance,2025-08-05,67.70,Paid,2025-08-16,
INV-72041,REQ-42334,RQ-110,Marchetti & Cole,Granite Shield Insurance,2025-08-29,122.30,Paid,2025-09-07,
INV-72042,REQ-42336,RQ-121,RecordPoint Retrieval,Granite Shield Insurance,2025-09-03,107.60,Open,,
INV-72043,REQ-42337,RQ-120,Beaumont Stark,Granite Shield Insurance,2025-08-21,92.90,Paid,2025-08-29,
INV-72044,REQ-42338,RQ-117,Iverson Goldberg,Granite Shield Insurance,2025-08-19,59.65,Paid,2025-08-21,
INV-72045,REQ-42340,RQ-103,Kessler Injury Attorneys,Granite Shield Insurance,2025-08-25,92.20,Open,,
INV-72046,REQ-42341,RQ-120,Beaumont Stark,Granite Shield Insurance,2025-08-28,67.70,Paid,2025-09-08,
INV-72047,REQ-42343,RQ-128,Lakeside Mutual,Granite Shield Insurance,2025-08-19,61.05,Paid,2025-08-31,
INV-72048,REQ-42344,RQ-126,Summit Chart Services,Granite Shield Insurance,2025-09-02,72.60,Paid,2025-09-17,
INV-72049,REQ-42345,RQ-118,Pruitt Legal Group,Granite Shield Insurance,2025-08-20,103.05,Paid,2025-09-06,
INV-72050,REQ-42346,RQ-124,Keystone Record Retrieval,Granite Shield Insurance,2025-08-13,68.75,Paid,2025-08-27,
INV-72051,REQ-42347,RQ-123,DocuTrace Services,Granite Shield Insurance,2025-08-11,71.55,Paid,2025-08-20,
INV-72052,REQ-42348,RQ-115,Lindqvist Defense,Granite Shield Insurance,2025-08-20,97.45,Paid,2025-08-22,
INV-72053,REQ-42350,RQ-128,Lakeside Mutual,Granite Shield Insurance,2025-08-25,53.35,Paid,2025-08-30,
INV-72054,REQ-42351,RQ-114,Tate & Winslow,Granite Shield Insurance,2025-09-03,70.15,Paid,2025-09-10,
INV-72055,REQ-42352,RQ-121,RecordPoint Retrieval,Granite Shield Insurance,2025-09-01,49.50,Paid,2025-09-17,
INV-72056,REQ-42353,RQ-130,Sterling Auto Insurance,Granite Shield Insurance,2025-09-01,58.95,Paid,2025-09-08,
INV-72057,REQ-42354,RQ-120,Beaumont Stark,Granite Shield Insurance,2025-09-01,56.50,Paid,2025-09-16,
INV-72058,REQ-42355,RQ-110,Marchetti & Cole,Granite Shield Insurance,2025-09-02,47.40,Paid,2025-09-08,
INV-72059,REQ-42356,RQ-121,RecordPoint Retrieval,Granite Shield Insurance,2025-08-29,68.40,Open,,
INV-72060,REQ-42358,RQ-114,Tate & Winslow,Granite Shield Insurance,2025-08-27,64.90,Paid,2025-09-05,
INV-72061,REQ-42359,RQ-121,RecordPoint Retrieval,Granite Shield Insurance,2025-08-25,96.75,Paid,2025-08-28,
INV-72062,REQ-42361,RQ-121,RecordPoint Retrieval,Granite Shield Insurance,2025-08-15,39.00,Paid,2025-08-21,
INV-72063,REQ-42362,RQ-105,Brennan Hale PC,Granite Shield Insurance,2025-08-22,74.35,Open,,
INV-72064,REQ-42363,RQ-125,ClearPath Records,Granite Shield Insurance,2025-08-26,77.15,Paid,2025-09-03,
INV-72065,REQ-42364,RQ-111,Ferris Nguyen LLP,Granite Shield Insurance,2025-08-14,75.75,Paid,2025-08-23,
INV-72066,REQ-42365,RQ-122,SwiftFile Records,Granite Shield Insurance,2025-08-21,74.70,Paid,2025-09-03,
INV-72067,REQ-42366,RQ-118,Pruitt Legal Group,Granite Shield Insurance,2025-08-25,146.80,Paid,2025-09-01,
INV-72068,REQ-42367,RQ-118,Pruitt Legal Group,Granite Shield Insurance,2025-09-01,75.40,Paid,2025-09-19,
INV-72069,REQ-42368,RQ-108,Salas Trial Lawyers,Granite Shield Insurance,2025-08-07,55.80,Paid,2025-08-10,
INV-72070,REQ-42369,RQ-108,Salas Trial Lawyers,Granite Shield Insurance,2025-08-08,72.95,Paid,2025-08-19,
INV-72071,REQ-42370,RQ-124,Keystone Record Retrieval,Granite Shield Insurance,2025-08-15,60.35,Paid,2025-08-18,
INV-72072,REQ-42371,RQ-114,Tate & Winslow,Granite Shield Insurance,2025-08-28,70.50,Paid,2025-09-02,
INV-72073,REQ-42372,RQ-101,Morrison & Pratt LLP,Granite Shield Insurance,2025-08-19,81.35,Paid,2025-08-21,
INV-72074,REQ-42373,RQ-101,Morrison & Pratt LLP,Granite Shield Insurance,2025-08-18,92.90,Paid,2025-08-27,
INV-72075,REQ-42374,RQ-128,Lakeside Mutual,Granite Shield Insurance,2025-08-14,32.00,Paid,2025-08-18,
INV-72076,REQ-42375,RQ-101,Morrison & Pratt LLP,Granite Shield Insurance,2025-08-14,54.05,Cancelled,,Duplicate request
INV-72077,REQ-42376,RQ-124,Keystone Record Retrieval,Granite Shield Insurance,2025-08-18,51.95,Cancelled,,No records found
INV-72078,REQ-42379,RQ-128,Lakeside Mutual,Granite Shield Insurance,2025-08-14,85.20,Paid,2025-08-22,
INV-72079,REQ-42380,RQ-125,ClearPath Records,Granite Shield Insurance,2025-08-14,61.75,Paid,2025-08-31,
INV-72080,REQ-42381,RQ-124,Keystone Record Retrieval,Granite Shield Insurance,2025-08-25,65.60,Paid,2025-09-08,
INV-72081,REQ-42382,RQ-101,Morrison & Pratt LLP,Granite Shield Insurance,2025-08-20,258.10,Paid,2025-08-25,
INV-72082,REQ-42384,RQ-121,RecordPoint Retrieval,Granite Shield Insurance,2025-08-12,46.00,Paid,2025-08-20,
INV-72083,REQ-42385,RQ-112,Abernathy Law,Granite Shield Insurance,2025-08-07,60.00,Paid,2025-08-13,
INV-72084,REQ-42386,RQ-125,ClearPath Records,Granite Shield Insurance,2025-08-07,42.85,Paid,2025-08-18,
INV-72085,REQ-42387,RQ-117,Iverson Goldberg,Granite Shield Insurance,2025-08-14,39.00,Paid,2025-08-16,
INV-72086,REQ-42389,RQ-125,ClearPath Records,Granite Shield Insurance,2025-08-15,48.45,Paid,2025-08-28,
INV-72087,REQ-42390,RQ-112,Abernathy Law,Granite Shield Insurance,2025-08-27,68.40,Paid,2025-09-03,
INV-72088,REQ-42391,RQ-121,RecordPoint Retrieval,Granite Shield Insurance,2025-09-02,124.05,Open,,
INV-72089,REQ-42392,RQ-127,Pioneer Standard Insurance,Granite Shield Insurance,2025-09-02,55.10,Open,,
INV-72090,REQ-42393,RQ-117,Iverson Goldberg,Granite Shield Insurance,2025-08-25,75.05,Cancelled,,Duplicate request
INV-72091,REQ-42394,RQ-113,Grayson Poole,Granite Shield Insurance,2025-08-11,85.90,Paid,2025-08-19,
INV-72092,REQ-42395,RQ-123,DocuTrace Services,Granite Shield Insurance,2025-08-21,95.00,Paid,2025-08-28,
INV-72093,REQ-42396,RQ-129,Evergreen Casualty,Granite Shield Insurance,2025-08-14,62.10,Open,,
INV-72094,REQ-42397,RQ-112,Abernathy Law,Keystone Auto Group,2025-08-15,47.75,Paid,2025-08-31,
INV-72095,REQ-42398,RQ-121,RecordPoint Retrieval,Keystone Auto Group,2025-08-25,58.25,Paid,2025-08-30,
INV-72096,REQ-42399,RQ-111,Ferris Nguyen LLP,Keystone Auto Group,2025-08-20,60.35,Paid,2025-08-23,
INV-72097,REQ-42401,RQ-127,Pioneer Standard Insurance,Keystone Auto Group,2025-08-12,39.35,Open,,
INV-72098,REQ-42402,RQ-110,Marchetti & Cole,Keystone Auto Group,2025-08-06,58.95,Paid,2025-08-19,
INV-72099,REQ-42403,RQ-117,Iverson Goldberg,Keystone Auto Group,2025-08-08,76.45,Paid,2025-08-16,
INV-72100,REQ-42404,RQ-109,Hudson Valley Injury Law,Keystone Auto Group,2025-08-29,49.15,Open,,
INV-72101,REQ-42405,RQ-101,Morrison & Pratt LLP,Keystone Auto Group,2025-08-15,51.25,Paid,2025-08-28,
INV-72102,REQ-42406,RQ-121,RecordPoint Retrieval,Keystone Auto Group,2025-08-13,65.95,Paid,2025-08-28,
INV-72103,REQ-42407,RQ-103,Kessler Injury Attorneys,Keystone Auto Group,2025-08-19,93.95,Paid,2025-08-21,
INV-72104,REQ-42408,RQ-112,Abernathy Law,Keystone Auto Group,2025-08-11,40.05,Paid,2025-08-13,
INV-72105,REQ-42409,RQ-124,Keystone Record Retrieval,Keystone Auto Group,2025-08-19,53.35,Paid,2025-08-30,
INV-72106,REQ-42410,RQ-112,Abernathy Law,Keystone Auto Group,2025-08-07,82.75,Paid,2025-08-19,
INV-72107,REQ-42411,RQ-124,Keystone Record Retrieval,Keystone Auto Group,2025-08-22,159.05,Paid,2025-08-26,
INV-72108,REQ-42412,RQ-121,RecordPoint Retrieval,Keystone Auto Group,2025-08-20,43.90,Open,,
INV-72109,REQ-42413,RQ-124,Keystone Record Retrieval,Keystone Auto Group,2025-08-11,40.75,Paid,2025-08-18,
INV-72110,REQ-42414,RQ-127,Pioneer Standard Insurance,Keystone Auto Group,2025-08-26,43.55,Paid,2025-09-05,
INV-72111,REQ-42415,RQ-116,Carver Moss LLP,Keystone Auto Group,2025-08-20,69.45,Paid,2025-08-27,
INV-72112,REQ-42417,RQ-122,SwiftFile Records,Keystone Auto Group,2025-09-01,57.90,Paid,2025-09-09,
INV-72113,REQ-42418,RQ-121,RecordPoint Retrieval,Keystone Auto Group,2025-08-28,119.85,Open,,
INV-72114,REQ-42420,RQ-118,Pruitt Legal Group,Keystone Auto Group,2025-09-01,68.75,Open,,
INV-72115,REQ-42421,RQ-126,Summit Chart Services,Keystone Auto Group,2025-08-07,50.55,Paid,2025-08-22,
INV-72116,REQ-42422,RQ-115,Lindqvist Defense,Keystone Auto Group,2025-08-29,45.65,Paid,2025-09-04,
INV-72117,REQ-42423,RQ-120,Beaumont Stark,Keystone Auto Group,2025-08-21,77.50,Paid,2025-08-25,
INV-72118,REQ-42424,RQ-120,Beaumont Stark,Keystone Auto Group,2025-08-20,45.30,Paid,2025-09-02,
INV-72119,REQ-42425,RQ-110,Marchetti & Cole,Keystone Auto Group,2025-08-29,104.80,Paid,2025-09-04,
INV-72120,REQ-42426,RQ-123,DocuTrace Services,Keystone Auto Group,2025-08-19,36.90,Paid,2025-08-29,
INV-72121,REQ-42428,RQ-123,DocuTrace Services,Keystone Auto Group,2025-08-28,45.65,Paid,2025-08-31,
INV-72122,REQ-42429,RQ-121,RecordPoint Retrieval,Keystone Auto Group,2025-08-25,54.40,Paid,2025-08-27,
INV-72123,REQ-42430,RQ-113,Grayson Poole,Keystone Auto Group,2025-08-12,43.20,Paid,2025-08-22,
INV-72124,REQ-42431,RQ-106,Ostrowski Legal,Keystone Auto Group,2025-09-01,50.20,Paid,2025-09-18,
INV-72125,REQ-42432,RQ-126,Summit Chart Services,Keystone Auto Group,2025-08-21,49.50,Paid,2025-08-31,
INV-72126,REQ-42433,RQ-108,Salas Trial Lawyers,Keystone Auto Group,2025-08-27,73.30,Paid,2025-08-31,
INV-72127,REQ-42434,RQ-126,Summit Chart Services,Keystone Auto Group,2025-08-07,50.55,Paid,2025-08-21,
INV-72128,REQ-42435,RQ-105,Brennan Hale PC,Keystone Auto Group,2025-08-29,65.25,Paid,2025-09-04,
INV-72129,REQ-42436,RQ-102,Delgado Law Group,Keystone Auto Group,2025-08-21,185.30,Paid,2025-08-26,
INV-72130,REQ-42437,RQ-126,Summit Chart Services,Keystone Auto Group,2025-08-19,86.25,Paid,2025-09-06,
INV-72131,REQ-42438,RQ-101,Morrison & Pratt LLP,Keystone Auto Group,2025-08-05,71.55,Paid,2025-08-22,
INV-72132,REQ-42439,RQ-129,Evergreen Casualty,Keystone Auto Group,2025-08-22,65.95,Paid,2025-08-30,
INV-72133,REQ-42440,RQ-127,Pioneer Standard Insurance,Keystone Auto Group,2025-08-22,124.75,Paid,2025-08-29,
INV-72134,REQ-42441,RQ-127,Pioneer Standard Insurance,Keystone Auto Group,2025-08-15,72.95,Paid,2025-08-28,
INV-72135,REQ-42442,RQ-121,RecordPoint Retrieval,Keystone Auto Group,2025-08-18,61.40,Paid,2025-08-24,
INV-72136,REQ-42443,RQ-114,Tate & Winslow,Keystone Auto Group,2025-08-26,81.70,Paid,2025-09-01,
INV-72137,REQ-42445,RQ-103,Kessler Injury Attorneys,Keystone Auto Group,2025-08-20,77.85,Paid,2025-08-23,
INV-72138,REQ-42446,RQ-104,Whitcombe & Rao,Keystone Auto Group,2025-08-20,68.05,Paid,2025-09-03,
INV-72139,REQ-42447,RQ-121,RecordPoint Retrieval,Keystone Auto Group,2025-08-07,56.15,Open,,
INV-72140,REQ-42448,RQ-119,Quinlan & Ames,Keystone Auto Group,2025-08-13,39.35,Paid,2025-08-25,
INV-72141,REQ-42449,RQ-108,Salas Trial Lawyers,Keystone Auto Group,2025-08-27,80.30,Paid,2025-09-13,
INV-72142,REQ-42450,RQ-122,SwiftFile Records,Keystone Auto Group,2025-08-21,40.40,Open,,
INV-72143,REQ-42451,RQ-105,Brennan Hale PC,Keystone Auto Group,2025-08-13,48.10,Paid,2025-08-22,
INV-72144,REQ-42452,RQ-121,RecordPoint Retrieval,Keystone Auto Group,2025-08-26,214.70,Open,,
INV-72145,REQ-42454,RQ-101,Morrison & Pratt LLP,Tri-County Workers' Comp Fund,2025-08-21,45.30,Open,,
INV-72146,REQ-42455,RQ-112,Abernathy Law,Tri-County Workers' Comp Fund,2025-08-18,36.20,Paid,2025-08-24,
INV-72147,REQ-42456,RQ-110,Marchetti & Cole,Tri-County Workers' Comp Fund,2025-08-19,64.20,Cancelled,,Duplicate request
INV-72148,REQ-42457,RQ-122,SwiftFile Records,Tri-County Workers' Comp Fund,2025-08-25,31.65,Cancelled,,Request withdrawn
INV-72149,REQ-42458,RQ-114,Tate & Winslow,Tri-County Workers' Comp Fund,2025-08-18,62.45,Open,,
INV-72150,REQ-42459,RQ-121,RecordPoint Retrieval,Tri-County Workers' Comp Fund,2025-08-12,83.45,Paid,2025-08-24,
INV-72151,REQ-42461,RQ-114,Tate & Winslow,Tri-County Workers' Comp Fund,2025-08-27,66.65,Paid,2025-09-03,
INV-72152,REQ-42462,RQ-101,Morrison & Pratt LLP,Tri-County Workers' Comp Fund,2025-08-18,53.35,Paid,2025-08-30,
INV-72153,REQ-42463,RQ-103,Kessler Injury Attorneys,Tri-County Workers' Comp Fund,2025-09-01,58.60,Paid,2025-09-15,
INV-72154,REQ-42464,RQ-101,Morrison & Pratt LLP,Tri-County Workers' Comp Fund,2025-09-03,67.00,Cancelled,,Duplicate request
INV-72155,REQ-42467,RQ-122,SwiftFile Records,Tri-County Workers' Comp Fund,2025-08-07,47.40,Paid,2025-08-20,
INV-72156,REQ-42469,RQ-101,Morrison & Pratt LLP,Tri-County Workers' Comp Fund,2025-08-18,40.75,Paid,2025-08-24,
INV-72157,REQ-42471,RQ-122,SwiftFile Records,Tri-County Workers' Comp Fund,2025-08-28,75.40,Paid,2025-09-06,
INV-72158,REQ-42472,RQ-106,Ostrowski Legal,Tri-County Workers' Comp Fund,2025-08-28,40.75,Paid,2025-09-02,
INV-72159,REQ-42474,RQ-122,SwiftFile Records,Tri-County Workers' Comp Fund,2025-08-08,187.05,Paid,2025-08-25,
INV-72160,REQ-42476,RQ-117,Iverson Goldberg,Tri-County Workers' Comp Fund,2025-08-20,146.80,Paid,2025-08-25,
INV-72161,REQ-42477,RQ-121,RecordPoint Retrieval,Tri-County Workers' Comp Fund,2025-08-14,72.25,Paid,2025-08-16,
INV-72162,REQ-42478,RQ-101,Morrison & Pratt LLP,Tri-County Workers' Comp Fund,2025-08-22,141.20,Cancelled,,Duplicate request
INV-72163,REQ-42480,RQ-124,Keystone Record Retrieval,Tri-County Workers' Comp Fund,2025-08-20,51.60,Paid,2025-09-05,
INV-72164,REQ-42481,RQ-101,Morrison & Pratt LLP,Tri-County Workers' Comp Fund,2025-08-13,44.95,Paid,2025-08-16,
INV-72165,REQ-42482,RQ-125,ClearPath Records,Tri-County Workers' Comp Fund,2025-08-12,70.15,Paid,2025-08-28,
INV-72166,REQ-42483,RQ-116,Carver Moss LLP,Tri-County Workers' Comp Fund,2025-08-25,127.90,Paid,2025-09-03,
INV-72167,REQ-42484,RQ-107,Park & Levine,Tri-County Workers' Comp Fund,2025-08-12,186.00,Paid,2025-08-15,
INV-72168,REQ-42486,RQ-126,Summit Chart Services,Tri-County Workers' Comp Fund,2025-08-15,59.30,Paid,2025-08-31,
INV-72169,REQ-42488,RQ-114,Tate & Winslow,Tri-County Workers' Comp Fund,2025-08-21,49.85,Paid,2025-08-25,
INV-72170,REQ-42489,RQ-125,ClearPath Records,Tri-County Workers' Comp Fund,2025-09-02,102.00,Paid,2025-09-06,
INV-72171,REQ-42491,RQ-125,ClearPath Records,Tri-County Workers' Comp Fund,2025-08-25,61.40,Paid,2025-09-04,
INV-72172,REQ-42494,RQ-105,Brennan Hale PC,Tri-County Workers' Comp Fund,2025-08-08,56.50,Paid,2025-08-22,
INV-72173,REQ-42495,RQ-122,SwiftFile Records,Beacon Casualty Company,2025-08-21,79.95,Paid,2025-09-05,
INV-72174,REQ-42496,RQ-130,Sterling Auto Insurance,Beacon Casualty Company,2025-08-08,82.05,Paid,2025-08-19,
INV-72175,REQ-42497,RQ-104,Whitcombe & Rao,Beacon Casualty Company,2025-08-21,47.05,Paid,2025-09-05,
INV-72176,REQ-42498,RQ-121,RecordPoint Retrieval,Beacon Casualty Company,2025-08-11,47.05,Open,,
INV-72177,REQ-42499,RQ-112,Abernathy Law,Beacon Casualty Company,2025-08-21,33.40,Paid,2025-08-31,
INV-72178,REQ-42500,RQ-114,Tate & Winslow,Beacon Casualty Company,2025-08-18,70.15,Paid,2025-09-02,
INV-72179,REQ-42502,RQ-117,Iverson Goldberg,Beacon Casualty Company,2025-08-25,54.75,Cancelled,,Request withdrawn
INV-72180,REQ-42503,RQ-116,Carver Moss LLP,Beacon Casualty Company,2025-08-15,101.30,Paid,2025-08-26,
INV-72181,REQ-42504,RQ-123,DocuTrace Services,Beacon Casualty Company,2025-09-04,86.95,Paid,2025-09-11,
INV-72182,REQ-42505,RQ-121,RecordPoint Retrieval,Beacon Casualty Company,2025-09-04,59.30,Paid,2025-09-22,
INV-72183,REQ-42506,RQ-112,Abernathy Law,Beacon Casualty Company,2025-08-13,79.25,Paid,2025-08-20,
INV-72184,REQ-42507,RQ-124,Keystone Record Retrieval,Beacon Casualty Company,2025-09-02,86.25,Paid,2025-09-20,
INV-72185,REQ-42510,RQ-103,Kessler Injury Attorneys,Beacon Casualty Company,2025-08-21,38.30,Paid,2025-08-24,
INV-72186,REQ-42511,RQ-115,Lindqvist Defense,Beacon Casualty Company,2025-08-22,83.80,Paid,2025-09-04,
INV-72187,REQ-42512,RQ-126,Summit Chart Services,Beacon Casualty Company,2025-08-25,135.25,Paid,2025-09-10,
INV-72188,REQ-42513,RQ-118,Pruitt Legal Group,Beacon Casualty Company,2025-08-12,82.75,Cancelled,,No records found
INV-72189,REQ-42514,RQ-103,Kessler Injury Attorneys,Beacon Casualty Company,2025-08-25,72.95,Paid,2025-09-10,
INV-72190,REQ-42515,RQ-113,Grayson Poole,Beacon Casualty Company,2025-08-20,34.80,Paid,2025-09-02,
INV-72191,REQ-42516,RQ-111,Ferris Nguyen LLP,Beacon Casualty Company,2025-08-15,155.20,Paid,2025-08-18,
INV-72192,REQ-42517,RQ-130,Sterling Auto Insurance,Beacon Casualty Company,2025-08-21,308.50,Paid,2025-09-05,
INV-72193,REQ-42518,RQ-103,Kessler Injury Attorneys,Beacon Casualty Company,2025-08-27,75.40,Open,,
INV-72194,REQ-42519,RQ-104,Whitcombe & Rao,Beacon Casualty Company,2025-08-11,62.80,Paid,2025-08-20,
INV-72195,REQ-42520,RQ-121,RecordPoint Retrieval,Beacon Casualty Company,2025-09-01,71.20,Paid,2025-09-16,
INV-72196,REQ-42521,RQ-121,RecordPoint Retrieval,Beacon Casualty Company,2025-08-14,56.85,Open,,
INV-72197,REQ-42522,RQ-126,Summit Chart Services,Beacon Casualty Company,2025-08-18,63.50,Paid,2025-08-30,
INV-72198,REQ-42523,RQ-101,Morrison & Pratt LLP,Beacon Casualty Company,2025-08-27,50.90,Paid,2025-09-11,
INV-72199,REQ-42524,RQ-118,Pruitt Legal Group,Beacon Casualty Company,2025-08-28,76.10,Cancelled,,Duplicate request
INV-72200,REQ-42525,RQ-121,RecordPoint Retrieval,Beacon Casualty Company,2025-08-22,63.15,Open,,
INV-72201,REQ-42527,RQ-118,Pruitt Legal Group,Beacon Casualty Company,2025-08-15,68.40,Paid,2025-08-21,
INV-72202,REQ-42529,RQ-111,Ferris Nguyen LLP,Beacon Casualty Company,2025-08-20,57.20,Open,,
INV-72203,REQ-42530,RQ-106,Ostrowski Legal,Beacon Casualty Company,2025-08-21,57.20,Open,,
INV-72204,REQ-42531,RQ-124,Keystone Record Retrieval,Beacon Casualty Company,2025-08-05,46.35,Paid,2025-08-18,
INV-72205,REQ-42532,RQ-129,Evergreen Casualty,Beacon Casualty Company,2025-08-20,52.65,Paid,2025-09-01,
INV-72206,REQ-42534,RQ-106,Ostrowski Legal,Beacon Casualty Company,2025-08-22,87.65,Paid,2025-08-30,
INV-72207,REQ-42535,RQ-121,RecordPoint Retrieval,Beacon Casualty Company,2025-08-06,42.50,Paid,2025-08-24,
INV-72208,REQ-42536,RQ-114,Tate & Winslow,Beacon Casualty Company,2025-08-06,60.00,Paid,2025-08-10,
INV-72209,REQ-42537,RQ-122,SwiftFile Records,Beacon Casualty Company,2025-08-14,62.45,Paid,2025-08-16,
INV-72210,REQ-42538,RQ-122,SwiftFile Records,Beacon Casualty Company,2025-08-26,65.25,Paid,2025-09-02,
INV-72211,REQ-42539,RQ-124,Keystone Record Retrieval,Beacon Casualty Company,2025-08-26,59.30,Open,,
INV-72212,REQ-42540,RQ-102,Delgado Law Group,Beacon Casualty Company,2025-08-08,36.55,Paid,2025-08-18,
INV-72213,REQ-42541,RQ-116,Carver Moss LLP,Beacon Casualty Company,2025-09-03,84.85,Paid,2025-09-18,
INV-72214,REQ-42542,RQ-105,Brennan Hale PC,Beacon Casualty Company,2025-08-11,44.60,Open,,
INV-72215,REQ-42543,RQ-102,Delgado Law Group,Beacon Casualty Company,2025-09-01,45.30,Paid,2025-09-18,
INV-72216,REQ-42544,RQ-121,RecordPoint Retrieval,Beacon Casualty Company,2025-08-13,102.00,Open,,
INV-72217,REQ-42545,RQ-112,Abernathy Law,Northfork Insurance Co.,2025-08-28,35.15,Paid,2025-09-11,
INV-72218,REQ-42546,RQ-113,Grayson Poole,Northfork Insurance Co.,2025-08-28,55.10,Open,,
INV-72219,REQ-42547,RQ-101,Morrison & Pratt LLP,Northfork Insurance Co.,2025-08-29,56.50,Paid,2025-09-04,
INV-72220,REQ-42549,RQ-101,Morrison & Pratt LLP,Northfork Insurance Co.,2025-08-21,61.75,Paid,2025-09-01,
INV-72221,REQ-42550,RQ-122,SwiftFile Records,Northfork Insurance Co.,2025-08-29,62.45,Paid,2025-09-14,
INV-72222,REQ-42551,RQ-124,Keystone Record Retrieval,Northfork Insurance Co.,2025-09-04,50.90,Open,,
INV-72223,REQ-42552,RQ-127,Pioneer Standard Insurance,Northfork Insurance Co.,2025-08-19,78.20,Paid,2025-09-06,
INV-72224,REQ-42553,RQ-128,Lakeside Mutual,Northfork Insurance Co.,2025-08-18,44.25,Paid,2025-08-24,
INV-72225,REQ-42554,RQ-108,Salas Trial Lawyers,Northfork Insurance Co.,2025-08-14,43.90,Open,,
INV-72226,REQ-42555,RQ-121,RecordPoint Retrieval,Northfork Insurance Co.,2025-08-22,78.55,Paid,2025-08-27,
INV-72227,REQ-42556,RQ-119,Quinlan & Ames,Northfork Insurance Co.,2025-08-27,59.30,Paid,2025-09-01,
INV-72228,REQ-42557,RQ-101,Morrison & Pratt LLP,Northfork Insurance Co.,2025-08-18,67.00,Cancelled,,Duplicate request
INV-72229,REQ-42558,RQ-101,Morrison & Pratt LLP,Northfork Insurance Co.,2025-09-01,55.80,Open,,
INV-72230,REQ-42559,RQ-114,Tate & Winslow,Northfork Insurance Co.,2025-09-02,52.65,Paid,2025-09-13,
INV-72231,REQ-42560,RQ-124,Keystone Record Retrieval,Northfork Insurance Co.,2025-08-18,55.45,Paid,2025-08-25,
INV-72232,REQ-42561,RQ-101,Morrison & Pratt LLP,Northfork Insurance Co.,2025-08-27,121.95,Cancelled,,Duplicate request
INV-72233,REQ-42562,RQ-112,Abernathy Law,Northfork Insurance Co.,2025-09-01,65.95,Paid,2025-09-14,
INV-72234,REQ-42564,RQ-113,Grayson Poole,Northfork Insurance Co.,2025-08-25,75.05,Open,,
INV-72235,REQ-42565,RQ-113,Grayson Poole,Northfork Insurance Co.,2025-08-28,43.55,Cancelled,,No records found
INV-72236,REQ-42566,RQ-106,Ostrowski Legal,Northfork Insurance Co.,2025-08-08,77.85,Paid,2025-08-23,
INV-72237,REQ-42567,RQ-118,Pruitt Legal Group,Northfork Insurance Co.,2025-08-04,58.25,Paid,2025-08-06,
INV-72238,REQ-42568,RQ-103,Kessler Injury Attorneys,Northfork Insurance Co.,2025-08-07,99.90,Paid,2025-08-24,
INV-72239,REQ-42570,RQ-120,Beaumont Stark,Northfork Insurance Co.,2025-08-21,48.10,Paid,2025-08-28,
INV-72240,REQ-42572,RQ-111,Ferris Nguyen LLP,Northfork Insurance Co.,2025-08-06,47.05,Open,,
INV-72241,REQ-42573,RQ-124,Keystone Record Retrieval,Northfork Insurance Co.,2025-08-13,73.65,Paid,2025-08-24,
INV-72242,REQ-42574,RQ-117,Iverson Goldberg,Northfork Insurance Co.,2025-08-15,53.00,Paid,2025-08-23,
INV-72243,REQ-42575,RQ-125,ClearPath Records,Northfork Insurance Co.,2025-08-11,47.40,Paid,2025-08-21,
INV-72244,REQ-42576,RQ-128,Lakeside Mutual,Northfork Insurance Co.,2025-09-02,37.25,Open,,
INV-72245,REQ-42577,RQ-118,Pruitt Legal Group,Northfork Insurance Co.,2025-08-21,88.35,Paid,2025-08-23,
INV-72246,REQ-42578,RQ-101,Morrison & Pratt LLP,Northfork Insurance Co.,2025-08-20,178.30,Cancelled,,Duplicate request
INV-72247,REQ-42579,RQ-101,Morrison & Pratt LLP,Northfork Insurance Co.,2025-08-19,221.35,Paid,2025-08-30,
INV-72248,REQ-42580,RQ-123,DocuTrace Services,Northfork Insurance Co.,2025-08-07,48.80,Paid,2025-08-10,
INV-72249,REQ-42581,RQ-115,Lindqvist Defense,Northfork Insurance Co.,2025-08-28,78.90,Paid,2025-08-30,
INV-72250,REQ-42584,RQ-121,RecordPoint Retrieval,Northfork Insurance Co.,2025-08-06,130.70,Open,,
INV-72251,REQ-42585,RQ-127,Pioneer Standard Insurance,Meridian Auto & Home,2025-09-02,68.75,Open,,
INV-72252,REQ-42586,RQ-101,Morrison & Pratt LLP,Meridian Auto & Home,2025-08-28,97.80,Cancelled,,Duplicate request
INV-72253,REQ-42587,RQ-126,Summit Chart Services,Meridian Auto & Home,2025-08-08,74.35,Open,,
INV-72254,REQ-42588,RQ-125,ClearPath Records,Meridian Auto & Home,2025-08-06,67.00,Open,,
INV-72255,REQ-42590,RQ-118,Pruitt Legal Group,Meridian Auto & Home,2025-08-07,69.80,Paid,2025-08-12,
INV-72256,REQ-42591,RQ-108,Salas Trial Lawyers,Meridian Auto & Home,2025-08-20,47.05,Paid,2025-08-22,
INV-72257,REQ-42592,RQ-107,Park & Levine,Meridian Auto & Home,2025-08-18,67.70,Paid,2025-09-04,
INV-72258,REQ-42593,RQ-101,Morrison & Pratt LLP,Meridian Auto & Home,2025-08-15,135.60,Paid,2025-08-24,
INV-72259,REQ-42594,RQ-124,Keystone Record Retrieval,Meridian Auto & Home,2025-08-29,38.65,Paid,2025-09-07,
INV-72260,REQ-42595,RQ-126,Summit Chart Services,Meridian Auto & Home,2025-08-15,62.10,Open,,
INV-72261,REQ-42596,RQ-111,Ferris Nguyen LLP,Meridian Auto & Home,2025-08-18,33.75,Paid,2025-08-21,
INV-72262,REQ-42597,RQ-110,Marchetti & Cole,Meridian Auto & Home,2025-09-01,53.00,Paid,2025-09-14,
INV-72263,REQ-42598,RQ-114,Tate & Winslow,Meridian Auto & Home,2025-08-15,73.30,Paid,2025-08-17,
INV-72264,REQ-42599,RQ-119,Quinlan & Ames,Meridian Auto & Home,2025-08-22,173.75,Cancelled,,Duplicate request
INV-72265,REQ-42600,RQ-123,DocuTrace Services,Meridian Auto & Home,2025-08-08,73.65,Paid,2025-08-17,
INV-72266,REQ-42601,RQ-121,RecordPoint Retrieval,Meridian Auto & Home,2025-08-18,38.65,Paid,2025-08-25,
INV-72267,REQ-42602,RQ-108,Salas Trial Lawyers,Meridian Auto & Home,2025-08-15,85.55,Paid,2025-08-19,
INV-72268,REQ-42603,RQ-125,ClearPath Records,Meridian Auto & Home,2025-08-29,67.00,Paid,2025-09-07,
INV-72269,REQ-42605,RQ-128,Lakeside Mutual,Meridian Auto & Home,2025-09-02,117.75,Open,,
INV-72270,REQ-42606,RQ-108,Salas Trial Lawyers,Meridian Auto & Home,2025-08-21,83.45,Cancelled,,No records found
INV-72271,REQ-42607,RQ-127,Pioneer Standard Insurance,Meridian Auto & Home,2025-08-22,83.80,Open,,
INV-72272,REQ-42608,RQ-114,Tate & Winslow,Meridian Auto & Home,2025-08-19,86.60,Paid,2025-08-23,
INV-72273,REQ-42609,RQ-121,RecordPoint Retrieval,Meridian Auto & Home,2025-08-29,110.05,Paid,2025-09-09,
INV-72274,REQ-42610,RQ-121,RecordPoint Retrieval,Meridian Auto & Home,2025-08-07,51.25,Paid,2025-08-19,
INV-72275,REQ-42611,RQ-123,DocuTrace Services,Meridian Auto & Home,2025-08-19,50.55,Paid,2025-09-02,
INV-72276,REQ-42612,RQ-113,Grayson Poole,Meridian Auto & Home,2025-08-27,63.50,Paid,2025-09-11,
INV-72277,REQ-42614,RQ-107,Park & Levine,Meridian Auto & Home,2025-09-03,78.20,Paid,2025-09-20,
INV-72278,REQ-42615,RQ-101,Morrison & Pratt LLP,Meridian Auto & Home,2025-08-29,33.75,Paid,2025-09-06,
INV-72279,REQ-42616,RQ-101,Morrison & Pratt LLP,Meridian Auto & Home,2025-08-12,64.20,Paid,2025-08-19,
INV-72280,REQ-42617,RQ-121,RecordPoint Retrieval,Meridian Auto & Home,2025-08-22,71.90,Paid,2025-08-28,
INV-72281,REQ-42618,RQ-107,Park & Levine,Meridian Auto & Home,2025-08-15,83.10,Paid,2025-08-27,
INV-72282,REQ-42619,RQ-121,RecordPoint Retrieval,Meridian Auto & Home,2025-08-14,75.75,Paid,2025-08-24,
INV-72283,REQ-42621,RQ-121,RecordPoint Retrieval,Atlas Comp Services,2025-08-11,116.00,Paid,2025-08-17,
INV-72284,REQ-42622,RQ-104,Whitcombe & Rao,Atlas Comp Services,2025-08-27,107.60,Paid,2025-08-31,
INV-72285,REQ-42623,RQ-107,Park & Levine,Atlas Comp Services,2025-08-14,41.10,Paid,2025-09-01,
INV-72286,REQ-42624,RQ-114,Tate & Winslow,Atlas Comp Services,2025-08-08,63.50,Paid,2025-08-17,
INV-72287,REQ-42626,RQ-121,RecordPoint Retrieval,Atlas Comp Services,2025-09-03,70.85,Paid,2025-09-13,
INV-72288,REQ-42627,RQ-125,ClearPath Records,Atlas Comp Services,2025-08-13,65.25,Paid,2025-08-16,
INV-72289,REQ-42628,RQ-101,Morrison & Pratt LLP,Atlas Comp Services,2025-08-21,63.50,Open,,
INV-72290,REQ-42629,RQ-121,RecordPoint Retrieval,Atlas Comp Services,2025-08-21,79.60,Paid,2025-09-02,
INV-72291,REQ-42630,RQ-122,SwiftFile Records,Atlas Comp Services,2025-08-19,105.15,Paid,2025-09-03,
INV-72292,REQ-42631,RQ-110,Marchetti & Cole,Atlas Comp Services,2025-08-14,98.15,Paid,2025-08-30,
INV-72293,REQ-42632,RQ-113,Grayson Poole,Atlas Comp Services,2025-08-22,69.10,Paid,2025-09-03,
INV-72294,REQ-42634,RQ-101,Morrison & Pratt LLP,Atlas Comp Services,2025-08-12,60.00,Paid,2025-08-25,
INV-72295,REQ-42635,RQ-106,Ostrowski Legal,Atlas Comp Services,2025-08-19,55.10,Paid,2025-08-28,
INV-72296,REQ-42636,RQ-127,Pioneer Standard Insurance,Atlas Comp Services,2025-08-19,50.55,Paid,2025-08-21,
INV-72297,REQ-42637,RQ-122,SwiftFile Records,Atlas Comp Services,2025-08-13,190.55,Paid,2025-08-23,
INV-72298,REQ-42638,RQ-121,RecordPoint Retrieval,Atlas Comp Services,2025-08-11,126.50,Open,,
INV-72299,REQ-42641,RQ-108,Salas Trial Lawyers,Atlas Comp Services,2025-08-18,41.45,Paid,2025-08-27,
INV-72300,REQ-42642,RQ-102,Delgado Law Group,Atlas Comp Services,2025-08-28,194.40,Paid,2025-09-13,
INV-72301,REQ-42643,RQ-129,Evergreen Casualty,Atlas Comp Services,2025-08-13,149.25,Paid,2025-08-26,
INV-72302,REQ-42644,RQ-124,Keystone Record Retrieval,Atlas Comp Services,2025-08-11,57.55,Paid,2025-08-22,
INV-72303,REQ-42645,RQ-129,Evergreen Casualty,Atlas Comp Services,2025-09-01,72.60,Paid,2025-09-14,
INV-72304,REQ-42646,RQ-105,Brennan Hale PC,Harborline Mutual Insurance,2025-09-16,71.55,Cancelled,,No records found
INV-72305,REQ-42647,RQ-121,RecordPoint Retrieval,Harborline Mutual Insurance,2025-09-19,69.10,Open,,
INV-72306,REQ-42648,RQ-101,Morrison & Pratt LLP,Harborline Mutual Insurance,2025-09-23,38.30,Paid,2025-09-30,
INV-72307,REQ-42649,RQ-108,Salas Trial Lawyers,Harborline Mutual Insurance,2025-09-22,63.15,Paid,2025-10-07,
INV-72308,REQ-42650,RQ-118,Pruitt Legal Group,Harborline Mutual Insurance,2025-10-03,47.05,Paid,2025-10-19,
INV-72309,REQ-42651,RQ-121,RecordPoint Retrieval,Harborline Mutual Insurance,2025-09-04,58.95,Paid,2025-09-07,
INV-72310,REQ-42653,RQ-121,RecordPoint Retrieval,Harborline Mutual Insurance,2025-09-30,51.60,Paid,2025-10-09,
INV-72311,REQ-42654,RQ-123,DocuTrace Services,Harborline Mutual Insurance,2025-09-08,76.45,Paid,2025-09-11,
INV-72312,REQ-42655,RQ-110,Marchetti & Cole,Harborline Mutual Insurance,2025-09-08,68.05,Paid,2025-09-14,
INV-72313,REQ-42656,RQ-128,Lakeside Mutual,Harborline Mutual Insurance,2025-09-25,63.85,Paid,2025-09-28,
INV-72314,REQ-42657,RQ-121,RecordPoint Retrieval,Harborline Mutual Insurance,2025-09-22,45.30,Open,,
INV-72315,REQ-42658,RQ-112,Abernathy Law,Harborline Mutual Insurance,2025-09-22,87.65,Paid,2025-10-03,
INV-72316,REQ-42659,RQ-127,Pioneer Standard Insurance,Harborline Mutual Insurance,2025-09-19,42.15,Paid,2025-10-04,
INV-72317,REQ-42660,RQ-111,Ferris Nguyen LLP,Harborline Mutual Insurance,2025-09-24,46.35,Paid,2025-09-28,
INV-72318,REQ-42661,RQ-120,Beaumont Stark,Harborline Mutual Insurance,2025-10-03,69.45,Open,,
INV-72319,REQ-42662,RQ-111,Ferris Nguyen LLP,Harborline Mutual Insurance,2025-09-08,106.55,Paid,2025-09-20,
INV-72320,REQ-42663,RQ-123,DocuTrace Services,Harborline Mutual Insurance,2025-09-22,56.85,Paid,2025-09-27,
INV-72321,REQ-42665,RQ-104,Whitcombe & Rao,Harborline Mutual Insurance,2025-09-19,51.95,Paid,2025-09-22,
INV-72322,REQ-42666,RQ-127,Pioneer Standard Insurance,Harborline Mutual Insurance,2025-09-23,75.75,Paid,2025-10-10,
INV-72323,REQ-42667,RQ-126,Summit Chart Services,Harborline Mutual Insurance,2025-10-01,53.70,Open,,
INV-72324,REQ-42668,RQ-102,Delgado Law Group,Harborline Mutual Insurance,2025-09-18,64.20,Paid,2025-10-05,
INV-72325,REQ-42671,RQ-102,Delgado Law Group,Harborline Mutual Insurance,2025-09-22,37.95,Paid,2025-09-29,
INV-72326,REQ-42672,RQ-123,DocuTrace Services,Harborline Mutual Insurance,2025-09-25,72.60,Paid,2025-10-12,
INV-72327,REQ-42674,RQ-107,Park & Levine,Harborline Mutual Insurance,2025-09-11,73.30,Open,,
INV-72328,REQ-42675,RQ-101,Morrison & Pratt LLP,Harborline Mutual Insurance,2025-09-04,79.25,Cancelled,,Duplicate request
INV-72329,REQ-42676,RQ-121,RecordPoint Retrieval,Harborline Mutual Insurance,2025-09-26,196.15,Open,,
INV-72330,REQ-42677,RQ-121,RecordPoint Retrieval,Harborline Mutual Insurance,2025-09-30,82.75,Open,,
INV-72331,REQ-42678,RQ-125,ClearPath Records,Harborline Mutual Insurance,2025-09-22,103.75,Open,,
INV-72332,REQ-42679,RQ-124,Keystone Record Retrieval,Harborline Mutual Insurance,2025-09-18,64.90,Paid,2025-09-30,
INV-72333,REQ-42681,RQ-111,Ferris Nguyen LLP,Harborline Mutual Insurance,2025-09-19,154.15,Paid,2025-10-06,
INV-72334,REQ-42683,RQ-123,DocuTrace Services,Harborline Mutual Insurance,2025-09-12,65.25,Paid,2025-09-21,
INV-72335,REQ-42684,RQ-122,SwiftFile Records,Harborline Mutual Insurance,2025-10-06,66.30,Paid,2025-10-19,
INV-72336,REQ-42685,RQ-121,RecordPoint Retrieval,Harborline Mutual Insurance,2025-09-12,146.10,Open,,
INV-72337,REQ-42686,RQ-121,RecordPoint Retrieval,Harborline Mutual Insurance,2025-09-09,80.65,Open,,
INV-72338,REQ-42687,RQ-111,Ferris Nguyen LLP,Harborline Mutual Insurance,2025-10-02,74.00,Paid,2025-10-17,
INV-72339,REQ-42688,RQ-106,Ostrowski Legal,Harborline Mutual Insurance,2025-09-18,88.00,Paid,2025-09-26,
INV-72340,REQ-42689,RQ-121,RecordPoint Retrieval,Harborline Mutual Insurance,2025-09-11,54.40,Paid,2025-09-14,
INV-72341,REQ-42691,RQ-121,RecordPoint Retrieval,Harborline Mutual Insurance,2025-09-12,81.70,Paid,2025-09-21,
INV-72342,REQ-42692,RQ-125,ClearPath Records,Harborline Mutual Insurance,2025-09-15,61.75,Paid,2025-09-27,
INV-72343,REQ-42693,RQ-123,DocuTrace Services,Harborline Mutual Insurance,2025-09-19,83.45,Paid,2025-09-28,
INV-72344,REQ-42694,RQ-108,Salas Trial Lawyers,Harborline Mutual Insurance,2025-09-11,58.60,Paid,2025-09-14,
INV-72345,REQ-42695,RQ-120,Beaumont Stark,Harborline Mutual Insurance,2025-09-18,50.55,Paid,2025-10-05,
INV-72346,REQ-42697,RQ-123,DocuTrace Services,Harborline Mutual Insurance,2025-09-15,46.35,Paid,2025-09-19,
INV-72347,REQ-42698,RQ-109,Hudson Valley Injury Law,Harborline Mutual Insurance,2025-09-08,44.60,Paid,2025-09-19,
INV-72348,REQ-42699,RQ-124,Keystone Record Retrieval,Harborline Mutual Insurance,2025-09-08,41.10,Paid,2025-09-16,
INV-72349,REQ-42700,RQ-129,Evergreen Casualty,Harborline Mutual Insurance,2025-09-30,46.70,Paid,2025-10-11,
INV-72350,REQ-42701,RQ-121,RecordPoint Retrieval,Harborline Mutual Insurance,2025-09-08,100.60,Open,,
INV-72351,REQ-42702,RQ-121,RecordPoint Retrieval,Harborline Mutual Insurance,2025-09-30,100.60,Open,,
INV-72352,REQ-42704,RQ-101,Morrison & Pratt LLP,Harborline Mutual Insurance,2025-10-03,209.45,Paid,2025-10-19,
INV-72353,REQ-42705,RQ-128,Lakeside Mutual,Harborline Mutual Insurance,2025-09-25,124.05,Paid,2025-09-29,
INV-72354,REQ-42707,RQ-108,Salas Trial Lawyers,Granite Shield Insurance,2025-09-17,110.05,Paid,2025-09-24,
INV-72355,REQ-42708,RQ-117,Iverson Goldberg,Granite Shield Insurance,2025-09-09,144.70,Paid,2025-09-21,
INV-72356,REQ-42709,RQ-101,Morrison & Pratt LLP,Granite Shield Insurance,2025-09-24,97.10,Open,,
INV-72357,REQ-42710,RQ-101,Morrison & Pratt LLP,Granite Shield Insurance,2025-09-10,48.10,Paid,2025-09-23,
INV-72358,REQ-42711,RQ-121,RecordPoint Retrieval,Granite Shield Insurance,2025-09-23,64.55,Paid,2025-10-03,
INV-72359,REQ-42712,RQ-101,Morrison & Pratt LLP,Granite Shield Insurance,2025-10-03,77.50,Cancelled,,Duplicate request
INV-72360,REQ-42714,RQ-104,Whitcombe & Rao,Granite Shield Insurance,2025-09-10,41.10,Paid,2025-09-14,
INV-72361,REQ-42715,RQ-104,Whitcombe & Rao,Granite Shield Insurance,2025-10-03,68.05,Paid,2025-10-14,
INV-72362,REQ-42716,RQ-121,RecordPoint Retrieval,Granite Shield Insurance,2025-09-25,56.85,Paid,2025-09-28,
INV-72363,REQ-42717,RQ-101,Morrison & Pratt LLP,Granite Shield Insurance,2025-09-17,46.00,Open,,
INV-72364,REQ-42718,RQ-116,Carver Moss LLP,Granite Shield Insurance,2025-09-23,61.75,Paid,2025-10-11,
INV-72365,REQ-42719,RQ-106,Ostrowski Legal,Granite Shield Insurance,2025-09-10,136.30,Paid,2025-09-25,
INV-72366,REQ-42720,RQ-111,Ferris Nguyen LLP,Granite Shield Insurance,2025-10-02,119.85,Paid,2025-10-08,
INV-72367,REQ-42721,RQ-114,Tate & Winslow,Granite Shield Insurance,2025-10-06,48.80,Paid,2025-10-19,
INV-72368,REQ-42722,RQ-116,Carver Moss LLP,Granite Shield Insurance,2025-09-24,55.80,Paid,2025-10-06,
INV-72369,REQ-42723,RQ-104,Whitcombe & Rao,Granite Shield Insurance,2025-09-11,68.75,Paid,2025-09-17,
INV-72370,REQ-42724,RQ-127,Pioneer Standard Insurance,Granite Shield Insurance,2025-10-03,41.80,Paid,2025-10-17,
INV-72371,REQ-42725,RQ-109,Hudson Valley Injury Law,Granite Shield Insurance,2025-09-24,78.55,Paid,2025-10-09,
INV-72372,REQ-42726,RQ-123,DocuTrace Services,Granite Shield Insurance,2025-09-08,62.80,Paid,2025-09-18,
INV-72373,REQ-42727,RQ-126,Summit Chart Services,Granite Shield Insurance,2025-09-26,71.90,Cancelled,,Duplicate request
INV-72374,REQ-42728,RQ-112,Abernathy Law,Granite Shield Insurance,2025-09-22,64.90,Paid,2025-09-27,
INV-72375,REQ-42729,RQ-101,Morrison & Pratt LLP,Granite Shield Insurance,2025-09-10,66.65,Paid,2025-09-20,
INV-72376,REQ-42731,RQ-110,Marchetti & Cole,Granite Shield Insurance,2025-09-24,85.55,Paid,2025-10-08,
INV-72377,REQ-42732,RQ-124,Keystone Record Retrieval,Granite Shield Insurance,2025-09-16,86.60,Paid,2025-09-24,
INV-72378,REQ-42733,RQ-130,Sterling Auto Insurance,Granite Shield Insurance,2025-09-24,41.45,Paid,2025-10-03,
INV-72379,REQ-42734,RQ-101,Morrison & Pratt LLP,Granite Shield Insurance,2025-10-03,79.25,Paid,2025-10-13,
INV-72380,REQ-42735,RQ-121,RecordPoint Retrieval,Granite Shield Insurance,2025-09-18,102.35,Open,,
INV-72381,REQ-42736,RQ-102,Delgado Law Group,Granite Shield Insurance,2025-09-29,58.95,Paid,2025-10-05,
INV-72382,REQ-42737,RQ-119,Quinlan & Ames,Granite Shield Insurance,2025-10-03,38.30,Paid,2025-10-06,
INV-72383,REQ-42739,RQ-106,Ostrowski Legal,Granite Shield Insurance,2025-09-26,57.55,Paid,2025-10-01,
INV-72384,REQ-42740,RQ-101,Morrison & Pratt LLP,Granite Shield Insurance,2025-09-24,48.80,Paid,2025-09-28,
INV-72385,REQ-42741,RQ-107,Park & Levine,Granite Shield Insurance,2025-09-11,93.25,Paid,2025-09-17,
INV-72386,REQ-42743,RQ-122,SwiftFile Records,Granite Shield Insurance,2025-09-09,154.85,Paid,2025-09-11,
INV-72387,REQ-42744,RQ-103,Kessler Injury Attorneys,Granite Shield Insurance,2025-09-11,65.60,Open,,
INV-72388,REQ-42745,RQ-121,RecordPoint Retrieval,Granite Shield Insurance,2025-09-24,59.30,Open,,
INV-72389,REQ-42746,RQ-121,RecordPoint Retrieval,Granite Shield Insurance,2025-09-12,56.85,Open,,
INV-72390,REQ-42748,RQ-116,Carver Moss LLP,Granite Shield Insurance,2025-09-17,59.30,Paid,2025-09-19,
INV-72391,REQ-42749,RQ-111,Ferris Nguyen LLP,Granite Shield Insurance,2025-09-09,92.55,Paid,2025-09-24,
INV-72392,REQ-42751,RQ-111,Ferris Nguyen LLP,Granite Shield Insurance,2025-09-30,76.45,Paid,2025-10-09,
INV-72393,REQ-42752,RQ-125,ClearPath Records,Granite Shield Insurance,2025-10-02,51.95,Open,,
INV-72394,REQ-42753,RQ-122,SwiftFile Records,Granite Shield Insurance,2025-09-24,61.75,Paid,2025-10-06,
INV-72395,REQ-42754,RQ-117,Iverson Goldberg,Granite Shield Insurance,2025-09-19,36.55,Paid,2025-09-27,
INV-72396,REQ-42755,RQ-113,Grayson Poole,Granite Shield Insurance,2025-10-03,93.95,Paid,2025-10-07,
INV-72397,REQ-42756,RQ-125,ClearPath Records,Granite Shield Insurance,2025-09-11,102.35,Paid,2025-09-25,
INV-72398,REQ-42757,RQ-121,RecordPoint Retrieval,Granite Shield Insurance,2025-09-24,100.25,Paid,2025-09-26,
INV-72399,REQ-42758,RQ-109,Hudson Valley Injury Law,Granite Shield Insurance,2025-09-24,40.75,Paid,2025-10-09,
INV-72400,REQ-42759,RQ-116,Carver Moss LLP,Granite Shield Insurance,2025-09-26,42.15,Paid,2025-10-05,
INV-72401,REQ-42760,RQ-129,Evergreen Casualty,Granite Shield Insurance,2025-09-25,71.90,Paid,2025-10-05,
INV-72402,REQ-42761,RQ-130,Sterling Auto Insurance,Granite Shield Insurance,2025-09-17,49.15,Open,,
INV-72403,REQ-42762,RQ-117,Iverson Goldberg,Granite Shield Insurance,2025-09-12,66.30,Paid,2025-09-16,
INV-72404,REQ-42763,RQ-122,SwiftFile Records,Granite Shield Insurance,2025-09-22,58.25,Paid,2025-10-05,
INV-72405,REQ-42764,RQ-121,RecordPoint Retrieval,Granite Shield Insurance,2025-09-23,67.70,Paid,2025-09-30,
INV-72406,REQ-42765,RQ-123,DocuTrace Services,Granite Shield Insurance,2025-09-17,72.25,Paid,2025-09-23,
INV-72407,REQ-42766,RQ-107,Park & Levine,Granite Shield Insurance,2025-09-22,46.35,Paid,2025-09-26,
INV-72408,REQ-42767,RQ-129,Evergreen Casualty,Keystone Auto Group,2025-09-09,53.70,Paid,2025-09-11,
INV-72409,REQ-42768,RQ-107,Park & Levine,Keystone Auto Group,2025-09-29,40.75,Paid,2025-10-02,
INV-72410,REQ-42769,RQ-129,Evergreen Casualty,Keystone Auto Group,2025-09-16,212.60,Paid,2025-09-28,
INV-72411,REQ-42770,RQ-115,Lindqvist Defense,Keystone Auto Group,2025-09-15,44.60,Paid,2025-09-26,
INV-72412,REQ-42771,RQ-126,Summit Chart Services,Keystone Auto Group,2025-09-19,72.60,Paid,2025-09-29,
INV-72413,REQ-42772,RQ-118,Pruitt Legal Group,Keystone Auto Group,2025-09-23,85.20,Paid,2025-09-30,
INV-72414,REQ-42773,RQ-105,Brennan Hale PC,Keystone Auto Group,2025-09-12,74.70,Paid,2025-09-17,
INV-72415,REQ-42774,RQ-121,RecordPoint Retrieval,Keystone Auto Group,2025-09-29,120.90,Paid,2025-10-08,
INV-72416,REQ-42775,RQ-106,Ostrowski Legal,Keystone Auto Group,2025-09-05,95.00,Paid,2025-09-21,
INV-72417,REQ-42777,RQ-116,Carver Moss LLP,Keystone Auto Group,2025-09-10,79.95,Paid,2025-09-15,
INV-72418,REQ-42778,RQ-123,DocuTrace Services,Keystone Auto Group,2025-09-29,78.90,Paid,2025-10-08,
INV-72419,REQ-42779,RQ-126,Summit Chart Services,Keystone Auto Group,2025-09-26,64.55,Paid,2025-09-29,
INV-72420,REQ-42780,RQ-121,RecordPoint Retrieval,Keystone Auto Group,2025-09-29,56.15,Open,,
INV-72421,REQ-42781,RQ-114,Tate & Winslow,Keystone Auto Group,2025-09-15,179.00,Paid,2025-09-25,
INV-72422,REQ-42782,RQ-114,Tate & Winslow,Keystone Auto Group,2025-09-29,118.10,Paid,2025-10-08,
INV-72423,REQ-42783,RQ-109,Hudson Valley Injury Law,Keystone Auto Group,2025-09-25,58.60,Open,,
INV-72424,REQ-42784,RQ-116,Carver Moss LLP,Keystone Auto Group,2025-09-29,36.90,Paid,2025-10-02,
INV-72425,REQ-42785,RQ-110,Marchetti & Cole,Keystone Auto Group,2025-09-26,58.25,Paid,2025-10-04,
INV-72426,REQ-42786,RQ-125,ClearPath Records,Keystone Auto Group,2025-09-15,90.80,Paid,2025-10-03,
INV-72427,REQ-42788,RQ-121,RecordPoint Retrieval,Keystone Auto Group,2025-09-23,58.60,Paid,2025-10-10,
INV-72428,REQ-42789,RQ-121,RecordPoint Retrieval,Keystone Auto Group,2025-09-26,85.20,Open,,
INV-72429,REQ-42790,RQ-113,Grayson Poole,Keystone Auto Group,2025-09-25,73.30,Paid,2025-10-08,
INV-72430,REQ-42792,RQ-129,Evergreen Casualty,Keystone Auto Group,2025-09-10,56.85,Paid,2025-09-25,
INV-72431,REQ-42793,RQ-123,DocuTrace Services,Keystone Auto Group,2025-09-16,65.60,Paid,2025-10-04,
INV-72432,REQ-42795,RQ-124,Keystone Record Retrieval,Keystone Auto Group,2025-09-15,48.10,Open,,
INV-72433,REQ-42796,RQ-101,Morrison & Pratt LLP,Keystone Auto Group,2025-09-08,43.20,Cancelled,,Duplicate request
INV-72434,REQ-42797,RQ-126,Summit Chart Services,Keystone Auto Group,2025-09-18,64.55,Open,,
INV-72435,REQ-42798,RQ-126,Summit Chart Services,Keystone Auto Group,2025-10-06,46.00,Paid,2025-10-18,
INV-72436,REQ-42799,RQ-120,Beaumont Stark,Keystone Auto Group,2025-09-22,123.35,Paid,2025-10-02,
INV-72437,REQ-42800,RQ-125,ClearPath Records,Keystone Auto Group,2025-10-01,148.90,Paid,2025-10-06,
INV-72438,REQ-42801,RQ-117,Iverson Goldberg,Keystone Auto Group,2025-09-16,107.95,Open,,
INV-72439,REQ-42802,RQ-121,RecordPoint Retrieval,Keystone Auto Group,2025-09-15,108.30,Paid,2025-09-29,
INV-72440,REQ-42803,RQ-117,Iverson Goldberg,Keystone Auto Group,2025-09-23,101.65,Open,,
INV-72441,REQ-42805,RQ-127,Pioneer Standard Insurance,Keystone Auto Group,2025-09-25,81.35,Open,,
INV-72442,REQ-42806,RQ-126,Summit Chart Services,Keystone Auto Group,2025-09-19,30.95,Paid,2025-09-27,
INV-72443,REQ-42808,RQ-110,Marchetti & Cole,Keystone Auto Group,2025-09-16,43.55,Paid,2025-10-03,
INV-72444,REQ-42809,RQ-122,SwiftFile Records,Keystone Auto Group,2025-10-02,42.85,Paid,2025-10-14,
INV-72445,REQ-42810,RQ-129,Evergreen Casualty,Keystone Auto Group,2025-10-01,103.75,Paid,2025-10-03,
INV-72446,REQ-42811,RQ-110,Marchetti & Cole,Keystone Auto Group,2025-09-08,37.25,Open,,
INV-72447,REQ-42812,RQ-121,RecordPoint Retrieval,Tri-County Workers' Comp Fund,2025-10-01,112.15,Open,,
INV-72448,REQ-42813,RQ-121,RecordPoint Retrieval,Tri-County Workers' Comp Fund,2025-09-16,80.65,Open,,
INV-72449,REQ-42815,RQ-126,Summit Chart Services,Tri-County Workers' Comp Fund,2025-09-29,57.90,Paid,2025-10-17,
INV-72450,REQ-42816,RQ-101,Morrison & Pratt LLP,Tri-County Workers' Comp Fund,2025-10-01,76.45,Paid,2025-10-16,
INV-72451,REQ-42818,RQ-105,Brennan Hale PC,Tri-County Workers' Comp Fund,2025-09-26,47.40,Paid,2025-10-12,
INV-72452,REQ-42820,RQ-123,DocuTrace Services,Tri-County Workers' Comp Fund,2025-09-25,43.90,Paid,2025-10-05,
INV-72453,REQ-42821,RQ-103,Kessler Injury Attorneys,Tri-County Workers' Comp Fund,2025-09-16,151.70,Paid,2025-09-24,
INV-72454,REQ-42823,RQ-101,Morrison & Pratt LLP,Tri-County Workers' Comp Fund,2025-09-15,95.35,Paid,2025-09-30,
INV-72455,REQ-42824,RQ-130,Sterling Auto Insurance,Tri-County Workers' Comp Fund,2025-10-09,143.65,Open,,
INV-72456,REQ-42825,RQ-111,Ferris Nguyen LLP,Tri-County Workers' Comp Fund,2025-09-18,97.80,Paid,2025-10-03,
INV-72457,REQ-42826,RQ-123,DocuTrace Services,Tri-County Workers' Comp Fund,2025-09-08,81.70,Paid,2025-09-26,
INV-72458,REQ-42827,RQ-101,Morrison & Pratt LLP,Tri-County Workers' Comp Fund,2025-09-30,128.25,Paid,2025-10-17,
INV-72459,REQ-42828,RQ-101,Morrison & Pratt LLP,Tri-County Workers' Comp Fund,2025-09-23,96.05,Paid,2025-10-10,
INV-72460,REQ-42829,RQ-103,Kessler Injury Attorneys,Tri-County Workers' Comp Fund,2025-09-09,119.15,Paid,2025-09-24,
INV-72461,REQ-42830,RQ-123,DocuTrace Services,Tri-County Workers' Comp Fund,2025-09-19,114.25,Paid,2025-09-26,
INV-72462,REQ-42831,RQ-121,RecordPoint Retrieval,Tri-County Workers' Comp Fund,2025-09-22,153.10,Cancelled,,No records found
INV-72463,REQ-42832,RQ-126,Summit Chart Services,Tri-County Workers' Comp Fund,2025-10-08,46.35,Paid,2025-10-20,
INV-72464,REQ-42833,RQ-101,Morrison & Pratt LLP,Tri-County Workers' Comp Fund,2025-09-15,100.95,Paid,2025-09-28,
INV-72465,REQ-42835,RQ-101,Morrison & Pratt LLP,Tri-County Workers' Comp Fund,2025-09-09,43.20,Paid,2025-09-22,
INV-72466,REQ-42836,RQ-121,RecordPoint Retrieval,Tri-County Workers' Comp Fund,2025-09-15,77.15,Paid,2025-10-03,
INV-72467,REQ-42838,RQ-107,Park & Levine,Tri-County Workers' Comp Fund,2025-09-16,86.60,Paid,2025-09-21,
INV-72468,REQ-42839,RQ-127,Pioneer Standard Insurance,Tri-County Workers' Comp Fund,2025-09-25,52.65,Paid,2025-10-11,
INV-72469,REQ-42840,RQ-126,Summit Chart Services,Tri-County Workers' Comp Fund,2025-09-11,117.75,Open,,
INV-72470,REQ-42841,RQ-121,RecordPoint Retrieval,Tri-County Workers' Comp Fund,2025-09-18,131.05,Open,,
INV-72471,REQ-42842,RQ-110,Marchetti & Cole,Tri-County Workers' Comp Fund,2025-09-23,53.35,Cancelled,,Duplicate request
INV-72472,REQ-42843,RQ-126,Summit Chart Services,Tri-County Workers' Comp Fund,2025-09-16,73.30,Paid,2025-09-30,
INV-72473,REQ-42844,RQ-101,Morrison & Pratt LLP,Tri-County Workers' Comp Fund,2025-09-24,52.65,Paid,2025-09-30,
INV-72474,REQ-42845,RQ-113,Grayson Poole,Beacon Casualty Company,2025-09-25,61.75,Paid,2025-09-27,
INV-72475,REQ-42846,RQ-117,Iverson Goldberg,Beacon Casualty Company,2025-09-19,148.55,Paid,2025-10-02,
INV-72476,REQ-42847,RQ-104,Whitcombe & Rao,Beacon Casualty Company,2025-10-02,98.85,Paid,2025-10-08,
INV-72477,REQ-42848,RQ-109,Hudson Valley Injury Law,Beacon Casualty Company,2025-09-26,62.10,Paid,2025-10-10,
INV-72478,REQ-42849,RQ-113,Grayson Poole,Beacon Casualty Company,2025-09-16,135.25,Paid,2025-09-30,
INV-72479,REQ-42850,RQ-126,Summit Chart Services,Beacon Casualty Company,2025-09-09,57.55,Open,,
INV-72480,REQ-42851,RQ-102,Delgado Law Group,Beacon Casualty Company,2025-09-15,126.85,Open,,
INV-72481,REQ-42852,RQ-125,ClearPath Records,Beacon Casualty Company,2025-09-17,78.20,Paid,2025-09-19,
INV-72482,REQ-42853,RQ-121,RecordPoint Retrieval,Beacon Casualty Company,2025-09-11,55.80,Paid,2025-09-20,
INV-72483,REQ-42854,RQ-112,Abernathy Law,Beacon Casualty Company,2025-09-22,45.30,Paid,2025-09-30,
INV-72484,REQ-42855,RQ-107,Park & Levine,Beacon Casualty Company,2025-10-03,77.85,Paid,2025-10-15,
INV-72485,REQ-42856,RQ-110,Marchetti & Cole,Beacon Casualty Company,2025-10-01,53.35,Paid,2025-10-14,
INV-72486,REQ-42857,RQ-122,SwiftFile Records,Beacon Casualty Company,2025-09-22,37.60,Paid,2025-09-24,
INV-72487,REQ-42858,RQ-129,Evergreen Casualty,Beacon Casualty Company,2025-09-25,59.30,Open,,
INV-72488,REQ-42859,RQ-108,Salas Trial Lawyers,Beacon Casualty Company,2025-09-30,99.90,Paid,2025-10-11,
INV-72489,REQ-42860,RQ-111,Ferris Nguyen LLP,Beacon Casualty Company,2025-09-24,60.70,Paid,2025-10-03,
INV-72490,REQ-42862,RQ-124,Keystone Record Retrieval,Beacon Casualty Company,2025-10-02,48.80,Open,,
INV-72491,REQ-42863,RQ-126,Summit Chart Services,Beacon Casualty Company,2025-09-24,83.80,Paid,2025-10-05,
INV-72492,REQ-42864,RQ-121,RecordPoint Retrieval,Beacon Casualty Company,2025-09-25,43.90,Open,,
INV-72493,REQ-42865,RQ-121,RecordPoint Retrieval,Beacon Casualty Company,2025-09-15,55.10,Paid,2025-09-20,
INV-72494,REQ-42866,RQ-109,Hudson Valley Injury Law,Beacon Casualty Company,2025-09-18,55.10,Paid,2025-09-24,
INV-72495,REQ-42867,RQ-114,Tate & Winslow,Beacon Casualty Company,2025-09-03,72.95,Cancelled,,Request withdrawn
INV-72496,REQ-42868,RQ-111,Ferris Nguyen LLP,Beacon Casualty Company,2025-09-29,119.15,Paid,2025-10-11,
INV-72497,REQ-42870,RQ-113,Grayson Poole,Beacon Casualty Company,2025-09-22,51.60,Paid,2025-10-07,
INV-72498,REQ-42871,RQ-115,Lindqvist Defense,Beacon Casualty Company,2025-09-25,99.90,Paid,2025-10-09,
INV-72499,REQ-42872,RQ-120,Beaumont Stark,Beacon Casualty Company,2025-09-22,39.70,Open,,
INV-72500,REQ-42873,RQ-107,Park & Levine,Beacon Casualty Company,2025-09-30,256.00,Paid,2025-10-02,
INV-72501,REQ-42874,RQ-119,Quinlan & Ames,Beacon Casualty Company,2025-09-12,59.65,Paid,2025-09-30,
INV-72502,REQ-42875,RQ-107,Park & Levine,Beacon Casualty Company,2025-09-16,62.10,Paid,2025-09-29,
INV-72503,REQ-42876,RQ-128,Lakeside Mutual,Beacon Casualty Company,2025-09-12,36.20,Paid,2025-09-24,
INV-72504,REQ-42877,RQ-119,Quinlan & Ames,Beacon Casualty Company,2025-09-29,62.80,Cancelled,,No records found
INV-72505,REQ-42879,RQ-107,Park & Levine,Beacon Casualty Company,2025-09-25,55.10,Open,,
INV-72506,REQ-42880,RQ-107,Park & Levine,Beacon Casualty Company,2025-09-22,112.15,Paid,2025-09-30,
INV-72507,REQ-42881,RQ-103,Kessler Injury Attorneys,Beacon Casualty Company,2025-09-16,111.10,Paid,2025-09-24,
INV-72508,REQ-42882,RQ-116,Carver Moss LLP,Beacon Casualty Company,2025-09-29,113.20,Paid,2025-10-16,
INV-72509,REQ-42883,RQ-122,SwiftFile Records,Northfork Insurance Co.,2025-09-03,150.30,Paid,2025-09-18,
INV-72510,REQ-42884,RQ-120,Beaumont Stark,Northfork Insurance Co.,2025-09-26,50.55,Paid,2025-10-10,
INV-72511,REQ-42886,RQ-104,Whitcombe & Rao,Northfork Insurance Co.,2025-09-09,145.75,Paid,2025-09-25,
INV-72512,REQ-42887,RQ-103,Kessler Injury Attorneys,Northfork Insurance Co.,2025-10-03,62.45,Paid,2025-10-14,
INV-72513,REQ-42888,RQ-106,Ostrowski Legal,Northfork Insurance Co.,2025-09-08,58.95,Paid,2025-09-24,
INV-72514,REQ-42889,RQ-118,Pruitt Legal Group,Northfork Insurance Co.,2025-09-10,62.10,Paid,2025-09-15,
INV-72515,REQ-42890,RQ-106,Ostrowski Legal,Northfork Insurance Co.,2025-09-25,121.60,Paid,2025-10-08,
INV-72516,REQ-42891,RQ-124,Keystone Record Retrieval,Northfork Insurance Co.,2025-09-10,40.05,Paid,2025-09-18,
INV-72517,REQ-42892,RQ-121,RecordPoint Retrieval,Northfork Insurance Co.,2025-09-19,56.85,Cancelled,,No records found
INV-72518,REQ-42893,RQ-109,Hudson Valley Injury Law,Northfork Insurance Co.,2025-10-02,49.15,Paid,2025-10-04,
INV-72519,REQ-42894,RQ-105,Brennan Hale PC,Northfork Insurance Co.,2025-09-15,38.65,Paid,2025-09-24,
INV-72520,REQ-42895,RQ-115,Lindqvist Defense,Northfork Insurance Co.,2025-10-06,70.50,Paid,2025-10-14,
INV-72521,REQ-42896,RQ-108,Salas Trial Lawyers,Northfork Insurance Co.,2025-09-12,50.20,Paid,2025-09-25,
INV-72522,REQ-42897,RQ-120,Beaumont Stark,Northfork Insurance Co.,2025-09-18,44.95,Paid,2025-10-02,
INV-72523,REQ-42898,RQ-109,Hudson Valley Injury Law,Northfork Insurance Co.,2025-09-22,113.90,Open,,
INV-72524,REQ-42899,RQ-101,Morrison & Pratt LLP,Northfork Insurance Co.,2025-09-22,168.85,Paid,2025-10-03,
INV-72525,REQ-42900,RQ-121,RecordPoint Retrieval,Northfork Insurance Co.,2025-09-30,63.50,Open,,
INV-72526,REQ-42901,RQ-119,Quinlan & Ames,Northfork Insurance Co.,2025-10-02,96.40,Paid,2025-10-20,
INV-72527,REQ-42902,RQ-122,SwiftFile Records,Northfork Insurance Co.,2025-10-03,73.65,Paid,2025-10-11,
INV-72528,REQ-42903,RQ-117,Iverson Goldberg,Northfork Insurance Co.,2025-10-01,138.05,Paid,2025-10-15,
INV-72529,REQ-42904,RQ-121,RecordPoint Retrieval,Northfork Insurance Co.,2025-09-08,70.85,Paid,2025-09-24,
INV-72530,REQ-42906,RQ-101,Morrison & Pratt LLP,Northfork Insurance Co.,2025-09-18,57.90,Paid,2025-09-30,
INV-72531,REQ-42907,RQ-112,Abernathy Law,Northfork Insurance Co.,2025-09-30,120.55,Paid,2025-10-03,
INV-72532,REQ-42908,RQ-112,Abernathy Law,Northfork Insurance Co.,2025-09-11,176.55,Paid,2025-09-24,
INV-72533,REQ-42909,RQ-109,Hudson Valley Injury Law,Northfork Insurance Co.,2025-10-01,87.65,Paid,2025-10-04,
INV-72534,REQ-42910,RQ-110,Marchetti & Cole,Northfork Insurance Co.,2025-09-17,234.30,Paid,2025-09-24,
INV-72535,REQ-42911,RQ-114,Tate & Winslow,Northfork Insurance Co.,2025-09-18,68.75,Open,,
INV-72536,REQ-42912,RQ-114,Tate & Winslow,Meridian Auto & Home,2025-09-24,110.05,Paid,2025-10-03,
INV-72537,REQ-42913,RQ-101,Morrison & Pratt LLP,Meridian Auto & Home,2025-09-04,56.15,Paid,2025-09-15,
INV-72538,REQ-42914,RQ-123,DocuTrace Services,Meridian Auto & Home,2025-09-18,85.20,Paid,2025-10-05,
INV-72539,REQ-42915,RQ-125,ClearPath Records,Meridian Auto & Home,2025-09-08,59.30,Open,,
INV-72540,REQ-42916,RQ-107,Park & Levine,Meridian Auto & Home,2025-09-10,106.20,Paid,2025-09-24,
INV-72541,REQ-42917,RQ-111,Ferris Nguyen LLP,Meridian Auto & Home,2025-09-24,44.95,Open,,
INV-72542,REQ-42918,RQ-112,Abernathy Law,Meridian Auto & Home,2025-09-12,92.20,Paid,2025-09-18,
INV-72543,REQ-42920,RQ-120,Beaumont Stark,Meridian Auto & Home,2025-09-23,134.90,Paid,2025-10-10,
INV-72544,REQ-42921,RQ-121,RecordPoint Retrieval,Meridian Auto & Home,2025-09-15,92.90,Open,,
INV-72545,REQ-42922,RQ-121,RecordPoint Retrieval,Meridian Auto & Home,2025-09-08,57.55,Paid,2025-09-25,
INV-72546,REQ-42923,RQ-101,Morrison & Pratt LLP,Meridian Auto & Home,2025-09-25,84.15,Paid,2025-10-05,
INV-72547,REQ-42925,RQ-105,Brennan Hale PC,Meridian Auto & Home,2025-09-10,128.95,Paid,2025-09-16,
INV-72548,REQ-42926,RQ-122,SwiftFile Records,Meridian Auto & Home,2025-09-10,124.40,Paid,2025-09-13,
INV-72549,REQ-42927,RQ-122,SwiftFile Records,Meridian Auto & Home,2025-09-11,58.95,Paid,2025-09-29,
INV-72550,REQ-42928,RQ-120,Beaumont Stark,Meridian Auto & Home,2025-09-24,43.55,Paid,2025-10-02,
INV-72551,REQ-42929,RQ-125,ClearPath Records,Meridian Auto & Home,2025-09-25,59.65,Paid,2025-10-07,
INV-72552,REQ-42930,RQ-120,Beaumont Stark,Meridian Auto & Home,2025-09-16,48.10,Open,,
INV-72553,REQ-42931,RQ-122,SwiftFile Records,Meridian Auto & Home,2025-09-29,41.45,Paid,2025-10-07,
INV-72554,REQ-42932,RQ-125,ClearPath Records,Meridian Auto & Home,2025-09-12,92.55,Paid,2025-09-20,
INV-72555,REQ-42933,RQ-111,Ferris Nguyen LLP,Meridian Auto & Home,2025-10-01,109.00,Paid,2025-10-16,
INV-72556,REQ-42934,RQ-107,Park & Levine,Meridian Auto & Home,2025-09-25,153.10,Paid,2025-10-09,
INV-72557,REQ-42935,RQ-116,Carver Moss LLP,Meridian Auto & Home,2025-09-24,69.45,Paid,2025-09-27,
INV-72558,REQ-42936,RQ-109,Hudson Valley Injury Law,Atlas Comp Services,2025-09-18,69.80,Paid,2025-09-21,
INV-72559,REQ-42937,RQ-124,Keystone Record Retrieval,Atlas Comp Services,2025-09-24,113.90,Open,,
INV-72560,REQ-42938,RQ-124,Keystone Record Retrieval,Atlas Comp Services,2025-09-09,54.05,Paid,2025-09-20,
INV-72561,REQ-42939,RQ-104,Whitcombe & Rao,Atlas Comp Services,2025-09-25,73.30,Paid,2025-09-29,
INV-72562,REQ-42941,RQ-128,Lakeside Mutual,Atlas Comp Services,2025-09-30,36.20,Paid,2025-10-04,
INV-72563,REQ-42942,RQ-109,Hudson Valley Injury Law,Atlas Comp Services,2025-09-16,75.05,Paid,2025-09-23,
INV-72564,REQ-42943,RQ-115,Lindqvist Defense,Atlas Comp Services,2025-10-02,70.85,Paid,2025-10-04,
INV-72565,REQ-42946,RQ-127,Pioneer Standard Insurance,Atlas Comp Services,2025-09-15,47.05,Open,,
INV-72566,REQ-42947,RQ-127,Pioneer Standard Insurance,Atlas Comp Services,2025-09-26,69.10,Paid,2025-10-11,
INV-72567,REQ-42949,RQ-121,RecordPoint Retrieval,Atlas Comp Services,2025-09-25,87.30,Open,,
INV-72568,REQ-42950,RQ-101,Morrison & Pratt LLP,Atlas Comp Services,2025-09-22,42.85,Open,,
INV-72569,REQ-42951,RQ-121,RecordPoint Retrieval,Atlas Comp Services,2025-09-08,81.70,Open,,
INV-72570,REQ-42952,RQ-109,Hudson Valley Injury Law,Atlas Comp Services,2025-09-16,85.55,Paid,2025-09-30,
INV-72571,REQ-42953,RQ-119,Quinlan & Ames,Atlas Comp Services,2025-09-17,50.20,Paid,2025-09-26,
INV-72572,REQ-42955,RQ-122,SwiftFile Records,Atlas Comp Services,2025-09-16,88.00,Cancelled,,Request withdrawn
INV-72573,REQ-42956,RQ-126,Summit Chart Services,Atlas Comp Services,2025-10-06,105.15,Paid,2025-10-21,
INV-72574,REQ-42958,RQ-121,RecordPoint Retrieval,Harborline Mutual Insurance,2025-10-21,52.65,Paid,2025-10-31,
INV-72575,REQ-42959,RQ-101,Morrison & Pratt LLP,Harborline Mutual Insurance,2025-10-10,79.25,Cancelled,,Duplicate request
INV-72576,REQ-42960,RQ-125,ClearPath Records,Harborline Mutual Insurance,2025-10-28,179.70,Open,,
INV-72577,REQ-42961,RQ-122,SwiftFile Records,Harborline Mutual Insurance,2025-10-28,57.90,Paid,2025-11-11,
INV-72578,REQ-42962,RQ-124,Keystone Record Retrieval,Harborline Mutual Insurance,2025-10-10,106.20,Cancelled,,Duplicate request
INV-72579,REQ-42964,RQ-121,RecordPoint Retrieval,Harborline Mutual Insurance,2025-10-13,65.25,Cancelled,,Request withdrawn
INV-72580,REQ-42965,RQ-111,Ferris Nguyen LLP,Harborline Mutual Insurance,2025-10-27,65.25,Paid,2025-11-11,
INV-72581,REQ-42966,RQ-122,SwiftFile Records,Harborline Mutual Insurance,2025-10-24,84.50,Paid,2025-11-03,
INV-72582,REQ-42967,RQ-127,Pioneer Standard Insurance,Harborline Mutual Insurance,2025-10-21,61.75,Paid,2025-10-23,
INV-72583,REQ-42968,RQ-116,Carver Moss LLP,Harborline Mutual Insurance,2025-10-09,60.00,Paid,2025-10-11,
INV-72584,REQ-42970,RQ-123,DocuTrace Services,Harborline Mutual Insurance,2025-10-22,47.40,Paid,2025-11-01,
INV-72585,REQ-42971,RQ-122,SwiftFile Records,Harborline Mutual Insurance,2025-10-10,40.40,Open,,
INV-72586,REQ-42972,RQ-124,Keystone Record Retrieval,Harborline Mutual Insurance,2025-10-20,55.45,Paid,2025-10-22,
INV-72587,REQ-42973,RQ-107,Park & Levine,Harborline Mutual Insurance,2025-10-24,36.55,Paid,2025-11-06,
INV-72588,REQ-42974,RQ-122,SwiftFile Records,Harborline Mutual Insurance,2025-10-16,68.75,Paid,2025-11-02,
INV-72589,REQ-42975,RQ-101,Morrison & Pratt LLP,Harborline Mutual Insurance,2025-10-14,151.35,Paid,2025-10-25,
INV-72590,REQ-42977,RQ-118,Pruitt Legal Group,Harborline Mutual Insurance,2025-10-24,67.70,Paid,2025-10-30,
INV-72591,REQ-42978,RQ-101,Morrison & Pratt LLP,Harborline Mutual Insurance,2025-10-28,78.90,Paid,2025-11-09,
INV-72592,REQ-42979,RQ-124,Keystone Record Retrieval,Harborline Mutual Insurance,2025-10-15,109.70,Paid,2025-11-02,
INV-72593,REQ-42980,RQ-119,Quinlan & Ames,Harborline Mutual Insurance,2025-11-04,46.00,Paid,2025-11-17,
INV-72594,REQ-42981,RQ-125,ClearPath Records,Harborline Mutual Insurance,2025-10-29,57.55,Open,,
INV-72595,REQ-42982,RQ-112,Abernathy Law,Harborline Mutual Insurance,2025-10-10,56.85,Paid,2025-10-22,
INV-72596,REQ-42983,RQ-123,DocuTrace Services,Harborline Mutual Insurance,2025-10-16,78.20,Paid,2025-10-23,
INV-72597,REQ-42984,RQ-130,Sterling Auto Insurance,Harborline Mutual Insurance,2025-10-09,100.95,Paid,2025-10-20,
INV-72598,REQ-42985,RQ-125,ClearPath Records,Harborline Mutual Insurance,2025-10-13,96.75,Paid,2025-10-30,
INV-72599,REQ-42987,RQ-106,Ostrowski Legal,Harborline Mutual Insurance,2025-11-03,91.15,Paid,2025-11-05,
INV-72600,REQ-42988,RQ-103,Kessler Injury Attorneys,Harborline Mutual Insurance,2025-10-29,96.40,Paid,2025-11-03,
INV-72601,REQ-42989,RQ-129,Evergreen Casualty,Harborline Mutual Insurance,2025-10-15,69.10,Paid,2025-10-20,
INV-72602,REQ-42990,RQ-102,Delgado Law Group,Harborline Mutual Insurance,2025-10-14,70.50,Paid,2025-10-31,
INV-72603,REQ-42991,RQ-113,Grayson Poole,Harborline Mutual Insurance,2025-10-28,61.75,Open,,
INV-72604,REQ-42992,RQ-116,Carver Moss LLP,Harborline Mutual Insurance,2025-10-17,76.10,Paid,2025-10-31,
INV-72605,REQ-42993,RQ-125,ClearPath Records,Harborline Mutual Insurance,2025-10-30,57.55,Paid,2025-11-01,
INV-72606,REQ-42994,RQ-119,Quinlan & Ames,Harborline Mutual Insurance,2025-10-20,43.90,Paid,2025-10-25,
INV-72607,REQ-42995,RQ-113,Grayson Poole,Harborline Mutual Insurance,2025-10-15,178.30,Cancelled,,Request withdrawn
INV-72608,REQ-42996,RQ-101,Morrison & Pratt LLP,Harborline Mutual Insurance,2025-10-08,72.25,Paid,2025-10-22,
INV-72609,REQ-42999,RQ-118,Pruitt Legal Group,Harborline Mutual Insurance,2025-10-14,54.40,Paid,2025-11-01,
INV-72610,REQ-43000,RQ-121,RecordPoint Retrieval,Harborline Mutual Insurance,2025-10-27,36.90,Paid,2025-11-13,
INV-72611,REQ-43001,RQ-125,ClearPath Records,Harborline Mutual Insurance,2025-10-16,129.65,Paid,2025-10-31,
INV-72612,REQ-43002,RQ-119,Quinlan & Ames,Harborline Mutual Insurance,2025-10-07,47.75,Cancelled,,Request withdrawn
INV-72613,REQ-43003,RQ-122,SwiftFile Records,Harborline Mutual Insurance,2025-10-27,68.40,Paid,2025-11-08,
INV-72614,REQ-43004,RQ-122,SwiftFile Records,Harborline Mutual Insurance,2025-10-14,47.40,Open,,
INV-72615,REQ-43005,RQ-130,Sterling Auto Insurance,Harborline Mutual Insurance,2025-10-22,83.80,Paid,2025-11-09,
INV-72616,REQ-43006,RQ-124,Keystone Record Retrieval,Harborline Mutual Insurance,2025-10-24,85.90,Paid,2025-11-11,
INV-72617,REQ-43007,RQ-122,SwiftFile Records,Harborline Mutual Insurance,2025-10-13,58.60,Paid,2025-10-22,
INV-72618,REQ-43008,RQ-112,Abernathy Law,Harborline Mutual Insurance,2025-10-13,33.75,Paid,2025-10-16,
INV-72619,REQ-43009,RQ-121,RecordPoint Retrieval,Harborline Mutual Insurance,2025-10-13,45.65,Cancelled,,No records found
INV-72620,REQ-43010,RQ-106,Ostrowski Legal,Harborline Mutual Insurance,2025-10-28,68.40,Paid,2025-11-03,
INV-72621,REQ-43011,RQ-108,Salas Trial Lawyers,Harborline Mutual Insurance,2025-10-16,86.95,Paid,2025-10-26,
INV-72622,REQ-43012,RQ-116,Carver Moss LLP,Harborline Mutual Insurance,2025-10-10,62.45,Paid,2025-10-27,
INV-72623,REQ-43013,RQ-104,Whitcombe & Rao,Harborline Mutual Insurance,2025-10-08,62.10,Open,,
INV-72624,REQ-43014,RQ-121,RecordPoint Retrieval,Harborline Mutual Insurance,2025-10-27,45.30,Paid,2025-10-31,
INV-72625,REQ-43015,RQ-101,Morrison & Pratt LLP,Harborline Mutual Insurance,2025-10-22,74.00,Paid,2025-11-04,
INV-72626,REQ-43016,RQ-112,Abernathy Law,Harborline Mutual Insurance,2025-10-27,64.55,Paid,2025-11-14,
INV-72627,REQ-43018,RQ-108,Salas Trial Lawyers,Harborline Mutual Insurance,2025-10-31,100.25,Paid,2025-11-06,
INV-72628,REQ-43019,RQ-114,Tate & Winslow,Harborline Mutual Insurance,2025-10-24,48.45,Paid,2025-11-03,
INV-72629,REQ-43020,RQ-129,Evergreen Casualty,Harborline Mutual Insurance,2025-10-29,77.85,Paid,2025-11-15,
INV-72630,REQ-43021,RQ-118,Pruitt Legal Group,Harborline Mutual Insurance,2025-10-20,102.70,Paid,2025-10-27,
INV-72631,REQ-43024,RQ-119,Quinlan & Ames,Harborline Mutual Insurance,2025-10-27,112.15,Paid,2025-11-12,
INV-72632,REQ-43025,RQ-121,RecordPoint Retrieval,Harborline Mutual Insurance,2025-10-16,53.00,Paid,2025-10-26,
INV-72633,REQ-43026,RQ-108,Salas Trial Lawyers,Harborline Mutual Insurance,2025-10-17,56.50,Paid,2025-10-30,
INV-72634,REQ-43027,RQ-112,Abernathy Law,Harborline Mutual Insurance,2025-10-13,118.80,Paid,2025-10-19,
INV-72635,REQ-43028,RQ-121,RecordPoint Retrieval,Harborline Mutual Insurance,2025-10-27,53.70,Open,,
INV-72636,REQ-43029,RQ-121,RecordPoint Retrieval,Granite Shield Insurance,2025-10-28,53.35,Paid,2025-11-01,
INV-72637,REQ-43030,RQ-121,RecordPoint Retrieval,Granite Shield Insurance,2025-10-23,83.80,Paid,2025-11-04,
INV-72638,REQ-43031,RQ-123,DocuTrace Services,Granite Shield Insurance,2025-10-14,138.40,Paid,2025-10-20,
INV-72639,REQ-43033,RQ-105,Brennan Hale PC,Granite Shield Insurance,2025-10-16,139.45,Paid,2025-10-30,
INV-72640,REQ-43035,RQ-128,Lakeside Mutual,Granite Shield Insurance,2025-10-17,210.15,Paid,2025-10-23,
INV-72641,REQ-43036,RQ-121,RecordPoint Retrieval,Granite Shield Insurance,2025-10-29,51.95,Paid,2025-11-09,
INV-72642,REQ-43037,RQ-124,Keystone Record Retrieval,Granite Shield Insurance,2025-10-27,142.60,Open,,
INV-72643,REQ-43038,RQ-126,Summit Chart Services,Granite Shield Insurance,2025-10-27,51.25,Paid,2025-11-08,
INV-72644,REQ-43039,RQ-110,Marchetti & Cole,Granite Shield Insurance,2025-10-17,55.80,Open,,
INV-72645,REQ-43040,RQ-121,RecordPoint Retrieval,Granite Shield Insurance,2025-10-27,67.00,Paid,2025-11-12,
INV-72646,REQ-43041,RQ-122,SwiftFile Records,Granite Shield Insurance,2025-10-23,144.00,Paid,2025-11-02,
INV-72647,REQ-43042,RQ-124,Keystone Record Retrieval,Granite Shield Insurance,2025-11-05,78.20,Paid,2025-11-10,
INV-72648,REQ-43043,RQ-128,Lakeside Mutual,Granite Shield Insurance,2025-10-01,89.05,Cancelled,,No records found
INV-72649,REQ-43044,RQ-130,Sterling Auto Insurance,Granite Shield Insurance,2025-10-29,48.80,Paid,2025-11-04,
INV-72650,REQ-43045,RQ-107,Park & Levine,Granite Shield Insurance,2025-10-10,61.75,Paid,2025-10-24,
INV-72651,REQ-43046,RQ-109,Hudson Valley Injury Law,Granite Shield Insurance,2025-10-31,53.35,Paid,2025-11-08,
INV-72652,REQ-43048,RQ-126,Summit Chart Services,Granite Shield Insurance,2025-10-30,77.15,Paid,2025-11-03,
INV-72653,REQ-43050,RQ-114,Tate & Winslow,Granite Shield Insurance,2025-10-23,70.85,Paid,2025-11-02,
INV-72654,REQ-43052,RQ-125,ClearPath Records,Granite Shield Insurance,2025-11-03,152.40,Paid,2025-11-13,
INV-72655,REQ-43053,RQ-117,Iverson Goldberg,Granite Shield Insurance,2025-10-24,86.60,Paid,2025-10-29,
INV-72656,REQ-43055,RQ-101,Morrison & Pratt LLP,Granite Shield Insurance,2025-10-22,81.35,Cancelled,,Duplicate request
INV-72657,REQ-43056,RQ-103,Kessler Injury Attorneys,Granite Shield Insurance,2025-10-13,134.55,Paid,2025-10-18,
INV-72658,REQ-43057,RQ-130,Sterling Auto Insurance,Granite Shield Insurance,2025-10-27,71.90,Paid,2025-11-13,
INV-72659,REQ-43058,RQ-124,Keystone Record Retrieval,Granite Shield Insurance,2025-10-13,54.75,Paid,2025-10-25,
INV-72660,REQ-43059,RQ-111,Ferris Nguyen LLP,Granite Shield Insurance,2025-10-08,72.25,Paid,2025-10-21,
INV-72661,REQ-43060,RQ-101,Morrison & Pratt LLP,Granite Shield Insurance,2025-10-31,60.00,Paid,2025-11-10,
INV-72662,REQ-43061,RQ-121,RecordPoint Retrieval,Granite Shield Insurance,2025-10-20,42.85,Paid,2025-11-07,
INV-72663,REQ-43062,RQ-101,Morrison & Pratt LLP,Granite Shield Insurance,2025-10-28,80.65,Open,,
INV-72664,REQ-43063,RQ-130,Sterling Auto Insurance,Granite Shield Insurance,2025-10-28,90.10,Paid,2025-10-30,
INV-72665,REQ-43064,RQ-128,Lakeside Mutual,Granite Shield Insurance,2025-10-24,98.15,Open,,
INV-72666,REQ-43065,RQ-102,Delgado Law Group,Granite Shield Insurance,2025-10-23,125.10,Paid,2025-11-03,
INV-72667,REQ-43066,RQ-130,Sterling Auto Insurance,Granite Shield Insurance,2025-10-20,164.65,Paid,2025-11-04,
INV-72668,REQ-43067,RQ-106,Ostrowski Legal,Granite Shield Insurance,2025-10-21,70.50,Paid,2025-10-25,
INV-72669,REQ-43068,RQ-121,RecordPoint Retrieval,Granite Shield Insurance,2025-10-09,61.05,Paid,2025-10-18,
INV-72670,REQ-43070,RQ-124,Keystone Record Retrieval,Granite Shield Insurance,2025-10-08,69.45,Paid,2025-10-15,
INV-72671,REQ-43071,RQ-102,Delgado Law Group,Granite Shield Insurance,2025-10-10,55.80,Paid,2025-10-14,
INV-72672,REQ-43072,RQ-126,Summit Chart Services,Granite Shield Insurance,2025-10-24,71.55,Paid,2025-10-27,
INV-72673,REQ-43073,RQ-129,Evergreen Casualty,Granite Shield Insurance,2025-10-07,79.60,Paid,2025-10-25,
INV-72674,REQ-43074,RQ-103,Kessler Injury Attorneys,Granite Shield Insurance,2025-10-22,40.40,Paid,2025-10-27,
INV-72675,REQ-43075,RQ-108,Salas Trial Lawyers,Granite Shield Insurance,2025-10-15,94.65,Open,,
INV-72676,REQ-43076,RQ-101,Morrison & Pratt LLP,Granite Shield Insurance,2025-10-15,42.50,Paid,2025-10-23,
INV-72677,REQ-43077,RQ-115,Lindqvist Defense,Granite Shield Insurance,2025-10-15,91.15,Paid,2025-10-21,
INV-72678,REQ-43078,RQ-105,Brennan Hale PC,Granite Shield Insurance,2025-10-21,70.15,Paid,2025-11-05,
INV-72679,REQ-43079,RQ-112,Abernathy Law,Granite Shield Insurance,2025-10-24,42.50,Cancelled,,No records found
INV-72680,REQ-43080,RQ-121,RecordPoint Retrieval,Granite Shield Insurance,2025-10-22,37.60,Paid,2025-11-03,
INV-72681,REQ-43081,RQ-113,Grayson Poole,Granite Shield Insurance,2025-10-15,77.15,Paid,2025-10-19,
INV-72682,REQ-43082,RQ-116,Carver Moss LLP,Granite Shield Insurance,2025-10-13,84.15,Paid,2025-10-23,
INV-72683,REQ-43083,RQ-130,Sterling Auto Insurance,Granite Shield Insurance,2025-10-09,64.20,Paid,2025-10-18,
INV-72684,REQ-43084,RQ-118,Pruitt Legal Group,Granite Shield Insurance,2025-10-15,62.45,Paid,2025-10-23,
INV-72685,REQ-43085,RQ-114,Tate & Winslow,Granite Shield Insurance,2025-10-08,89.40,Open,,
INV-72686,REQ-43086,RQ-113,Grayson Poole,Granite Shield Insurance,2025-10-29,58.25,Paid,2025-11-04,
INV-72687,REQ-43088,RQ-125,ClearPath Records,Keystone Auto Group,2025-10-09,79.25,Paid,2025-10-21,
INV-72688,REQ-43089,RQ-110,Marchetti & Cole,Keystone Auto Group,2025-10-13,49.50,Paid,2025-10-19,
INV-72689,REQ-43090,RQ-101,Morrison & Pratt LLP,Keystone Auto Group,2025-10-07,60.35,Open,,
INV-72690,REQ-43091,RQ-123,DocuTrace Services,Keystone Auto Group,2025-10-30,50.20,Paid,2025-11-01,
INV-72691,REQ-43092,RQ-101,Morrison & Pratt LLP,Keystone Auto Group,2025-10-20,58.95,Cancelled,,Duplicate request
INV-72692,REQ-43093,RQ-103,Kessler Injury Attorneys,Keystone Auto Group,2025-10-20,72.60,Cancelled,,Request withdrawn
INV-72693,REQ-43094,RQ-119,Quinlan & Ames,Keystone Auto Group,2025-10-28,85.20,Paid,2025-11-07,
INV-72694,REQ-43095,RQ-123,DocuTrace Services,Keystone Auto Group,2025-10-10,49.85,Paid,2025-10-15,
INV-72695,REQ-43096,RQ-106,Ostrowski Legal,Keystone Auto Group,2025-10-17,36.55,Paid,2025-10-22,
INV-72696,REQ-43097,RQ-124,Keystone Record Retrieval,Keystone Auto Group,2025-10-23,46.00,Paid,2025-10-26,
INV-72697,REQ-43098,RQ-127,Pioneer Standard Insurance,Keystone Auto Group,2025-11-03,43.55,Paid,2025-11-20,
INV-72698,REQ-43099,RQ-106,Ostrowski Legal,Keystone Auto Group,2025-10-16,93.60,Paid,2025-11-01,
INV-72699,REQ-43101,RQ-121,RecordPoint Retrieval,Keystone Auto Group,2025-10-28,316.55,Open,,
INV-72700,REQ-43102,RQ-127,Pioneer Standard Insurance,Keystone Auto Group,2025-10-22,80.30,Paid,2025-10-26,
INV-72701,REQ-43103,RQ-121,RecordPoint Retrieval,Keystone Auto Group,2025-10-28,63.50,Open,,
INV-72702,REQ-43104,RQ-114,Tate & Winslow,Keystone Auto Group,2025-10-09,62.10,Paid,2025-10-24,
INV-72703,REQ-43105,RQ-122,SwiftFile Records,Keystone Auto Group,2025-10-31,62.10,Paid,2025-11-13,
INV-72704,REQ-43107,RQ-111,Ferris Nguyen LLP,Keystone Auto Group,2025-10-27,41.10,Open,,
INV-72705,REQ-43108,RQ-107,Park & Levine,Keystone Auto Group,2025-10-24,108.30,Paid,2025-11-01,
INV-72706,REQ-43109,RQ-103,Kessler Injury Attorneys,Keystone Auto Group,2025-10-13,69.10,Cancelled,,No records found
INV-72707,REQ-43110,RQ-102,Delgado Law Group,Keystone Auto Group,2025-10-27,73.65,Paid,2025-11-02,
INV-72708,REQ-43112,RQ-111,Ferris Nguyen LLP,Keystone Auto Group,2025-10-22,86.95,Paid,2025-11-01,
INV-72709,REQ-43113,RQ-121,RecordPoint Retrieval,Keystone Auto Group,2025-10-06,49.15,Cancelled,,No records found
INV-72710,REQ-43114,RQ-114,Tate & Winslow,Keystone Auto Group,2025-10-13,94.65,Paid,2025-10-22,
INV-72711,REQ-43115,RQ-124,Keystone Record Retrieval,Keystone Auto Group,2025-10-08,91.15,Paid,2025-10-25,
INV-72712,REQ-43116,RQ-103,Kessler Injury Attorneys,Keystone Auto Group,2025-10-09,71.55,Paid,2025-10-18,
INV-72713,REQ-43117,RQ-125,ClearPath Records,Keystone Auto Group,2025-10-29,66.30,Open,,
INV-72714,REQ-43118,RQ-106,Ostrowski Legal,Keystone Auto Group,2025-10-16,42.50,Open,,
INV-72715,REQ-43119,RQ-130,Sterling Auto Insurance,Keystone Auto Group,2025-10-15,53.00,Paid,2025-10-26,
INV-72716,REQ-43120,RQ-121,RecordPoint Retrieval,Keystone Auto Group,2025-10-17,89.05,Open,,
INV-72717,REQ-43121,RQ-117,Iverson Goldberg,Keystone Auto Group,2025-10-06,81.00,Paid,2025-10-22,
INV-72718,REQ-43122,RQ-129,Evergreen Casualty,Keystone Auto Group,2025-10-30,160.45,Paid,2025-11-01,
INV-72719,REQ-43123,RQ-127,Pioneer Standard Insurance,Keystone Auto Group,2025-10-08,50.55,Paid,2025-10-25,
INV-72720,REQ-43124,RQ-113,Grayson Poole,Keystone Auto Group,2025-10-31,162.55,Paid,2025-11-14,
INV-72721,REQ-43125,RQ-101,Morrison & Pratt LLP,Keystone Auto Group,2025-10-28,62.10,Paid,2025-11-14,
INV-72722,REQ-43126,RQ-124,Keystone Record Retrieval,Keystone Auto Group,2025-10-30,72.95,Paid,2025-11-06,
INV-72723,REQ-43128,RQ-123,DocuTrace Services,Keystone Auto Group,2025-10-16,72.95,Paid,2025-10-19,
INV-72724,REQ-43129,RQ-108,Salas Trial Lawyers,Keystone Auto Group,2025-10-10,84.85,Paid,2025-10-18,
INV-72725,REQ-43130,RQ-127,Pioneer Standard Insurance,Keystone Auto Group,2025-10-08,66.30,Cancelled,,No records found
INV-72726,REQ-43131,RQ-102,Delgado Law Group,Tri-County Workers' Comp Fund,2025-10-24,70.85,Paid,2025-10-30,
INV-72727,REQ-43132,RQ-120,Beaumont Stark,Tri-County Workers' Comp Fund,2025-10-20,128.25,Paid,2025-10-22,
INV-72728,REQ-43134,RQ-126,Summit Chart Services,Tri-County Workers' Comp Fund,2025-10-20,45.30,Open,,
INV-72729,REQ-43136,RQ-101,Morrison & Pratt LLP,Tri-County Workers' Comp Fund,2025-11-05,50.20,Paid,2025-11-08,
INV-72730,REQ-43137,RQ-111,Ferris Nguyen LLP,Tri-County Workers' Comp Fund,2025-10-28,59.65,Paid,2025-10-30,
INV-72731,REQ-43138,RQ-125,ClearPath Records,Tri-County Workers' Comp Fund,2025-10-29,74.70,Paid,2025-11-06,
INV-72732,REQ-43139,RQ-124,Keystone Record Retrieval,Tri-County Workers' Comp Fund,2025-10-13,61.05,Paid,2025-10-24,
INV-72733,REQ-43140,RQ-110,Marchetti & Cole,Tri-County Workers' Comp Fund,2025-10-20,47.05,Paid,2025-11-06,
INV-72734,REQ-43142,RQ-124,Keystone Record Retrieval,Tri-County Workers' Comp Fund,2025-10-30,95.70,Paid,2025-11-02,
INV-72735,REQ-43143,RQ-128,Lakeside Mutual,Tri-County Workers' Comp Fund,2025-10-17,78.90,Paid,2025-10-20,
INV-72736,REQ-43144,RQ-110,Marchetti & Cole,Tri-County Workers' Comp Fund,2025-10-24,83.10,Paid,2025-11-01,
INV-72737,REQ-43146,RQ-121,RecordPoint Retrieval,Tri-County Workers' Comp Fund,2025-10-24,75.40,Open,,
INV-72738,REQ-43147,RQ-126,Summit Chart Services,Tri-County Workers' Comp Fund,2025-10-31,146.10,Paid,2025-11-16,
INV-72739,REQ-43148,RQ-105,Brennan Hale PC,Tri-County Workers' Comp Fund,2025-10-08,54.40,Paid,2025-10-15,
INV-72740,REQ-43149,RQ-101,Morrison & Pratt LLP,Tri-County Workers' Comp Fund,2025-10-31,57.55,Paid,2025-11-11,
INV-72741,REQ-43151,RQ-101,Morrison & Pratt LLP,Tri-County Workers' Comp Fund,2025-10-15,53.35,Paid,2025-10-31,
INV-72742,REQ-43152,RQ-111,Ferris Nguyen LLP,Tri-County Workers' Comp Fund,2025-10-13,63.15,Paid,2025-10-16,
INV-72743,REQ-43153,RQ-105,Brennan Hale PC,Tri-County Workers' Comp Fund,2025-10-13,76.10,Cancelled,,Duplicate request
INV-72744,REQ-43154,RQ-103,Kessler Injury Attorneys,Tri-County Workers' Comp Fund,2025-10-28,103.40,Paid,2025-11-14,
INV-72745,REQ-43156,RQ-128,Lakeside Mutual,Tri-County Workers' Comp Fund,2025-10-17,215.75,Paid,2025-11-03,
INV-72746,REQ-43157,RQ-113,Grayson Poole,Tri-County Workers' Comp Fund,2025-10-30,62.10,Paid,2025-11-12,
INV-72747,REQ-43160,RQ-106,Ostrowski Legal,Tri-County Workers' Comp Fund,2025-10-28,82.75,Paid,2025-11-07,
INV-72748,REQ-43161,RQ-123,DocuTrace Services,Tri-County Workers' Comp Fund,2025-10-09,103.40,Paid,2025-10-24,
INV-72749,REQ-43163,RQ-130,Sterling Auto Insurance,Tri-County Workers' Comp Fund,2025-10-29,51.60,Paid,2025-11-08,
INV-72750,REQ-43164,RQ-130,Sterling Auto Insurance,Beacon Casualty Company,2025-10-07,127.90,Paid,2025-10-13,
INV-72751,REQ-43165,RQ-121,RecordPoint Retrieval,Beacon Casualty Company,2025-10-28,75.75,Paid,2025-11-12,
INV-72752,REQ-43166,RQ-114,Tate & Winslow,Beacon Casualty Company,2025-10-30,49.85,Paid,2025-11-17,
INV-72753,REQ-43167,RQ-106,Ostrowski Legal,Beacon Casualty Company,2025-10-27,56.15,Cancelled,,No records found
INV-72754,REQ-43168,RQ-101,Morrison & Pratt LLP,Beacon Casualty Company,2025-10-21,59.30,Paid,2025-11-05,
INV-72755,REQ-43169,RQ-118,Pruitt Legal Group,Beacon Casualty Company,2025-10-15,65.60,Open,,
INV-72756,REQ-43170,RQ-125,ClearPath Records,Beacon Casualty Company,2025-10-17,72.95,Paid,2025-11-02,
INV-72757,REQ-43171,RQ-118,Pruitt Legal Group,Beacon Casualty Company,2025-10-15,48.10,Paid,2025-10-18,
INV-72758,REQ-43172,RQ-126,Summit Chart Services,Beacon Casualty Company,2025-11-03,163.60,Paid,2025-11-21,
INV-72759,REQ-43173,RQ-107,Park & Levine,Beacon Casualty Company,2025-10-28,62.80,Paid,2025-11-10,
INV-72760,REQ-43174,RQ-107,Park & Levine,Beacon Casualty Company,2025-10-10,67.35,Paid,2025-10-26,
INV-72761,REQ-43175,RQ-102,Delgado Law Group,Beacon Casualty Company,2025-10-09,43.90,Paid,2025-10-26,
INV-72762,REQ-43176,RQ-122,SwiftFile Records,Beacon Casualty Company,2025-10-31,105.50,Paid,2025-11-12,
INV-72763,REQ-43178,RQ-129,Evergreen Casualty,Beacon Casualty Company,2025-10-13,43.90,Paid,2025-10-27,
INV-72764,REQ-43179,RQ-121,RecordPoint Retrieval,Beacon Casualty Company,2025-10-27,38.65,Open,,
INV-72765,REQ-43180,RQ-124,Keystone Record Retrieval,Beacon Casualty Company,2025-10-10,110.40,Paid,2025-10-16,
INV-72766,REQ-43181,RQ-117,Iverson Goldberg,Beacon Casualty Company,2025-10-24,63.50,Paid,2025-11-11,
INV-72767,REQ-43182,RQ-125,ClearPath Records,Beacon Casualty Company,2025-10-13,47.75,Open,,
INV-72768,REQ-43183,RQ-122,SwiftFile Records,Beacon Casualty Company,2025-10-27,33.40,Paid,2025-11-05,
INV-72769,REQ-43184,RQ-121,RecordPoint Retrieval,Beacon Casualty Company,2025-10-27,46.35,Paid,2025-11-07,
INV-72770,REQ-43185,RQ-128,Lakeside Mutual,Beacon Casualty Company,2025-10-31,37.25,Paid,2025-11-05,
INV-72771,REQ-43186,RQ-107,Park & Levine,Beacon Casualty Company,2025-10-27,72.60,Paid,2025-11-09,
INV-72772,REQ-43187,RQ-111,Ferris Nguyen LLP,Beacon Casualty Company,2025-10-16,47.75,Paid,2025-10-26,
INV-72773,REQ-43188,RQ-109,Hudson Valley Injury Law,Beacon Casualty Company,2025-10-27,205.60,Paid,2025-11-09,
INV-72774,REQ-43189,RQ-124,Keystone Record Retrieval,Beacon Casualty Company,2025-10-10,54.40,Paid,2025-10-28,
INV-72775,REQ-43190,RQ-111,Ferris Nguyen LLP,Beacon Casualty Company,2025-10-10,58.25,Paid,2025-10-12,
INV-72776,REQ-43191,RQ-128,Lakeside Mutual,Beacon Casualty Company,2025-10-13,167.45,Paid,2025-10-29,
INV-72777,REQ-43192,RQ-127,Pioneer Standard Insurance,Beacon Casualty Company,2025-10-27,151.70,Paid,2025-10-30,
INV-72778,REQ-43193,RQ-101,Morrison & Pratt LLP,Beacon Casualty Company,2025-10-22,76.45,Cancelled,,Duplicate request
INV-72779,REQ-43194,RQ-113,Grayson Poole,Beacon Casualty Company,2025-10-30,56.50,Paid,2025-11-06,
INV-72780,REQ-43195,RQ-120,Beaumont Stark,Beacon Casualty Company,2025-10-07,135.25,Paid,2025-10-14,
INV-72781,REQ-43196,RQ-121,RecordPoint Retrieval,Beacon Casualty Company,2025-10-17,68.40,Cancelled,,Duplicate request
INV-72782,REQ-43197,RQ-129,Evergreen Casualty,Beacon Casualty Company,2025-10-22,63.50,Paid,2025-11-09,
INV-72783,REQ-43198,RQ-101,Morrison & Pratt LLP,Beacon Casualty Company,2025-10-31,88.70,Paid,2025-11-04,
INV-72784,REQ-43199,RQ-130,Sterling Auto Insurance,Beacon Casualty Company,2025-10-31,88.35,Paid,2025-11-03,
INV-72785,REQ-43200,RQ-106,Ostrowski Legal,Beacon Casualty Company,2025-10-17,60.00,Paid,2025-10-19,
INV-72786,REQ-43201,RQ-121,RecordPoint Retrieval,Beacon Casualty Company,2025-11-03,51.95,Paid,2025-11-15,
INV-72787,REQ-43202,RQ-104,Whitcombe & Rao,Beacon Casualty Company,2025-10-23,69.10,Paid,2025-11-06,
INV-72788,REQ-43203,RQ-114,Tate & Winslow,Beacon Casualty Company,2025-10-15,102.00,Paid,2025-10-24,
INV-72789,REQ-43204,RQ-107,Park & Levine,Beacon Casualty Company,2025-10-28,43.20,Paid,2025-11-12,
INV-72790,REQ-43206,RQ-127,Pioneer Standard Insurance,Northfork Insurance Co.,2025-10-29,75.40,Paid,2025-11-10,
INV-72791,REQ-43207,RQ-109,Hudson Valley Injury Law,Northfork Insurance Co.,2025-10-10,67.00,Paid,2025-10-27,
INV-72792,REQ-43208,RQ-108,Salas Trial Lawyers,Northfork Insurance Co.,2025-10-17,59.30,Cancelled,,Duplicate request
INV-72793,REQ-43209,RQ-118,Pruitt Legal Group,Northfork Insurance Co.,2025-10-08,64.20,Paid,2025-10-20,
INV-72794,REQ-43210,RQ-106,Ostrowski Legal,Northfork Insurance Co.,2025-10-31,73.65,Paid,2025-11-03,
INV-72795,REQ-43211,RQ-124,Keystone Record Retrieval,Northfork Insurance Co.,2025-10-09,68.40,Paid,2025-10-19,
INV-72796,REQ-43212,RQ-116,Carver Moss LLP,Northfork Insurance Co.,2025-10-21,54.75,Open,,
INV-72797,REQ-43213,RQ-126,Summit Chart Services,Northfork Insurance Co.,2025-10-23,47.75,Paid,2025-11-03,
INV-72798,REQ-43214,RQ-121,RecordPoint Retrieval,Northfork Insurance Co.,2025-11-06,61.05,Paid,2025-11-22,
INV-72799,REQ-43215,RQ-119,Quinlan & Ames,Northfork Insurance Co.,2025-11-04,33.40,Paid,2025-11-17,
INV-72800,REQ-43216,RQ-106,Ostrowski Legal,Northfork Insurance Co.,2025-10-20,62.80,Paid,2025-11-03,
INV-72801,REQ-43217,RQ-125,ClearPath Records,Northfork Insurance Co.,2025-10-31,74.00,Paid,2025-11-18,
INV-72802,REQ-43218,RQ-111,Ferris Nguyen LLP,Northfork Insurance Co.,2025-10-24,74.00,Paid,2025-11-07,
INV-72803,REQ-43219,RQ-108,Salas Trial Lawyers,Northfork Insurance Co.,2025-10-24,62.80,Paid,2025-10-30,
INV-72804,REQ-43220,RQ-117,Iverson Goldberg,Northfork Insurance Co.,2025-10-16,151.35,Open,,
INV-72805,REQ-43221,RQ-126,Summit Chart Services,Northfork Insurance Co.,2025-10-14,101.65,Paid,2025-10-19,
INV-72806,REQ-43222,RQ-127,Pioneer Standard Insurance,Northfork Insurance Co.,2025-10-07,62.80,Paid,2025-10-20,
INV-72807,REQ-43224,RQ-103,Kessler Injury Attorneys,Northfork Insurance Co.,2025-10-20,46.70,Paid,2025-11-04,
INV-72808,REQ-43225,RQ-123,DocuTrace Services,Northfork Insurance Co.,2025-10-23,61.05,Paid,2025-10-28,
INV-72809,REQ-43226,RQ-127,Pioneer Standard Insurance,Northfork Insurance Co.,2025-10-16,110.05,Paid,2025-10-30,
INV-72810,REQ-43228,RQ-107,Park & Levine,Northfork Insurance Co.,2025-10-21,46.35,Open,,
INV-72811,REQ-43229,RQ-115,Lindqvist Defense,Northfork Insurance Co.,2025-10-31,127.90,Paid,2025-11-08,
INV-72812,REQ-43230,RQ-122,SwiftFile Records,Northfork Insurance Co.,2025-10-03,104.80,Cancelled,,Duplicate request
INV-72813,REQ-43231,RQ-112,Abernathy Law,Northfork Insurance Co.,2025-11-03,66.30,Open,,
INV-72814,REQ-43232,RQ-103,Kessler Injury Attorneys,Northfork Insurance Co.,2025-10-14,60.35,Paid,2025-10-26,
INV-72815,REQ-43233,RQ-107,Park & Levine,Northfork Insurance Co.,2025-10-17,39.35,Paid,2025-10-23,
INV-72816,REQ-43234,RQ-124,Keystone Record Retrieval,Meridian Auto & Home,2025-11-03,127.55,Open,,
INV-72817,REQ-43235,RQ-110,Marchetti & Cole,Meridian Auto & Home,2025-10-30,112.50,Open,,
INV-72818,REQ-43236,RQ-112,Abernathy Law,Meridian Auto & Home,2025-10-16,57.55,Paid,2025-10-25,
INV-72819,REQ-43237,RQ-124,Keystone Record Retrieval,Meridian Auto & Home,2025-10-09,34.80,Paid,2025-10-22,
INV-72820,REQ-43238,RQ-109,Hudson Valley Injury Law,Meridian Auto & Home,2025-10-14,71.55,Paid,2025-10-27,
INV-72821,REQ-43239,RQ-129,Evergreen Casualty,Meridian Auto & Home,2025-10-31,75.40,Paid,2025-11-17,
INV-72822,REQ-43240,RQ-129,Evergreen Casualty,Meridian Auto & Home,2025-10-24,208.40,Paid,2025-11-04,
INV-72823,REQ-43241,RQ-114,Tate & Winslow,Meridian Auto & Home,2025-10-17,46.00,Paid,2025-10-19,
INV-72824,REQ-43242,RQ-129,Evergreen Casualty,Meridian Auto & Home,2025-10-29,62.80,Paid,2025-11-02,
INV-72825,REQ-43244,RQ-120,Beaumont Stark,Meridian Auto & Home,2025-10-16,54.40,Open,,
INV-72826,REQ-43245,RQ-108,Salas Trial Lawyers,Meridian Auto & Home,2025-10-22,51.60,Paid,2025-10-29,
INV-72827,REQ-43246,RQ-121,RecordPoint Retrieval,Meridian Auto & Home,2025-10-27,61.75,Open,,
INV-72828,REQ-43247,RQ-123,DocuTrace Services,Meridian Auto & Home,2025-10-23,74.70,Paid,2025-11-02,
INV-72829,REQ-43248,RQ-115,Lindqvist Defense,Meridian Auto & Home,2025-10-13,45.30,Paid,2025-10-26,
INV-72830,REQ-43249,RQ-130,Sterling Auto Insurance,Meridian Auto & Home,2025-10-16,79.25,Paid,2025-10-22,
INV-72831,REQ-43250,RQ-129,Evergreen Casualty,Meridian Auto & Home,2025-10-10,293.10,Paid,2025-10-20,
INV-72832,REQ-43251,RQ-130,Sterling Auto Insurance,Meridian Auto & Home,2025-10-27,60.70,Paid,2025-11-01,
INV-72833,REQ-43252,RQ-107,Park & Levine,Meridian Auto & Home,2025-10-07,52.65,Paid,2025-10-09,
INV-72834,REQ-43253,RQ-115,Lindqvist Defense,Meridian Auto & Home,2025-10-31,57.55,Paid,2025-11-15,
INV-72835,REQ-43254,RQ-121,RecordPoint Retrieval,Meridian Auto & Home,2025-10-28,65.95,Paid,2025-11-06,
INV-72836,REQ-43255,RQ-104,Whitcombe & Rao,Meridian Auto & Home,2025-10-17,49.50,Cancelled,,Duplicate request
INV-72837,REQ-43256,RQ-110,Marchetti & Cole,Meridian Auto & Home,2025-10-20,56.85,Paid,2025-10-30,
INV-72838,REQ-43257,RQ-104,Whitcombe & Rao,Meridian Auto & Home,2025-10-08,131.05,Paid,2025-10-11,
INV-72839,REQ-43258,RQ-101,Morrison & Pratt LLP,Meridian Auto & Home,2025-10-09,110.40,Paid,2025-10-26,
INV-72840,REQ-43259,RQ-129,Evergreen Casualty,Atlas Comp Services,2025-10-24,96.05,Paid,2025-11-09,
INV-72841,REQ-43260,RQ-114,Tate & Winslow,Atlas Comp Services,2025-10-22,36.90,Paid,2025-11-09,
INV-72842,REQ-43261,RQ-125,ClearPath Records,Atlas Comp Services,2025-10-17,47.75,Paid,2025-11-01,
INV-72843,REQ-43262,RQ-101,Morrison & Pratt LLP,Atlas Comp Services,2025-11-04,80.65,Cancelled,,Duplicate request
INV-72844,REQ-43263,RQ-101,Morrison & Pratt LLP,Atlas Comp Services,2025-10-28,131.05,Paid,2025-11-03,
INV-72845,REQ-43264,RQ-102,Delgado Law Group,Atlas Comp Services,2025-10-14,50.20,Paid,2025-11-01,
INV-72846,REQ-43265,RQ-101,Morrison & Pratt LLP,Atlas Comp Services,2025-10-23,66.65,Cancelled,,Duplicate request
INV-72847,REQ-43266,RQ-123,DocuTrace Services,Atlas Comp Services,2025-10-17,76.45,Paid,2025-10-25,
INV-72848,REQ-43267,RQ-111,Ferris Nguyen LLP,Atlas Comp Services,2025-11-03,106.55,Paid,2025-11-11,
INV-72849,REQ-43268,RQ-130,Sterling Auto Insurance,Atlas Comp Services,2025-10-07,264.40,Paid,2025-10-17,
INV-72850,REQ-43269,RQ-129,Evergreen Casualty,Atlas Comp Services,2025-10-30,288.90,Paid,2025-11-10,
INV-72851,REQ-43270,RQ-129,Evergreen Casualty,Atlas Comp Services,2025-10-16,78.90,Paid,2025-10-28,
INV-72852,REQ-43271,RQ-126,Summit Chart Services,Atlas Comp Services,2025-10-14,114.60,Paid,2025-10-28,
INV-72853,REQ-43272,RQ-123,DocuTrace Services,Atlas Comp Services,2025-10-27,92.20,Open,,
INV-72854,REQ-43273,RQ-103,Kessler Injury Attorneys,Atlas Comp Services,2025-10-10,55.45,Paid,2025-10-22,
INV-72855,REQ-43274,RQ-109,Hudson Valley Injury Law,Atlas Comp Services,2025-11-06,100.95,Paid,2025-11-13,
INV-72856,REQ-43275,RQ-126,Summit Chart Services,Atlas Comp Services,2025-10-21,44.60,Paid,2025-11-08,
INV-72857,REQ-43276,RQ-123,DocuTrace Services,Atlas Comp Services,2025-11-03,83.80,Paid,2025-11-16,
INV-72858,REQ-43277,RQ-130,Sterling Auto Insurance,Harborline Mutual Insurance,2025-11-10,46.35,Paid,2025-11-25,
INV-72859,REQ-43279,RQ-112,Abernathy Law,Harborline Mutual Insurance,2025-11-27,43.20,Paid,2025-12-04,
INV-72860,REQ-43280,RQ-118,Pruitt Legal Group,Harborline Mutual Insurance,2025-11-27,44.25,Paid,2025-12-01,
INV-72861,REQ-43281,RQ-102,Delgado Law Group,Harborline Mutual Insurance,2025-12-03,287.85,Open,,
INV-72862,REQ-43282,RQ-117,Iverson Goldberg,Harborline Mutual Insurance,2025-11-26,85.90,Paid,2025-12-08,
INV-72863,REQ-43283,RQ-122,SwiftFile Records,Harborline Mutual Insurance,2025-11-19,59.65,Paid,2025-11-21,
INV-72864,REQ-43284,RQ-103,Kessler Injury Attorneys,Harborline Mutual Insurance,2025-11-10,151.00,Open,,
INV-72865,REQ-43285,RQ-118,Pruitt Legal Group,Harborline Mutual Insurance,2025-11-28,55.80,Paid,2025-12-12,
INV-72866,REQ-43286,RQ-130,Sterling Auto Insurance,Harborline Mutual Insurance,2025-11-21,184.60,Paid,2025-11-23,
INV-72867,REQ-43287,RQ-103,Kessler Injury Attorneys,Harborline Mutual Insurance,2025-11-26,68.40,Paid,2025-12-01,
INV-72868,REQ-43288,RQ-102,Delgado Law Group,Harborline Mutual Insurance,2025-12-01,47.05,Paid,2025-12-08,
INV-72869,REQ-43289,RQ-127,Pioneer Standard Insurance,Harborline Mutual Insurance,2025-11-25,142.95,Paid,2025-11-30,
INV-72870,REQ-43290,RQ-104,Whitcombe & Rao,Harborline Mutual Insurance,2025-11-21,155.55,Paid,2025-11-27,
INV-72871,REQ-43291,RQ-103,Kessler Injury Attorneys,Harborline Mutual Insurance,2025-11-18,100.95,Paid,2025-11-23,
INV-72872,REQ-43292,RQ-111,Ferris Nguyen LLP,Harborline Mutual Insurance,2025-11-28,216.45,Paid,2025-12-02,
INV-72873,REQ-43293,RQ-120,Beaumont Stark,Harborline Mutual Insurance,2025-11-20,33.05,Paid,2025-12-05,
INV-72874,REQ-43294,RQ-125,ClearPath Records,Harborline Mutual Insurance,2025-11-12,70.85,Paid,2025-11-28,
INV-72875,REQ-43295,RQ-115,Lindqvist Defense,Harborline Mutual Insurance,2025-11-28,70.85,Paid,2025-12-02,
INV-72876,REQ-43296,RQ-129,Evergreen Casualty,Harborline Mutual Insurance,2025-12-03,41.45,Paid,2025-12-21,
INV-72877,REQ-43297,RQ-112,Abernathy Law,Harborline Mutual Insurance,2025-11-27,54.40,Paid,2025-12-01,
INV-72878,REQ-43298,RQ-101,Morrison & Pratt LLP,Harborline Mutual Insurance,2025-11-28,116.35,Paid,2025-12-16,
INV-72879,REQ-43299,RQ-129,Evergreen Casualty,Harborline Mutual Insurance,2025-11-05,67.00,Paid,2025-11-07,
INV-72880,REQ-43300,RQ-124,Keystone Record Retrieval,Harborline Mutual Insurance,2025-11-13,54.75,Cancelled,,Duplicate request
INV-72881,REQ-43301,RQ-121,RecordPoint Retrieval,Harborline Mutual Insurance,2025-11-21,210.50,Open,,
INV-72882,REQ-43302,RQ-126,Summit Chart Services,Harborline Mutual Insurance,2025-11-20,61.40,Paid,2025-12-05,
INV-72883,REQ-43303,RQ-127,Pioneer Standard Insurance,Harborline Mutual Insurance,2025-11-10,120.55,Paid,2025-11-18,
INV-72884,REQ-43304,RQ-124,Keystone Record Retrieval,Harborline Mutual Insurance,2025-11-21,73.30,Paid,2025-11-25,
INV-72885,REQ-43305,RQ-111,Ferris Nguyen LLP,Harborline Mutual Insurance,2025-11-12,47.05,Open,,
INV-72886,REQ-43306,RQ-117,Iverson Goldberg,Harborline Mutual Insurance,2025-11-06,65.95,Paid,2025-11-13,
INV-72887,REQ-43307,RQ-124,Keystone Record Retrieval,Harborline Mutual Insurance,2025-11-28,147.50,Paid,2025-12-05,
INV-72888,REQ-43309,RQ-101,Morrison & Pratt LLP,Harborline Mutual Insurance,2025-11-20,63.50,Paid,2025-11-26,
INV-72889,REQ-43310,RQ-111,Ferris Nguyen LLP,Harborline Mutual Insurance,2025-11-12,108.30,Paid,2025-11-23,
INV-72890,REQ-43311,RQ-121,RecordPoint Retrieval,Harborline Mutual Insurance,2025-11-05,37.25,Open,,
INV-72891,REQ-43312,RQ-111,Ferris Nguyen LLP,Harborline Mutual Insurance,2025-11-21,63.15,Paid,2025-11-23,
INV-72892,REQ-43313,RQ-109,Hudson Valley Injury Law,Harborline Mutual Insurance,2025-11-12,119.50,Paid,2025-11-21,
INV-72893,REQ-43314,RQ-126,Summit Chart Services,Harborline Mutual Insurance,2025-11-11,44.60,Paid,2025-11-17,
INV-72894,REQ-43315,RQ-130,Sterling Auto Insurance,Harborline Mutual Insurance,2025-11-14,87.30,Paid,2025-11-26,
INV-72895,REQ-43316,RQ-102,Delgado Law Group,Harborline Mutual Insurance,2025-11-17,111.45,Paid,2025-11-29,
INV-72896,REQ-43317,RQ-101,Morrison & Pratt LLP,Harborline Mutual Insurance,2025-11-10,79.95,Paid,2025-11-23,
INV-72897,REQ-43318,RQ-121,RecordPoint Retrieval,Harborline Mutual Insurance,2025-11-18,132.45,Paid,2025-11-21,
INV-72898,REQ-43319,RQ-126,Summit Chart Services,Harborline Mutual Insurance,2025-11-24,68.75,Paid,2025-12-03,
INV-72899,REQ-43320,RQ-122,SwiftFile Records,Harborline Mutual Insurance,2025-11-20,55.45,Paid,2025-11-27,
INV-72900,REQ-43321,RQ-101,Morrison & Pratt LLP,Harborline Mutual Insurance,2025-12-01,122.30,Paid,2025-12-18,
INV-72901,REQ-43322,RQ-120,Beaumont Stark,Harborline Mutual Insurance,2025-11-17,48.45,Open,,
INV-72902,REQ-43323,RQ-113,Grayson Poole,Harborline Mutual Insurance,2025-11-10,70.85,Paid,2025-11-24,
INV-72903,REQ-43324,RQ-108,Salas Trial Lawyers,Harborline Mutual Insurance,2025-11-26,58.60,Paid,2025-11-28,
INV-72904,REQ-43325,RQ-130,Sterling Auto Insurance,Harborline Mutual Insurance,2025-11-07,37.95,Paid,2025-11-17,
INV-72905,REQ-43326,RQ-120,Beaumont Stark,Harborline Mutual Insurance,2025-11-13,49.50,Paid,2025-11-20,
INV-72906,REQ-43327,RQ-111,Ferris Nguyen LLP,Harborline Mutual Insurance,2025-11-14,62.45,Paid,2025-11-22,
INV-72907,REQ-43328,RQ-126,Summit Chart Services,Harborline Mutual Insurance,2025-11-13,60.00,Open,,
INV-72908,REQ-43329,RQ-102,Delgado Law Group,Harborline Mutual Insurance,2025-11-21,208.75,Paid,2025-12-07,
INV-72909,REQ-43330,RQ-106,Ostrowski Legal,Harborline Mutual Insurance,2025-11-28,50.20,Paid,2025-12-11,
INV-72910,REQ-43332,RQ-121,RecordPoint Retrieval,Harborline Mutual Insurance,2025-11-13,116.00,Open,,
INV-72911,REQ-43333,RQ-101,Morrison & Pratt LLP,Harborline Mutual Insurance,2025-11-21,131.05,Paid,2025-12-03,
INV-72912,REQ-43334,RQ-120,Beaumont Stark,Harborline Mutual Insurance,2025-11-10,142.25,Paid,2025-11-22,
INV-72913,REQ-43335,RQ-108,Salas Trial Lawyers,Harborline Mutual Insurance,2025-11-17,66.65,Cancelled,,Request withdrawn
INV-72914,REQ-43336,RQ-129,Evergreen Casualty,Harborline Mutual Insurance,2025-11-17,37.25,Paid,2025-11-24,
INV-72915,REQ-43337,RQ-110,Marchetti & Cole,Granite Shield Insurance,2025-11-12,40.75,Paid,2025-11-15,
INV-72916,REQ-43338,RQ-101,Morrison & Pratt LLP,Granite Shield Insurance,2025-11-26,93.25,Paid,2025-12-03,
INV-72917,REQ-43339,RQ-110,Marchetti & Cole,Granite Shield Insurance,2025-11-19,66.30,Paid,2025-12-04,
INV-72918,REQ-43340,RQ-121,RecordPoint Retrieval,Granite Shield Insurance,2025-11-10,104.10,Open,,
INV-72919,REQ-43341,RQ-125,ClearPath Records,Granite Shield Insurance,2025-11-27,50.90,Paid,2025-12-14,
INV-72920,REQ-43342,RQ-121,RecordPoint Retrieval,Granite Shield Insurance,2025-11-28,53.70,Paid,2025-12-03,
INV-72921,REQ-43344,RQ-121,RecordPoint Retrieval,Granite Shield Insurance,2025-11-17,53.35,Open,,
INV-72922,REQ-43345,RQ-119,Quinlan & Ames,Granite Shield Insurance,2025-11-25,85.90,Paid,2025-12-13,
INV-72923,REQ-43347,RQ-101,Morrison & Pratt LLP,Granite Shield Insurance,2025-11-21,161.15,Cancelled,,Duplicate request
INV-72924,REQ-43348,RQ-101,Morrison & Pratt LLP,Granite Shield Insurance,2025-11-27,99.20,Open,,
INV-72925,REQ-43349,RQ-125,ClearPath Records,Granite Shield Insurance,2025-11-20,57.90,Paid,2025-11-26,
INV-72926,REQ-43350,RQ-106,Ostrowski Legal,Granite Shield Insurance,2025-11-18,71.55,Paid,2025-11-29,
INV-72927,REQ-43352,RQ-119,Quinlan & Ames,Granite Shield Insurance,2025-11-20,56.50,Paid,2025-11-28,
INV-72928,REQ-43353,RQ-104,Whitcombe & Rao,Granite Shield Insurance,2025-11-20,63.50,Paid,2025-12-03,
INV-72929,REQ-43354,RQ-122,SwiftFile Records,Granite Shield Insurance,2025-11-24,72.25,Paid,2025-12-01,
INV-72930,REQ-43355,RQ-125,ClearPath Records,Granite Shield Insurance,2025-11-12,49.85,Paid,2025-11-30,
INV-72931,REQ-43356,RQ-119,Quinlan & Ames,Granite Shield Insurance,2025-11-28,37.60,Paid,2025-12-12,
INV-72932,REQ-43357,RQ-122,SwiftFile Records,Granite Shield Insurance,2025-11-04,70.85,Paid,2025-11-19,
INV-72933,REQ-43358,RQ-112,Abernathy Law,Granite Shield Insurance,2025-11-07,74.00,Open,,
INV-72934,REQ-43359,RQ-102,Delgado Law Group,Granite Shield Insurance,2025-11-27,119.15,Paid,2025-12-15,
INV-72935,REQ-43360,RQ-101,Morrison & Pratt LLP,Granite Shield Insurance,2025-12-01,45.30,Paid,2025-12-17,
INV-72936,REQ-43361,RQ-103,Kessler Injury Attorneys,Granite Shield Insurance,2025-11-27,51.25,Paid,2025-12-09,
INV-72937,REQ-43362,RQ-111,Ferris Nguyen LLP,Granite Shield Insurance,2025-11-18,132.45,Paid,2025-11-21,
INV-72938,REQ-43363,RQ-121,RecordPoint Retrieval,Granite Shield Insurance,2025-11-27,43.20,Open,,
INV-72939,REQ-43364,RQ-122,SwiftFile Records,Granite Shield Insurance,2025-11-21,53.00,Paid,2025-12-02,
INV-72940,REQ-43365,RQ-120,Beaumont Stark,Granite Shield Insurance,2025-11-10,32.00,Paid,2025-11-19,
INV-72941,REQ-43366,RQ-106,Ostrowski Legal,Granite Shield Insurance,2025-11-06,97.80,Paid,2025-11-17,
INV-72942,REQ-43367,RQ-114,Tate & Winslow,Granite Shield Insurance,2025-11-20,73.65,Paid,2025-12-04,
INV-72943,REQ-43368,RQ-106,Ostrowski Legal,Granite Shield Insurance,2025-11-24,41.45,Cancelled,,Duplicate request
INV-72944,REQ-43369,RQ-108,Salas Trial Lawyers,Granite Shield Insurance,2025-11-20,64.90,Cancelled,,Duplicate request
INV-72945,REQ-43370,RQ-120,Beaumont Stark,Granite Shield Insurance,2025-12-02,51.60,Paid,2025-12-20,
INV-72946,REQ-43371,RQ-121,RecordPoint Retrieval,Granite Shield Insurance,2025-11-27,121.60,Paid,2025-11-30,
INV-72947,REQ-43372,RQ-113,Grayson Poole,Granite Shield Insurance,2025-11-18,79.60,Paid,2025-11-23,
INV-72948,REQ-43373,RQ-105,Brennan Hale PC,Granite Shield Insurance,2025-12-05,62.80,Paid,2025-12-14,
INV-72949,REQ-43374,RQ-122,SwiftFile Records,Granite Shield Insurance,2025-11-17,31.30,Open,,
INV-72950,REQ-43375,RQ-119,Quinlan & Ames,Granite Shield Insurance,2025-11-27,63.85,Paid,2025-12-01,
INV-72951,REQ-43376,RQ-121,RecordPoint Retrieval,Granite Shield Insurance,2025-11-24,60.70,Open,,
INV-72952,REQ-43379,RQ-128,Lakeside Mutual,Granite Shield Insurance,2025-11-07,49.15,Open,,
INV-72953,REQ-43380,RQ-101,Morrison & Pratt LLP,Granite Shield Insurance,2025-11-21,60.70,Paid,2025-11-28,
INV-72954,REQ-43381,RQ-125,ClearPath Records,Granite Shield Insurance,2025-11-24,44.60,Open,,
INV-72955,REQ-43382,RQ-104,Whitcombe & Rao,Keystone Auto Group,2025-11-07,53.00,Paid,2025-11-22,
INV-72956,REQ-43383,RQ-112,Abernathy Law,Keystone Auto Group,2025-11-24,50.20,Cancelled,,Request withdrawn
INV-72957,REQ-43384,RQ-125,ClearPath Records,Keystone Auto Group,2025-11-06,114.60,Paid,2025-11-23,
INV-72958,REQ-43385,RQ-113,Grayson Poole,Keystone Auto Group,2025-11-25,88.70,Cancelled,,Duplicate request
INV-72959,REQ-43386,RQ-124,Keystone Record Retrieval,Keystone Auto Group,2025-11-13,43.90,Open,,
INV-72960,REQ-43387,RQ-101,Morrison & Pratt LLP,Keystone Auto Group,2025-11-21,48.45,Paid,2025-11-24,
INV-72961,REQ-43388,RQ-110,Marchetti & Cole,Keystone Auto Group,2025-11-20,86.25,Paid,2025-11-30,
INV-72962,REQ-43389,RQ-118,Pruitt Legal Group,Keystone Auto Group,2025-11-12,55.80,Paid,2025-11-19,
INV-72963,REQ-43390,RQ-121,RecordPoint Retrieval,Keystone Auto Group,2025-11-19,66.65,Open,,
INV-72964,REQ-43391,RQ-120,Beaumont Stark,Keystone Auto Group,2025-11-10,43.55,Paid,2025-11-15,
INV-72965,REQ-43392,RQ-102,Delgado Law Group,Keystone Auto Group,2025-11-21,79.95,Paid,2025-11-24,
INV-72966,REQ-43393,RQ-123,DocuTrace Services,Keystone Auto Group,2025-11-27,53.00,Paid,2025-11-30,
INV-72967,REQ-43394,RQ-113,Grayson Poole,Keystone Auto Group,2025-11-20,56.15,Paid,2025-11-30,
INV-72968,REQ-43395,RQ-127,Pioneer Standard Insurance,Keystone Auto Group,2025-12-04,56.15,Paid,2025-12-20,
INV-72969,REQ-43396,RQ-110,Marchetti & Cole,Keystone Auto Group,2025-11-21,59.30,Paid,2025-12-03,
INV-72970,REQ-43397,RQ-124,Keystone Record Retrieval,Keystone Auto Group,2025-12-08,116.35,Paid,2025-12-17,
INV-72971,REQ-43398,RQ-101,Morrison & Pratt LLP,Keystone Auto Group,2025-11-14,105.85,Open,,
INV-72972,REQ-43399,RQ-109,Hudson Valley Injury Law,Keystone Auto Group,2025-11-14,61.05,Paid,2025-11-21,
INV-72973,REQ-43400,RQ-111,Ferris Nguyen LLP,Keystone Auto Group,2025-11-14,138.40,Paid,2025-11-25,
INV-72974,REQ-43401,RQ-124,Keystone Record Retrieval,Keystone Auto Group,2025-11-12,61.75,Paid,2025-11-22,
INV-72975,REQ-43402,RQ-115,Lindqvist Defense,Keystone Auto Group,2025-12-01,97.45,Paid,2025-12-05,
INV-72976,REQ-43403,RQ-103,Kessler Injury Attorneys,Keystone Auto Group,2025-11-11,53.35,Paid,2025-11-15,
INV-72977,REQ-43404,RQ-115,Lindqvist Defense,Keystone Auto Group,2025-12-04,41.10,Paid,2025-12-18,
INV-72978,REQ-43405,RQ-121,RecordPoint Retrieval,Keystone Auto Group,2025-11-19,62.45,Open,,
INV-72979,REQ-43406,RQ-114,Tate & Winslow,Keystone Auto Group,2025-11-13,134.20,Paid,2025-11-30,
INV-72980,REQ-43407,RQ-105,Brennan Hale PC,Keystone Auto Group,2025-11-19,164.65,Paid,2025-11-22,
INV-72981,REQ-43408,RQ-108,Salas Trial Lawyers,Keystone Auto Group,2025-11-26,34.45,Paid,2025-12-06,
INV-72982,REQ-43410,RQ-126,Summit Chart Services,Keystone Auto Group,2025-11-27,42.85,Open,,
INV-72983,REQ-43411,RQ-117,Iverson Goldberg,Keystone Auto Group,2025-12-02,104.45,Paid,2025-12-17,
INV-72984,REQ-43412,RQ-123,DocuTrace Services,Keystone Auto Group,2025-11-19,290.30,Paid,2025-12-06,
INV-72985,REQ-43413,RQ-115,Lindqvist Defense,Keystone Auto Group,2025-11-17,65.60,Paid,2025-12-03,
INV-72986,REQ-43415,RQ-118,Pruitt Legal Group,Keystone Auto Group,2025-11-25,62.10,Paid,2025-11-27,
INV-72987,REQ-43416,RQ-122,SwiftFile Records,Keystone Auto Group,2025-12-02,71.20,Paid,2025-12-19,
INV-72988,REQ-43417,RQ-129,Evergreen Casualty,Keystone Auto Group,2025-11-18,62.10,Open,,
INV-72989,REQ-43418,RQ-119,Quinlan & Ames,Keystone Auto Group,2025-11-13,82.40,Open,,
INV-72990,REQ-43419,RQ-126,Summit Chart Services,Keystone Auto Group,2025-11-14,48.10,Paid,2025-11-27,
INV-72991,REQ-43420,RQ-102,Delgado Law Group,Keystone Auto Group,2025-11-10,76.10,Paid,2025-11-28,
INV-72992,REQ-43421,RQ-108,Salas Trial Lawyers,Keystone Auto Group,2025-11-07,148.90,Cancelled,,Request withdrawn
INV-72993,REQ-43423,RQ-112,Abernathy Law,Keystone Auto Group,2025-11-27,39.35,Paid,2025-12-06,
INV-72994,REQ-43424,RQ-109,Hudson Valley Injury Law,Tri-County Workers' Comp Fund,2025-12-05,50.90,Open,,
INV-72995,REQ-43425,RQ-121,RecordPoint Retrieval,Tri-County Workers' Comp Fund,2025-12-03,35.50,Paid,2025-12-12,
INV-72996,REQ-43426,RQ-101,Morrison & Pratt LLP,Tri-County Workers' Comp Fund,2025-11-24,47.75,Paid,2025-11-26,
INV-72997,REQ-43427,RQ-124,Keystone Record Retrieval,Tri-County Workers' Comp Fund,2025-11-18,81.70,Open,,
INV-72998,REQ-43428,RQ-127,Pioneer Standard Insurance,Tri-County Workers' Comp Fund,2025-11-26,54.05,Paid,2025-11-29,
INV-72999,REQ-43429,RQ-126,Summit Chart Services,Tri-County Workers' Comp Fund,2025-11-13,43.20,Paid,2025-11-19,
INV-73000,REQ-43431,RQ-129,Evergreen Casualty,Tri-County Workers' Comp Fund,2025-11-11,138.75,Paid,2025-11-14,
INV-73001,REQ-43432,RQ-121,RecordPoint Retrieval,Tri-County Workers' Comp Fund,2025-11-27,50.20,Paid,2025-12-11,
INV-73002,REQ-43433,RQ-123,DocuTrace Services,Tri-County Workers' Comp Fund,2025-11-24,77.50,Paid,2025-12-07,
INV-73003,REQ-43435,RQ-130,Sterling Auto Insurance,Tri-County Workers' Comp Fund,2025-11-17,45.65,Paid,2025-11-23,
INV-73004,REQ-43436,RQ-109,Hudson Valley Injury Law,Tri-County Workers' Comp Fund,2025-11-11,53.00,Paid,2025-11-18,
INV-73005,REQ-43437,RQ-105,Brennan Hale PC,Tri-County Workers' Comp Fund,2025-11-25,48.10,Open,,
INV-73006,REQ-43438,RQ-126,Summit Chart Services,Tri-County Workers' Comp Fund,2025-12-03,125.10,Paid,2025-12-16,
INV-73007,REQ-43439,RQ-116,Carver Moss LLP,Tri-County Workers' Comp Fund,2025-11-25,88.35,Paid,2025-12-03,
INV-73008,REQ-43440,RQ-121,RecordPoint Retrieval,Tri-County Workers' Comp Fund,2025-11-18,74.70,Paid,2025-11-22,
INV-73009,REQ-43441,RQ-123,DocuTrace Services,Tri-County Workers' Comp Fund,2025-12-01,48.80,Paid,2025-12-04,
INV-73010,REQ-43442,RQ-121,RecordPoint Retrieval,Tri-County Workers' Comp Fund,2025-11-17,44.25,Open,,
INV-73011,REQ-43443,RQ-128,Lakeside Mutual,Tri-County Workers' Comp Fund,2025-11-07,76.80,Open,,
INV-73012,REQ-43444,RQ-102,Delgado Law Group,Tri-County Workers' Comp Fund,2025-11-20,56.15,Open,,
INV-73013,REQ-43445,RQ-108,Salas Trial Lawyers,Tri-County Workers' Comp Fund,2025-11-12,89.75,Paid,2025-11-14,
INV-73014,REQ-43446,RQ-114,Tate & Winslow,Tri-County Workers' Comp Fund,2025-12-04,179.00,Paid,2025-12-17,
INV-73015,REQ-43447,RQ-114,Tate & Winslow,Tri-County Workers' Comp Fund,2025-11-24,36.20,Paid,2025-12-04,
INV-73016,REQ-43449,RQ-121,RecordPoint Retrieval,Tri-County Workers' Comp Fund,2025-11-25,65.25,Open,,
INV-73017,REQ-43450,RQ-112,Abernathy Law,Tri-County Workers' Comp Fund,2025-11-17,35.15,Paid,2025-11-25,
INV-73018,REQ-43451,RQ-118,Pruitt Legal Group,Tri-County Workers' Comp Fund,2025-11-11,46.00,Paid,2025-11-26,
INV-73019,REQ-43452,RQ-121,RecordPoint Retrieval,Tri-County Workers' Comp Fund,2025-11-17,61.40,Paid,2025-11-23,
INV-73020,REQ-43453,RQ-101,Morrison & Pratt LLP,Tri-County Workers' Comp Fund,2025-11-24,64.20,Open,,
INV-73021,REQ-43454,RQ-101,Morrison & Pratt LLP,Beacon Casualty Company,2025-11-20,69.45,Open,,
INV-73022,REQ-43455,RQ-124,Keystone Record Retrieval,Beacon Casualty Company,2025-11-27,59.30,Paid,2025-12-13,
INV-73023,REQ-43456,RQ-127,Pioneer Standard Insurance,Beacon Casualty Company,2025-11-17,152.05,Paid,2025-12-03,
INV-73024,REQ-43457,RQ-121,RecordPoint Retrieval,Beacon Casualty Company,2025-11-19,44.25,Paid,2025-11-21,
INV-73025,REQ-43458,RQ-114,Tate & Winslow,Beacon Casualty Company,2025-11-18,102.35,Paid,2025-11-27,
INV-73026,REQ-43460,RQ-130,Sterling Auto Insurance,Beacon Casualty Company,2025-11-12,77.15,Paid,2025-11-26,
INV-73027,REQ-43461,RQ-121,RecordPoint Retrieval,Beacon Casualty Company,2025-11-11,44.95,Open,,
INV-73028,REQ-43462,RQ-120,Beaumont Stark,Beacon Casualty Company,2025-11-21,56.50,Paid,2025-12-09,
INV-73029,REQ-43463,RQ-123,DocuTrace Services,Beacon Casualty Company,2025-11-11,54.05,Paid,2025-11-29,
INV-73030,REQ-43464,RQ-119,Quinlan & Ames,Beacon Casualty Company,2025-12-02,48.10,Paid,2025-12-20,
INV-73031,REQ-43465,RQ-104,Whitcombe & Rao,Beacon Casualty Company,2025-12-04,42.85,Paid,2025-12-09,
INV-73032,REQ-43466,RQ-120,Beaumont Stark,Beacon Casualty Company,2025-11-19,57.55,Paid,2025-11-30,
INV-73033,REQ-43468,RQ-124,Keystone Record Retrieval,Beacon Casualty Company,2025-11-24,138.75,Open,,
INV-73034,REQ-43469,RQ-103,Kessler Injury Attorneys,Beacon Casualty Company,2025-11-24,61.05,Open,,
INV-73035,REQ-43470,RQ-123,DocuTrace Services,Beacon Casualty Company,2025-11-11,72.95,Paid,2025-11-26,
INV-73036,REQ-43472,RQ-124,Keystone Record Retrieval,Beacon Casualty Company,2025-11-07,119.85,Paid,2025-11-11,
INV-73037,REQ-43473,RQ-112,Abernathy Law,Beacon Casualty Company,2025-11-27,190.55,Paid,2025-12-03,
INV-73038,REQ-43474,RQ-123,DocuTrace Services,Beacon Casualty Company,2025-11-19,84.50,Paid,2025-12-07,
INV-73039,REQ-43475,RQ-127,Pioneer Standard Insurance,Beacon Casualty Company,2025-11-13,77.15,Cancelled,,Duplicate request
INV-73040,REQ-43476,RQ-122,SwiftFile Records,Beacon Casualty Company,2025-11-05,41.10,Paid,2025-11-20,
INV-73041,REQ-43477,RQ-121,RecordPoint Retrieval,Beacon Casualty Company,2025-11-18,41.45,Open,,
INV-73042,REQ-43478,RQ-125,ClearPath Records,Beacon Casualty Company,2025-11-10,70.50,Paid,2025-11-20,
INV-73043,REQ-43479,RQ-114,Tate & Winslow,Beacon Casualty Company,2025-11-19,248.65,Paid,2025-12-05,
INV-73044,REQ-43480,RQ-126,Summit Chart Services,Beacon Casualty Company,2025-12-03,87.30,Paid,2025-12-07,
INV-73045,REQ-43481,RQ-107,Park & Levine,Beacon Casualty Company,2025-12-02,40.75,Open,,
INV-73046,REQ-43482,RQ-111,Ferris Nguyen LLP,Beacon Casualty Company,2025-11-20,46.00,Paid,2025-11-25,
INV-73047,REQ-43483,RQ-121,RecordPoint Retrieval,Beacon Casualty Company,2025-11-14,63.50,Paid,2025-11-17,
INV-73048,REQ-43484,RQ-112,Abernathy Law,Beacon Casualty Company,2025-11-20,72.25,Paid,2025-11-30,
INV-73049,REQ-43485,RQ-123,DocuTrace Services,Beacon Casualty Company,2025-12-03,33.75,Paid,2025-12-12,
INV-73050,REQ-43486,RQ-111,Ferris Nguyen LLP,Beacon Casualty Company,2025-12-02,226.60,Paid,2025-12-18,
INV-73051,REQ-43487,RQ-102,Delgado Law Group,Beacon Casualty Company,2025-11-17,62.45,Paid,2025-11-23,
INV-73052,REQ-43489,RQ-103,Kessler Injury Attorneys,Beacon Casualty Company,2025-11-25,132.45,Paid,2025-11-28,
INV-73053,REQ-43490,RQ-126,Summit Chart Services,Beacon Casualty Company,2025-11-14,32.00,Paid,2025-11-16,
INV-73054,REQ-43491,RQ-101,Morrison & Pratt LLP,Beacon Casualty Company,2025-11-27,69.10,Open,,
INV-73055,REQ-43492,RQ-122,SwiftFile Records,Northfork Insurance Co.,2025-11-10,132.80,Paid,2025-11-20,
INV-73056,REQ-43493,RQ-123,DocuTrace Services,Northfork Insurance Co.,2025-11-11,76.80,Paid,2025-11-21,
INV-73057,REQ-43494,RQ-105,Brennan Hale PC,Northfork Insurance Co.,2025-11-21,252.85,Paid,2025-12-06,
INV-73058,REQ-43495,RQ-124,Keystone Record Retrieval,Northfork Insurance Co.,2025-12-02,76.10,Paid,2025-12-04,
INV-73059,REQ-43496,RQ-116,Carver Moss LLP,Northfork Insurance Co.,2025-11-06,56.50,Paid,2025-11-11,
INV-73060,REQ-43497,RQ-114,Tate & Winslow,Northfork Insurance Co.,2025-11-18,46.00,Paid,2025-11-26,
INV-73061,REQ-43498,RQ-121,RecordPoint Retrieval,Northfork Insurance Co.,2025-12-01,67.35,Paid,2025-12-19,
INV-73062,REQ-43499,RQ-102,Delgado Law Group,Northfork Insurance Co.,2025-11-25,86.60,Cancelled,,No records found
INV-73063,REQ-43500,RQ-119,Quinlan & Ames,Northfork Insurance Co.,2025-11-11,102.00,Paid,2025-11-23,
INV-73064,REQ-43501,RQ-122,SwiftFile Records,Northfork Insurance Co.,2025-12-03,49.85,Paid,2025-12-05,
INV-73065,REQ-43503,RQ-121,RecordPoint Retrieval,Northfork Insurance Co.,2025-11-20,65.60,Open,,
INV-73066,REQ-43504,RQ-121,RecordPoint Retrieval,Northfork Insurance Co.,2025-11-28,65.95,Paid,2025-12-08,
INV-73067,REQ-43506,RQ-122,SwiftFile Records,Northfork Insurance Co.,2025-11-20,72.95,Paid,2025-11-23,
INV-73068,REQ-43507,RQ-128,Lakeside Mutual,Northfork Insurance Co.,2025-12-01,55.80,Paid,2025-12-03,
INV-73069,REQ-43508,RQ-101,Morrison & Pratt LLP,Northfork Insurance Co.,2025-11-11,65.60,Open,,
INV-73070,REQ-43509,RQ-122,SwiftFile Records,Northfork Insurance Co.,2025-11-13,51.25,Paid,2025-11-15,
INV-73071,REQ-43510,RQ-121,RecordPoint Retrieval,Northfork Insurance Co.,2025-11-11,103.05,Paid,2025-11-22,
INV-73072,REQ-43511,RQ-103,Kessler Injury Attorneys,Northfork Insurance Co.,2025-11-27,41.45,Cancelled,,Request withdrawn
INV-73073,REQ-43512,RQ-129,Evergreen Casualty,Northfork Insurance Co.,2025-12-02,73.30,Paid,2025-12-12,
INV-73074,REQ-43513,RQ-121,RecordPoint Retrieval,Northfork Insurance Co.,2025-11-24,110.05,Paid,2025-11-27,
INV-73075,REQ-43514,RQ-107,Park & Levine,Northfork Insurance Co.,2025-11-28,72.25,Paid,2025-12-16,
INV-73076,REQ-43515,RQ-109,Hudson Valley Injury Law,Northfork Insurance Co.,2025-11-11,37.60,Paid,2025-11-21,
INV-73077,REQ-43516,RQ-117,Iverson Goldberg,Northfork Insurance Co.,2025-11-21,68.05,Paid,2025-11-25,
INV-73078,REQ-43517,RQ-109,Hudson Valley Injury Law,Northfork Insurance Co.,2025-11-24,126.50,Cancelled,,Request withdrawn
INV-73079,REQ-43518,RQ-113,Grayson Poole,Northfork Insurance Co.,2025-12-02,72.60,Paid,2025-12-08,
INV-73080,REQ-43519,RQ-112,Abernathy Law,Northfork Insurance Co.,2025-11-19,40.05,Paid,2025-12-01,
INV-73081,REQ-43520,RQ-121,RecordPoint Retrieval,Northfork Insurance Co.,2025-12-02,70.15,Open,,
INV-73082,REQ-43521,RQ-127,Pioneer Standard Insurance,Meridian Auto & Home,2025-11-06,47.75,Paid,2025-11-20,
INV-73083,REQ-43522,RQ-106,Ostrowski Legal,Meridian Auto & Home,2025-11-10,41.45,Paid,2025-11-20,
INV-73084,REQ-43523,RQ-127,Pioneer Standard Insurance,Meridian Auto & Home,2025-11-19,50.55,Paid,2025-11-27,
INV-73085,REQ-43524,RQ-103,Kessler Injury Attorneys,Meridian Auto & Home,2025-11-04,47.75,Paid,2025-11-18,
INV-73086,REQ-43525,RQ-109,Hudson Valley Injury Law,Meridian Auto & Home,2025-11-11,49.15,Paid,2025-11-16,
INV-73087,REQ-43526,RQ-127,Pioneer Standard Insurance,Meridian Auto & Home,2025-12-01,38.30,Open,,
INV-73088,REQ-43527,RQ-101,Morrison & Pratt LLP,Meridian Auto & Home,2025-11-20,82.40,Open,,
INV-73089,REQ-43528,RQ-127,Pioneer Standard Insurance,Meridian Auto & Home,2025-11-27,41.10,Open,,
INV-73090,REQ-43529,RQ-125,ClearPath Records,Meridian Auto & Home,2025-11-14,50.55,Open,,
INV-73091,REQ-43530,RQ-130,Sterling Auto Insurance,Meridian Auto & Home,2025-11-19,43.90,Paid,2025-12-04,
INV-73092,REQ-43531,RQ-127,Pioneer Standard Insurance,Meridian Auto & Home,2025-11-06,86.60,Paid,2025-11-18,
INV-73093,REQ-43532,RQ-106,Ostrowski Legal,Meridian Auto & Home,2025-11-11,96.40,Paid,2025-11-23,
INV-73094,REQ-43533,RQ-123,DocuTrace Services,Meridian Auto & Home,2025-11-14,58.60,Paid,2025-11-18,
INV-73095,REQ-43534,RQ-127,Pioneer Standard Insurance,Meridian Auto & Home,2025-11-13,84.50,Open,,
INV-73096,REQ-43535,RQ-101,Morrison & Pratt LLP,Meridian Auto & Home,2025-11-19,62.80,Open,,
INV-73097,REQ-43536,RQ-104,Whitcombe & Rao,Meridian Auto & Home,2025-11-25,92.20,Paid,2025-12-06,
INV-73098,REQ-43537,RQ-103,Kessler Injury Attorneys,Meridian Auto & Home,2025-11-20,81.70,Paid,2025-12-03,
INV-73099,REQ-43539,RQ-121,RecordPoint Retrieval,Meridian Auto & Home,2025-11-20,48.45,Paid,2025-12-07,
INV-73100,REQ-43540,RQ-126,Summit Chart Services,Meridian Auto & Home,2025-11-21,131.75,Paid,2025-12-07,
INV-73101,REQ-43541,RQ-121,RecordPoint Retrieval,Meridian Auto & Home,2025-11-12,49.50,Open,,
INV-73102,REQ-43542,RQ-121,RecordPoint Retrieval,Meridian Auto & Home,2025-11-28,54.40,Paid,2025-12-13,
INV-73103,REQ-43543,RQ-130,Sterling Auto Insurance,Meridian Auto & Home,2025-11-25,63.50,Paid,2025-12-05,
INV-73104,REQ-43544,RQ-117,Iverson Goldberg,Meridian Auto & Home,2025-11-13,165.70,Paid,2025-11-15,
INV-73105,REQ-43545,RQ-108,Salas Trial Lawyers,Meridian Auto & Home,2025-11-11,51.25,Paid,2025-11-14,
INV-73106,REQ-43546,RQ-121,RecordPoint Retrieval,Meridian Auto & Home,2025-11-25,55.80,Open,,
INV-73107,REQ-43547,RQ-101,Morrison & Pratt LLP,Atlas Comp Services,2025-12-03,76.10,Paid,2025-12-06,
INV-73108,REQ-43548,RQ-101,Morrison & Pratt LLP,Atlas Comp Services,2025-11-26,67.35,Cancelled,,Duplicate request
INV-73109,REQ-43550,RQ-125,ClearPath Records,Atlas Comp Services,2025-12-05,79.60,Paid,2025-12-18,
INV-73110,REQ-43551,RQ-114,Tate & Winslow,Atlas Comp Services,2025-11-27,134.90,Paid,2025-12-04,
INV-73111,REQ-43552,RQ-103,Kessler Injury Attorneys,Atlas Comp Services,2025-11-26,53.35,Paid,2025-11-29,
INV-73112,REQ-43553,RQ-116,Carver Moss LLP,Atlas Comp Services,2025-11-12,53.70,Open,,
INV-73113,REQ-43554,RQ-122,SwiftFile Records,Atlas Comp Services,2025-11-11,65.25,Open,,
INV-73114,REQ-43555,RQ-123,DocuTrace Services,Atlas Comp Services,2025-11-28,78.90,Paid,2025-12-13,
INV-73115,REQ-43556,RQ-101,Morrison & Pratt LLP,Atlas Comp Services,2025-11-25,82.05,Paid,2025-12-05,
INV-73116,REQ-43557,RQ-118,Pruitt Legal Group,Atlas Comp Services,2025-11-24,86.60,Paid,2025-12-05,
INV-73117,REQ-43558,RQ-120,Beaumont Stark,Atlas Comp Services,2025-11-25,65.95,Paid,2025-12-10,
INV-73118,REQ-43559,RQ-120,Beaumont Stark,Atlas Comp Services,2025-12-02,106.90,Paid,2025-12-11,
INV-73119,REQ-43560,RQ-111,Ferris Nguyen LLP,Atlas Comp Services,2025-11-10,68.40,Paid,2025-11-19,
INV-73120,REQ-43561,RQ-107,Park & Levine,Atlas Comp Services,2025-11-10,59.30,Paid,2025-11-20,
INV-73121,REQ-43562,RQ-111,Ferris Nguyen LLP,Atlas Comp Services,2025-11-14,108.65,Paid,2025-11-21,
INV-73122,REQ-43563,RQ-126,Summit Chart Services,Harborline Mutual Insurance,2025-12-08,34.80,Open,,
INV-73123,REQ-43564,RQ-122,SwiftFile Records,Harborline Mutual Insurance,2025-12-29,59.65,Open,,
INV-73124,REQ-43565,RQ-121,RecordPoint Retrieval,Harborline Mutual Insurance,2025-12-26,50.20,Open,,
INV-73125,REQ-43566,RQ-120,Beaumont Stark,Harborline Mutual Insurance,2025-12-26,49.15,Paid,2025-12-29,
INV-73126,REQ-43568,RQ-121,RecordPoint Retrieval,Harborline Mutual Insurance,2025-12-19,58.60,Open,,
INV-73127,REQ-43569,RQ-102,Delgado Law Group,Harborline Mutual Insurance,2025-12-26,155.55,Paid,2026-01-06,
INV-73128,REQ-43570,RQ-122,SwiftFile Records,Harborline Mutual Insurance,2025-12-09,50.55,Paid,2025-12-25,
INV-73129,REQ-43571,RQ-101,Morrison & Pratt LLP,Harborline Mutual Insurance,2025-12-15,102.00,Cancelled,,Duplicate request
INV-73130,REQ-43572,RQ-105,Brennan Hale PC,Harborline Mutual Insurance,2025-12-17,63.85,Paid,2025-12-27,
INV-73131,REQ-43573,RQ-108,Salas Trial Lawyers,Harborline Mutual Insurance,2025-12-18,67.00,Paid,2026-01-02,
INV-73132,REQ-43574,RQ-127,Pioneer Standard Insurance,Harborline Mutual Insurance,2025-12-11,71.90,Paid,2025-12-20,
INV-73133,REQ-43575,RQ-118,Pruitt Legal Group,Harborline Mutual Insurance,2025-12-31,75.40,Paid,2026-01-13,
INV-73134,REQ-43576,RQ-110,Marchetti & Cole,Harborline Mutual Insurance,2025-12-25,117.05,Paid,2025-12-29,
INV-73135,REQ-43577,RQ-113,Grayson Poole,Harborline Mutual Insurance,2026-01-01,102.35,Paid,2026-01-11,
INV-73136,REQ-43578,RQ-101,Morrison & Pratt LLP,Harborline Mutual Insurance,2025-12-22,78.20,Paid,2025-12-26,
INV-73137,REQ-43579,RQ-119,Quinlan & Ames,Harborline Mutual Insurance,2025-12-24,71.55,Paid,2025-12-28,
INV-73138,REQ-43581,RQ-112,Abernathy Law,Harborline Mutual Insurance,2025-12-29,157.30,Open,,
INV-73139,REQ-43584,RQ-123,DocuTrace Services,Harborline Mutual Insurance,2025-12-05,82.40,Paid,2025-12-22,
INV-73140,REQ-43586,RQ-121,RecordPoint Retrieval,Harborline Mutual Insurance,2025-12-09,46.70,Open,,
INV-73141,REQ-43587,RQ-111,Ferris Nguyen LLP,Harborline Mutual Insurance,2025-12-12,80.30,Paid,2025-12-21,
INV-73142,REQ-43588,RQ-128,Lakeside Mutual,Harborline Mutual Insurance,2025-12-12,43.90,Paid,2025-12-23,
INV-73143,REQ-43589,RQ-113,Grayson Poole,Harborline Mutual Insurance,2025-12-11,115.65,Paid,2025-12-24,
INV-73144,REQ-43590,RQ-110,Marchetti & Cole,Harborline Mutual Insurance,2026-01-01,42.85,Paid,2026-01-13,
INV-73145,REQ-43591,RQ-120,Beaumont Stark,Harborline Mutual Insurance,2025-12-11,63.85,Paid,2025-12-13,
INV-73146,REQ-43592,RQ-128,Lakeside Mutual,Harborline Mutual Insurance,2025-12-19,65.25,Cancelled,,Duplicate request
INV-73147,REQ-43593,RQ-116,Carver Moss LLP,Harborline Mutual Insurance,2025-12-09,53.70,Paid,2025-12-25,
INV-73148,REQ-43594,RQ-110,Marchetti & Cole,Harborline Mutual Insurance,2025-12-29,81.00,Paid,2026-01-04,
INV-73149,REQ-43595,RQ-101,Morrison & Pratt LLP,Harborline Mutual Insurance,2025-12-18,39.35,Paid,2026-01-01,
INV-73150,REQ-43596,RQ-126,Summit Chart Services,Harborline Mutual Insurance,2025-12-12,92.90,Paid,2025-12-18,
INV-73151,REQ-43597,RQ-111,Ferris Nguyen LLP,Harborline Mutual Insurance,2025-12-12,148.90,Paid,2025-12-30,
INV-73152,REQ-43600,RQ-121,RecordPoint Retrieval,Harborline Mutual Insurance,2025-12-15,74.35,Paid,2025-12-24,
INV-73153,REQ-43601,RQ-126,Summit Chart Services,Harborline Mutual Insurance,2025-12-29,152.40,Paid,2026-01-02,
INV-73154,REQ-43602,RQ-124,Keystone Record Retrieval,Harborline Mutual Insurance,2025-12-11,39.00,Paid,2025-12-19,
INV-73155,REQ-43603,RQ-121,RecordPoint Retrieval,Harborline Mutual Insurance,2025-12-10,104.45,Paid,2025-12-23,
INV-73156,REQ-43604,RQ-106,Ostrowski Legal,Harborline Mutual Insurance,2025-12-29,94.30,Paid,2026-01-01,
INV-73157,REQ-43605,RQ-101,Morrison & Pratt LLP,Harborline Mutual Insurance,2025-12-18,47.40,Paid,2026-01-03,
INV-73158,REQ-43606,RQ-129,Evergreen Casualty,Harborline Mutual Insurance,2025-12-16,113.90,Paid,2025-12-25,
INV-73159,REQ-43607,RQ-115,Lindqvist Defense,Harborline Mutual Insurance,2025-12-22,77.15,Open,,
INV-73160,REQ-43608,RQ-120,Beaumont Stark,Harborline Mutual Insurance,2025-12-22,49.85,Cancelled,,Duplicate request
INV-73161,REQ-43609,RQ-117,Iverson Goldberg,Harborline Mutual Insurance,2025-12-08,55.45,Paid,2025-12-19,
INV-73162,REQ-43611,RQ-103,Kessler Injury Attorneys,Harborline Mutual Insurance,2025-12-24,109.35,Paid,2025-12-30,
INV-73163,REQ-43612,RQ-110,Marchetti & Cole,Harborline Mutual Insurance,2025-12-25,60.00,Paid,2026-01-01,
INV-73164,REQ-43613,RQ-125,ClearPath Records,Harborline Mutual Insurance,2025-12-12,56.85,Open,,
INV-73165,REQ-43614,RQ-104,Whitcombe & Rao,Harborline Mutual Insurance,2025-12-19,71.20,Paid,2025-12-30,
INV-73166,REQ-43615,RQ-127,Pioneer Standard Insurance,Harborline Mutual Insurance,2025-12-22,131.75,Paid,2026-01-06,
INV-73167,REQ-43616,RQ-101,Morrison & Pratt LLP,Harborline Mutual Insurance,2025-12-31,57.55,Paid,2026-01-17,
INV-73168,REQ-43617,RQ-106,Ostrowski Legal,Harborline Mutual Insurance,2025-12-08,47.05,Paid,2025-12-25,
INV-73169,REQ-43618,RQ-118,Pruitt Legal Group,Harborline Mutual Insurance,2025-12-18,68.40,Paid,2025-12-29,
INV-73170,REQ-43619,RQ-123,DocuTrace Services,Harborline Mutual Insurance,2025-12-09,69.10,Open,,
INV-73171,REQ-43621,RQ-108,Salas Trial Lawyers,Granite Shield Insurance,2025-12-23,58.60,Paid,2026-01-10,
INV-73172,REQ-43622,RQ-130,Sterling Auto Insurance,Granite Shield Insurance,2025-12-08,37.95,Paid,2025-12-19,
INV-73173,REQ-43624,RQ-120,Beaumont Stark,Granite Shield Insurance,2025-12-24,101.30,Paid,2026-01-09,
INV-73174,REQ-43625,RQ-110,Marchetti & Cole,Granite Shield Insurance,2025-12-17,76.45,Paid,2025-12-19,
INV-73175,REQ-43626,RQ-111,Ferris Nguyen LLP,Granite Shield Insurance,2026-01-06,71.90,Paid,2026-01-23,
INV-73176,REQ-43627,RQ-120,Beaumont Stark,Granite Shield Insurance,2025-12-29,78.55,Open,,
INV-73177,REQ-43628,RQ-107,Park & Levine,Granite Shield Insurance,2025-12-19,86.60,Paid,2025-12-29,
INV-73178,REQ-43629,RQ-121,RecordPoint Retrieval,Granite Shield Insurance,2025-12-17,60.35,Paid,2025-12-30,
INV-73179,REQ-43630,RQ-122,SwiftFile Records,Granite Shield Insurance,2025-12-16,178.65,Paid,2025-12-30,
INV-73180,REQ-43631,RQ-106,Ostrowski Legal,Granite Shield Insurance,2025-12-08,47.05,Paid,2025-12-17,
INV-73181,REQ-43632,RQ-109,Hudson Valley Injury Law,Granite Shield Insurance,2025-12-15,48.10,Paid,2025-12-25,
INV-73182,REQ-43633,RQ-122,SwiftFile Records,Granite Shield Insurance,2026-01-05,47.75,Paid,2026-01-07,
INV-73183,REQ-43634,RQ-121,RecordPoint Retrieval,Granite Shield Insurance,2025-12-25,33.05,Paid,2026-01-01,
INV-73184,REQ-43635,RQ-108,Salas Trial Lawyers,Granite Shield Insurance,2025-12-08,105.85,Cancelled,,Duplicate request
INV-73185,REQ-43636,RQ-123,DocuTrace Services,Granite Shield Insurance,2025-12-25,58.95,Paid,2026-01-10,
INV-73186,REQ-43637,RQ-123,DocuTrace Services,Granite Shield Insurance,2025-12-23,121.95,Paid,2026-01-09,
INV-73187,REQ-43638,RQ-124,Keystone Record Retrieval,Granite Shield Insurance,2025-12-15,54.75,Paid,2026-01-02,
INV-73188,REQ-43639,RQ-113,Grayson Poole,Granite Shield Insurance,2026-01-02,42.15,Paid,2026-01-09,
INV-73189,REQ-43640,RQ-113,Grayson Poole,Granite Shield Insurance,2026-01-01,77.50,Paid,2026-01-17,
INV-73190,REQ-43641,RQ-117,Iverson Goldberg,Granite Shield Insurance,2025-12-08,150.65,Paid,2025-12-17,
INV-73191,REQ-43642,RQ-101,Morrison & Pratt LLP,Granite Shield Insurance,2025-12-12,58.95,Paid,2025-12-25,
INV-73192,REQ-43643,RQ-127,Pioneer Standard Insurance,Granite Shield Insurance,2025-12-04,66.65,Cancelled,,No records found
INV-73193,REQ-43644,RQ-118,Pruitt Legal Group,Granite Shield Insurance,2026-01-06,89.75,Paid,2026-01-23,
INV-73194,REQ-43645,RQ-108,Salas Trial Lawyers,Granite Shield Insurance,2025-12-08,66.30,Paid,2025-12-13,
INV-73195,REQ-43646,RQ-126,Summit Chart Services,Granite Shield Insurance,2026-01-07,59.30,Open,,
INV-73196,REQ-43647,RQ-123,DocuTrace Services,Granite Shield Insurance,2026-01-02,55.80,Paid,2026-01-10,
INV-73197,REQ-43648,RQ-126,Summit Chart Services,Granite Shield Insurance,2025-12-26,59.65,Open,,
INV-73198,REQ-43649,RQ-108,Salas Trial Lawyers,Granite Shield Insurance,2025-12-29,87.30,Paid,2026-01-01,
INV-73199,REQ-43651,RQ-113,Grayson Poole,Granite Shield Insurance,2025-12-30,62.80,Open,,
INV-73200,REQ-43652,RQ-121,RecordPoint Retrieval,Granite Shield Insurance,2026-01-05,51.95,Open,,
INV-73201,REQ-43653,RQ-117,Iverson Goldberg,Granite Shield Insurance,2025-12-26,87.65,Paid,2026-01-04,
INV-73202,REQ-43654,RQ-105,Brennan Hale PC,Granite Shield Insurance,2025-12-30,63.50,Paid,2026-01-08,
INV-73203,REQ-43655,RQ-114,Tate & Winslow,Granite Shield Insurance,2025-12-04,100.25,Paid,2025-12-18,
INV-73204,REQ-43656,RQ-114,Tate & Winslow,Granite Shield Insurance,2025-12-12,71.90,Cancelled,,Duplicate request
INV-73205,REQ-43657,RQ-129,Evergreen Casualty,Granite Shield Insurance,2025-12-23,59.30,Paid,2025-12-26,
INV-73206,REQ-43658,RQ-119,Quinlan & Ames,Granite Shield Insurance,2025-12-19,63.85,Paid,2025-12-26,
INV-73207,REQ-43659,RQ-122,SwiftFile Records,Keystone Auto Group,2025-12-11,67.35,Paid,2025-12-24,
INV-73208,REQ-43660,RQ-101,Morrison & Pratt LLP,Keystone Auto Group,2025-12-15,60.35,Paid,2025-12-26,
INV-73209,REQ-43661,RQ-108,Salas Trial Lawyers,Keystone Auto Group,2026-01-05,90.10,Open,,
INV-73210,REQ-43662,RQ-124,Keystone Record Retrieval,Keystone Auto Group,2025-12-05,51.60,Paid,2025-12-08,
INV-73211,REQ-43663,RQ-118,Pruitt Legal Group,Keystone Auto Group,2025-12-18,65.60,Paid,2026-01-05,
INV-73212,REQ-43664,RQ-125,ClearPath Records,Keystone Auto Group,2025-12-26,76.80,Paid,2026-01-05,
INV-73213,REQ-43665,RQ-122,SwiftFile Records,Keystone Auto Group,2026-01-02,142.25,Paid,2026-01-16,
INV-73214,REQ-43666,RQ-107,Park & Levine,Keystone Auto Group,2025-12-15,68.75,Paid,2026-01-01,
INV-73215,REQ-43667,RQ-104,Whitcombe & Rao,Keystone Auto Group,2025-12-11,51.25,Paid,2025-12-13,
INV-73216,REQ-43668,RQ-121,RecordPoint Retrieval,Keystone Auto Group,2025-12-25,72.60,Paid,2025-12-31,
INV-73217,REQ-43669,RQ-120,Beaumont Stark,Keystone Auto Group,2025-12-26,46.70,Paid,2026-01-04,
INV-73218,REQ-43671,RQ-126,Summit Chart Services,Keystone Auto Group,2026-01-05,85.90,Paid,2026-01-12,
INV-73219,REQ-43672,RQ-118,Pruitt Legal Group,Keystone Auto Group,2025-12-18,103.75,Paid,2025-12-23,
INV-73220,REQ-43673,RQ-105,Brennan Hale PC,Keystone Auto Group,2025-12-10,99.90,Paid,2025-12-22,
INV-73221,REQ-43675,RQ-123,DocuTrace Services,Keystone Auto Group,2026-01-02,38.65,Paid,2026-01-18,
INV-73222,REQ-43676,RQ-123,DocuTrace Services,Keystone Auto Group,2025-12-24,48.45,Paid,2026-01-08,
INV-73223,REQ-43677,RQ-121,RecordPoint Retrieval,Keystone Auto Group,2026-01-01,101.30,Paid,2026-01-18,
INV-73224,REQ-43678,RQ-120,Beaumont Stark,Keystone Auto Group,2025-12-19,132.80,Paid,2025-12-28,
INV-73225,REQ-43679,RQ-121,RecordPoint Retrieval,Keystone Auto Group,2025-12-10,76.80,Paid,2025-12-15,
INV-73226,REQ-43680,RQ-122,SwiftFile Records,Keystone Auto Group,2025-12-03,56.15,Open,,
INV-73227,REQ-43681,RQ-105,Brennan Hale PC,Keystone Auto Group,2025-12-24,86.25,Paid,2025-12-31,
INV-73228,REQ-43682,RQ-108,Salas Trial Lawyers,Keystone Auto Group,2025-12-05,89.05,Paid,2025-12-18,
INV-73229,REQ-43683,RQ-120,Beaumont Stark,Keystone Auto Group,2025-12-18,93.25,Paid,2025-12-26,
INV-73230,REQ-43684,RQ-120,Beaumont Stark,Keystone Auto Group,2025-12-29,67.35,Cancelled,,Request withdrawn
INV-73231,REQ-43685,RQ-124,Keystone Record Retrieval,Keystone Auto Group,2025-12-30,65.60,Paid,2026-01-10,
INV-73232,REQ-43686,RQ-126,Summit Chart Services,Keystone Auto Group,2025-12-25,49.85,Paid,2026-01-05,
INV-73233,REQ-43687,RQ-121,RecordPoint Retrieval,Keystone Auto Group,2025-12-31,90.80,Open,,
INV-73234,REQ-43688,RQ-121,RecordPoint Retrieval,Keystone Auto Group,2025-12-24,58.95,Paid,2026-01-08,
INV-73235,REQ-43689,RQ-106,Ostrowski Legal,Keystone Auto Group,2026-01-05,44.95,Paid,2026-01-21,
INV-73236,REQ-43690,RQ-101,Morrison & Pratt LLP,Keystone Auto Group,2026-01-06,114.25,Cancelled,,Duplicate request
INV-73237,REQ-43691,RQ-121,RecordPoint Retrieval,Keystone Auto Group,2025-12-18,92.90,Paid,2025-12-29,
INV-73238,REQ-43692,RQ-121,RecordPoint Retrieval,Keystone Auto Group,2025-12-22,57.90,Paid,2025-12-28,
INV-73239,REQ-43693,RQ-112,Abernathy Law,Keystone Auto Group,2025-12-18,156.95,Paid,2025-12-24,
INV-73240,REQ-43694,RQ-118,Pruitt Legal Group,Keystone Auto Group,2025-12-03,115.30,Cancelled,,Duplicate request
INV-73241,REQ-43695,RQ-122,SwiftFile Records,Keystone Auto Group,2025-12-12,135.95,Paid,2025-12-16,
INV-73242,REQ-43697,RQ-121,RecordPoint Retrieval,Tri-County Workers' Comp Fund,2025-12-30,54.05,Paid,2026-01-06,
INV-73243,REQ-43698,RQ-112,Abernathy Law,Tri-County Workers' Comp Fund,2025-12-31,64.90,Paid,2026-01-17,
INV-73244,REQ-43699,RQ-107,Park & Levine,Tri-County Workers' Comp Fund,2025-12-18,73.65,Paid,2025-12-23,
INV-73245,REQ-43700,RQ-122,SwiftFile Records,Tri-County Workers' Comp Fund,2025-12-08,46.70,Paid,2025-12-20,
INV-73246,REQ-43701,RQ-105,Brennan Hale PC,Tri-County Workers' Comp Fund,2026-01-01,88.70,Open,,
INV-73247,REQ-43703,RQ-115,Lindqvist Defense,Tri-County Workers' Comp Fund,2025-12-30,59.30,Paid,2026-01-12,
INV-73248,REQ-43704,RQ-101,Morrison & Pratt LLP,Tri-County Workers' Comp Fund,2025-12-29,39.35,Paid,2025-12-31,
INV-73249,REQ-43705,RQ-124,Keystone Record Retrieval,Tri-County Workers' Comp Fund,2025-12-11,96.75,Open,,
INV-73250,REQ-43707,RQ-126,Summit Chart Services,Tri-County Workers' Comp Fund,2026-01-01,71.90,Paid,2026-01-11,
INV-73251,REQ-43708,RQ-127,Pioneer Standard Insurance,Tri-County Workers' Comp Fund,2025-12-15,91.50,Paid,2025-12-28,
INV-73252,REQ-43711,RQ-120,Beaumont Stark,Tri-County Workers' Comp Fund,2025-12-22,131.75,Open,,
INV-73253,REQ-43713,RQ-113,Grayson Poole,Tri-County Workers' Comp Fund,2025-12-08,62.45,Paid,2025-12-22,
INV-73254,REQ-43715,RQ-127,Pioneer Standard Insurance,Tri-County Workers' Comp Fund,2025-12-11,62.45,Paid,2025-12-16,
INV-73255,REQ-43716,RQ-103,Kessler Injury Attorneys,Tri-County Workers' Comp Fund,2025-12-09,48.10,Paid,2025-12-11,
INV-73256,REQ-43717,RQ-118,Pruitt Legal Group,Tri-County Workers' Comp Fund,2025-12-08,326.00,Paid,2025-12-18,
INV-73257,REQ-43718,RQ-101,Morrison & Pratt LLP,Tri-County Workers' Comp Fund,2025-12-24,65.95,Paid,2025-12-31,
INV-73258,REQ-43719,RQ-110,Marchetti & Cole,Tri-County Workers' Comp Fund,2025-12-25,54.40,Paid,2026-01-09,
INV-73259,REQ-43720,RQ-123,DocuTrace Services,Tri-County Workers' Comp Fund,2025-12-30,57.20,Open,,
INV-73260,REQ-43722,RQ-104,Whitcombe & Rao,Beacon Casualty Company,2025-12-15,61.75,Paid,2025-12-27,
INV-73261,REQ-43724,RQ-124,Keystone Record Retrieval,Beacon Casualty Company,2025-12-16,115.65,Paid,2025-12-28,
INV-73262,REQ-43725,RQ-101,Morrison & Pratt LLP,Beacon Casualty Company,2025-12-12,85.90,Paid,2025-12-22,
INV-73263,REQ-43726,RQ-117,Iverson Goldberg,Beacon Casualty Company,2025-12-22,75.40,Paid,2026-01-07,
INV-73264,REQ-43727,RQ-122,SwiftFile Records,Beacon Casualty Company,2025-12-25,76.80,Paid,2026-01-03,
INV-73265,REQ-43728,RQ-102,Delgado Law Group,Beacon Casualty Company,2025-12-25,65.25,Paid,2026-01-03,
INV-73266,REQ-43729,RQ-102,Delgado Law Group,Beacon Casualty Company,2025-12-09,92.55,Paid,2025-12-20,
INV-73267,REQ-43730,RQ-119,Quinlan & Ames,Beacon Casualty Company,2025-12-18,78.90,Cancelled,,No records found
INV-73268,REQ-43731,RQ-110,Marchetti & Cole,Beacon Casualty Company,2025-12-18,37.95,Open,,
INV-73269,REQ-43733,RQ-108,Salas Trial Lawyers,Beacon Casualty Company,2025-12-19,112.15,Paid,2025-12-21,
INV-73270,REQ-43734,RQ-130,Sterling Auto Insurance,Beacon Casualty Company,2025-12-23,44.95,Paid,2026-01-06,
INV-73271,REQ-43735,RQ-121,RecordPoint Retrieval,Beacon Casualty Company,2026-01-05,47.40,Paid,2026-01-20,
INV-73272,REQ-43736,RQ-107,Park & Levine,Beacon Casualty Company,2025-12-10,79.25,Paid,2025-12-23,
INV-73273,REQ-43737,RQ-126,Summit Chart Services,Beacon Casualty Company,2025-12-15,120.55,Paid,2026-01-02,
INV-73274,REQ-43738,RQ-129,Evergreen Casualty,Beacon Casualty Company,2025-12-26,95.00,Paid,2025-12-31,
INV-73275,REQ-43739,RQ-125,ClearPath Records,Beacon Casualty Company,2025-12-25,39.35,Paid,2025-12-28,
INV-73276,REQ-43741,RQ-103,Kessler Injury Attorneys,Beacon Casualty Company,2025-12-08,68.75,Paid,2025-12-11,
INV-73277,REQ-43742,RQ-109,Hudson Valley Injury Law,Beacon Casualty Company,2025-12-25,62.45,Paid,2025-12-27,
INV-73278,REQ-43744,RQ-126,Summit Chart Services,Beacon Casualty Company,2025-12-29,37.95,Paid,2026-01-11,
INV-73279,REQ-43745,RQ-118,Pruitt Legal Group,Beacon Casualty Company,2025-12-11,41.10,Paid,2025-12-20,
INV-73280,REQ-43746,RQ-121,RecordPoint Retrieval,Beacon Casualty Company,2026-01-02,84.85,Open,,
INV-73281,REQ-43748,RQ-117,Iverson Goldberg,Beacon Casualty Company,2025-12-24,57.90,Paid,2026-01-04,
INV-73282,REQ-43750,RQ-123,DocuTrace Services,Beacon Casualty Company,2025-12-29,72.60,Paid,2026-01-08,
INV-73283,REQ-43751,RQ-106,Ostrowski Legal,Beacon Casualty Company,2026-01-01,32.35,Paid,2026-01-17,
INV-73284,REQ-43752,RQ-125,ClearPath Records,Beacon Casualty Company,2025-12-15,57.20,Paid,2025-12-23,
INV-73285,REQ-43753,RQ-111,Ferris Nguyen LLP,Northfork Insurance Co.,2026-01-01,70.15,Paid,2026-01-11,
INV-73286,REQ-43754,RQ-121,RecordPoint Retrieval,Northfork Insurance Co.,2025-12-16,59.30,Paid,2026-01-02,
INV-73287,REQ-43755,RQ-104,Whitcombe & Rao,Northfork Insurance Co.,2025-12-12,52.30,Paid,2025-12-27,
INV-73288,REQ-43756,RQ-121,RecordPoint Retrieval,Northfork Insurance Co.,2025-12-29,66.65,Open,,
INV-73289,REQ-43757,RQ-121,RecordPoint Retrieval,Northfork Insurance Co.,2025-12-08,64.90,Open,,
INV-73290,REQ-43758,RQ-111,Ferris Nguyen LLP,Northfork Insurance Co.,2025-12-29,46.00,Paid,2026-01-11,
INV-73291,REQ-43760,RQ-101,Morrison & Pratt LLP,Northfork Insurance Co.,2025-12-08,167.80,Paid,2025-12-23,
INV-73292,REQ-43761,RQ-127,Pioneer Standard Insurance,Northfork Insurance Co.,2025-12-15,88.00,Paid,2025-12-29,
INV-73293,REQ-43763,RQ-122,SwiftFile Records,Northfork Insurance Co.,2025-12-05,105.15,Paid,2025-12-07,
INV-73294,REQ-43764,RQ-116,Carver Moss LLP,Northfork Insurance Co.,2025-12-19,65.60,Paid,2025-12-22,
INV-73295,REQ-43765,RQ-106,Ostrowski Legal,Northfork Insurance Co.,2025-12-29,98.15,Paid,2026-01-14,
INV-73296,REQ-43766,RQ-110,Marchetti & Cole,Northfork Insurance Co.,2025-12-10,42.15,Paid,2025-12-26,
INV-73297,REQ-43767,RQ-120,Beaumont Stark,Northfork Insurance Co.,2025-12-12,142.95,Paid,2025-12-25,
INV-73298,REQ-43768,RQ-129,Evergreen Casualty,Northfork Insurance Co.,2025-12-16,46.70,Paid,2026-01-01,
INV-73299,REQ-43769,RQ-121,RecordPoint Retrieval,Northfork Insurance Co.,2025-12-26,86.60,Paid,2026-01-01,
INV-73300,REQ-43770,RQ-107,Park & Levine,Northfork Insurance Co.,2025-12-26,106.90,Paid,2026-01-08,
INV-73301,REQ-43772,RQ-122,SwiftFile Records,Northfork Insurance Co.,2026-01-02,96.75,Open,,
INV-73302,REQ-43773,RQ-110,Marchetti & Cole,Northfork Insurance Co.,2025-12-30,51.95,Paid,2026-01-05,
INV-73303,REQ-43774,RQ-114,Tate & Winslow,Northfork Insurance Co.,2025-12-16,82.40,Paid,2025-12-30,
INV-73304,REQ-43775,RQ-122,SwiftFile Records,Northfork Insurance Co.,2025-12-24,115.65,Paid,2026-01-03,
INV-73305,REQ-43776,RQ-120,Beaumont Stark,Meridian Auto & Home,2025-12-17,88.70,Paid,2025-12-27,
INV-73306,REQ-43777,RQ-125,ClearPath Records,Meridian Auto & Home,2025-12-18,63.85,Paid,2025-12-30,
INV-73307,REQ-43778,RQ-126,Summit Chart Services,Meridian Auto & Home,2025-12-08,102.70,Paid,2025-12-21,
INV-73308,REQ-43779,RQ-107,Park & Levine,Meridian Auto & Home,2025-12-22,97.45,Cancelled,,Request withdrawn
INV-73309,REQ-43780,RQ-121,RecordPoint Retrieval,Meridian Auto & Home,2025-12-26,41.45,Open,,
INV-73310,REQ-43781,RQ-121,RecordPoint Retrieval,Meridian Auto & Home,2025-12-23,70.15,Open,,
INV-73311,REQ-43782,RQ-121,RecordPoint Retrieval,Meridian Auto & Home,2025-12-19,44.95,Paid,2025-12-31,
INV-73312,REQ-43783,RQ-101,Morrison & Pratt LLP,Meridian Auto & Home,2025-12-22,57.90,Paid,2025-12-27,
INV-73313,REQ-43784,RQ-118,Pruitt Legal Group,Meridian Auto & Home,2025-12-30,49.15,Paid,2026-01-09,
INV-73314,REQ-43785,RQ-121,RecordPoint Retrieval,Meridian Auto & Home,2025-12-24,84.85,Open,,
INV-73315,REQ-43786,RQ-111,Ferris Nguyen LLP,Meridian Auto & Home,2025-12-18,104.80,Paid,2025-12-20,
INV-73316,REQ-43787,RQ-108,Salas Trial Lawyers,Meridian Auto & Home,2025-12-05,41.10,Paid,2025-12-15,
INV-73317,REQ-43788,RQ-120,Beaumont Stark,Meridian Auto & Home,2025-12-24,44.60,Paid,2026-01-07,
INV-73318,REQ-43789,RQ-112,Abernathy Law,Meridian Auto & Home,2025-12-10,172.35,Paid,2025-12-17,
INV-73319,REQ-43790,RQ-121,RecordPoint Retrieval,Meridian Auto & Home,2025-12-09,46.70,Open,,
INV-73320,REQ-43791,RQ-118,Pruitt Legal Group,Meridian Auto & Home,2025-12-24,99.90,Open,,
INV-73321,REQ-43792,RQ-112,Abernathy Law,Meridian Auto & Home,2025-12-17,67.35,Paid,2025-12-31,
INV-73322,REQ-43793,RQ-108,Salas Trial Lawyers,Meridian Auto & Home,2025-12-22,77.50,Paid,2026-01-08,
INV-73323,REQ-43795,RQ-108,Salas Trial Lawyers,Meridian Auto & Home,2025-12-10,151.00,Paid,2025-12-16,
INV-73324,REQ-43796,RQ-101,Morrison & Pratt LLP,Meridian Auto & Home,2025-12-24,75.05,Paid,2026-01-07,
INV-73325,REQ-43797,RQ-121,RecordPoint Retrieval,Meridian Auto & Home,2025-12-16,105.15,Open,,
INV-73326,REQ-43798,RQ-126,Summit Chart Services,Atlas Comp Services,2025-12-17,67.35,Paid,2026-01-03,
INV-73327,REQ-43799,RQ-121,RecordPoint Retrieval,Atlas Comp Services,2026-01-01,50.90,Paid,2026-01-14,
INV-73328,REQ-43800,RQ-121,RecordPoint Retrieval,Atlas Comp Services,2025-12-11,54.05,Paid,2025-12-21,
INV-73329,REQ-43801,RQ-114,Tate & Winslow,Atlas Comp Services,2026-01-06,89.05,Paid,2026-01-11,
INV-73330,REQ-43802,RQ-115,Lindqvist Defense,Atlas Comp Services,2025-12-16,154.50,Open,,
INV-73331,REQ-43805,RQ-105,Brennan Hale PC,Atlas Comp Services,2026-01-05,53.35,Paid,2026-01-14,
INV-73332,REQ-43807,RQ-114,Tate & Winslow,Atlas Comp Services,2026-01-07,76.10,Paid,2026-01-20,
INV-73333,REQ-43808,RQ-126,Summit Chart Services,Atlas Comp Services,2025-12-17,133.50,Paid,2026-01-01,
INV-73334,REQ-43809,RQ-122,SwiftFile Records,Atlas Comp Services,2025-12-18,49.15,Paid,2025-12-24,
INV-73335,REQ-43810,RQ-108,Salas Trial Lawyers,Atlas Comp Services,2025-12-30,48.10,Paid,2026-01-06,
INV-73336,REQ-43811,RQ-119,Quinlan & Ames,Atlas Comp Services,2025-12-18,45.65,Paid,2025-12-27,
INV-73337,REQ-43812,RQ-122,SwiftFile Records,Atlas Comp Services,2026-01-06,47.75,Open,,
INV-73338,REQ-43813,RQ-121,RecordPoint Retrieval,Atlas Comp Services,2025-12-26,63.85,Open,,
INV-73339,REQ-43814,RQ-130,Sterling Auto Insurance,Atlas Comp Services,2025-12-17,55.45,Paid,2025-12-23,
INV-73340,REQ-43816,RQ-121,RecordPoint Retrieval,Harborline Mutual Insurance,2026-01-12,63.15,Paid,2026-01-27,
INV-73341,REQ-43817,RQ-122,SwiftFile Records,Harborline Mutual Insurance,2026-01-08,130.35,Paid,2026-01-13,
INV-73342,REQ-43818,RQ-108,Salas Trial Lawyers,Harborline Mutual Insurance,2026-01-22,179.70,Paid,2026-01-27,
INV-73343,REQ-43819,RQ-117,Iverson Goldberg,Harborline Mutual Insurance,2026-02-03,167.80,Paid,2026-02-14,
INV-73344,REQ-43820,RQ-107,Park & Levine,Harborline Mutual Insurance,2026-01-14,75.40,Open,,
INV-73345,REQ-43821,RQ-111,Ferris Nguyen LLP,Harborline Mutual Insurance,2026-01-23,106.55,Paid,2026-02-08,
INV-73346,REQ-43822,RQ-121,RecordPoint Retrieval,Harborline Mutual Insurance,2026-01-16,48.45,Paid,2026-01-27,
INV-73347,REQ-43823,RQ-124,Keystone Record Retrieval,Harborline Mutual Insurance,2026-01-14,48.80,Paid,2026-01-26,
INV-73348,REQ-43824,RQ-130,Sterling Auto Insurance,Harborline Mutual Insurance,2026-01-09,102.00,Paid,2026-01-24,
INV-73349,REQ-43825,RQ-101,Morrison & Pratt LLP,Harborline Mutual Insurance,2026-01-27,49.15,Paid,2026-02-13,
INV-73350,REQ-43826,RQ-128,Lakeside Mutual,Harborline Mutual Insurance,2026-01-16,91.50,Paid,2026-01-25,
INV-73351,REQ-43827,RQ-128,Lakeside Mutual,Harborline Mutual Insurance,2026-01-09,50.55,Paid,2026-01-22,
INV-73352,REQ-43828,RQ-108,Salas Trial Lawyers,Harborline Mutual Insurance,2026-01-14,75.05,Open,,
INV-73353,REQ-43829,RQ-110,Marchetti & Cole,Harborline Mutual Insurance,2026-01-20,44.25,Open,,
INV-73354,REQ-43830,RQ-118,Pruitt Legal Group,Harborline Mutual Insurance,2026-01-08,75.40,Cancelled,,No records found
INV-73355,REQ-43831,RQ-113,Grayson Poole,Harborline Mutual Insurance,2026-01-09,47.05,Open,,
INV-73356,REQ-43832,RQ-121,RecordPoint Retrieval,Harborline Mutual Insurance,2026-01-16,168.50,Paid,2026-02-03,
INV-73357,REQ-43833,RQ-102,Delgado Law Group,Harborline Mutual Insurance,2026-01-12,37.95,Cancelled,,Request withdrawn
INV-73358,REQ-43834,RQ-101,Morrison & Pratt LLP,Harborline Mutual Insurance,2026-01-16,65.25,Paid,2026-01-27,
INV-73359,REQ-43836,RQ-121,RecordPoint Retrieval,Harborline Mutual Insurance,2026-01-23,102.35,Paid,2026-02-01,
INV-73360,REQ-43837,RQ-128,Lakeside Mutual,Harborline Mutual Insurance,2026-01-13,80.65,Paid,2026-01-30,
INV-73361,REQ-43838,RQ-113,Grayson Poole,Harborline Mutual Insurance,2026-01-02,49.50,Cancelled,,Duplicate request
INV-73362,REQ-43840,RQ-125,ClearPath Records,Harborline Mutual Insurance,2026-01-28,45.30,Paid,2026-02-13,
INV-73363,REQ-43841,RQ-106,Ostrowski Legal,Harborline Mutual Insurance,2026-01-29,72.60,Paid,2026-02-10,
INV-73364,REQ-43842,RQ-128,Lakeside Mutual,Harborline Mutual Insurance,2026-01-16,81.00,Paid,2026-01-31,
INV-73365,REQ-43843,RQ-128,Lakeside Mutual,Harborline Mutual Insurance,2026-01-21,44.60,Open,,
INV-73366,REQ-43844,RQ-101,Morrison & Pratt LLP,Harborline Mutual Insurance,2026-01-20,198.25,Paid,2026-01-23,
INV-73367,REQ-43845,RQ-123,DocuTrace Services,Harborline Mutual Insurance,2026-01-26,36.20,Open,,
INV-73368,REQ-43846,RQ-102,Delgado Law Group,Harborline Mutual Insurance,2026-01-07,141.20,Paid,2026-01-10,
INV-73369,REQ-43847,RQ-109,Hudson Valley Injury Law,Harborline Mutual Insurance,2026-01-29,50.20,Paid,2026-02-15,
INV-73370,REQ-43849,RQ-124,Keystone Record Retrieval,Harborline Mutual Insurance,2026-01-15,39.35,Paid,2026-01-31,
INV-73371,REQ-43850,RQ-125,ClearPath Records,Harborline Mutual Insurance,2026-01-23,49.85,Paid,2026-02-04,
INV-73372,REQ-43851,RQ-128,Lakeside Mutual,Harborline Mutual Insurance,2026-01-12,71.20,Paid,2026-01-26,
INV-73373,REQ-43852,RQ-106,Ostrowski Legal,Harborline Mutual Insurance,2026-01-08,67.35,Paid,2026-01-18,
INV-73374,REQ-43853,RQ-122,SwiftFile Records,Harborline Mutual Insurance,2026-01-16,65.95,Paid,2026-01-23,
INV-73375,REQ-43854,RQ-121,RecordPoint Retrieval,Harborline Mutual Insurance,2026-01-22,55.45,Paid,2026-02-07,
INV-73376,REQ-43855,RQ-130,Sterling Auto Insurance,Harborline Mutual Insurance,2026-01-08,81.70,Paid,2026-01-18,
INV-73377,REQ-43856,RQ-124,Keystone Record Retrieval,Harborline Mutual Insurance,2026-01-05,51.25,Paid,2026-01-19,
INV-73378,REQ-43858,RQ-121,RecordPoint Retrieval,Harborline Mutual Insurance,2026-02-05,116.35,Paid,2026-02-16,
INV-73379,REQ-43859,RQ-124,Keystone Record Retrieval,Harborline Mutual Insurance,2026-01-20,149.60,Paid,2026-02-04,
INV-73380,REQ-43860,RQ-102,Delgado Law Group,Harborline Mutual Insurance,2026-01-26,69.45,Paid,2026-02-03,
INV-73381,REQ-43861,RQ-114,Tate & Winslow,Harborline Mutual Insurance,2026-01-30,44.95,Paid,2026-02-12,
INV-73382,REQ-43862,RQ-121,RecordPoint Retrieval,Harborline Mutual Insurance,2026-01-08,69.45,Open,,
INV-73383,REQ-43863,RQ-108,Salas Trial Lawyers,Harborline Mutual Insurance,2026-01-14,68.75,Paid,2026-01-23,
INV-73384,REQ-43864,RQ-107,Park & Levine,Harborline Mutual Insurance,2026-01-19,78.55,Paid,2026-01-31,
INV-73385,REQ-43865,RQ-113,Grayson Poole,Harborline Mutual Insurance,2026-01-14,42.85,Paid,2026-01-30,
INV-73386,REQ-43866,RQ-102,Delgado Law Group,Harborline Mutual Insurance,2026-01-12,85.55,Paid,2026-01-20,
INV-73387,REQ-43868,RQ-101,Morrison & Pratt LLP,Harborline Mutual Insurance,2026-01-12,111.10,Paid,2026-01-27,
INV-73388,REQ-43869,RQ-101,Morrison & Pratt LLP,Harborline Mutual Insurance,2026-01-30,123.70,Cancelled,,Duplicate request
INV-73389,REQ-43870,RQ-116,Carver Moss LLP,Harborline Mutual Insurance,2026-01-13,48.80,Paid,2026-01-27,
INV-73390,REQ-43871,RQ-126,Summit Chart Services,Harborline Mutual Insurance,2026-01-22,47.75,Paid,2026-02-06,
INV-73391,REQ-43873,RQ-122,SwiftFile Records,Harborline Mutual Insurance,2026-01-14,95.70,Paid,2026-01-19,
INV-73392,REQ-43874,RQ-128,Lakeside Mutual,Harborline Mutual Insurance,2026-01-30,48.80,Paid,2026-02-16,
INV-73393,REQ-43875,RQ-125,ClearPath Records,Harborline Mutual Insurance,2026-01-19,72.60,Paid,2026-01-29,
INV-73394,REQ-43876,RQ-122,SwiftFile Records,Harborline Mutual Insurance,2026-01-14,93.60,Paid,2026-01-16,
INV-73395,REQ-43877,RQ-108,Salas Trial Lawyers,Harborline Mutual Insurance,2026-01-20,57.90,Paid,2026-01-22,
INV-73396,REQ-43878,RQ-112,Abernathy Law,Harborline Mutual Insurance,2026-01-20,72.95,Open,,
INV-73397,REQ-43881,RQ-115,Lindqvist Defense,Harborline Mutual Insurance,2026-01-09,46.35,Paid,2026-01-13,
INV-73398,REQ-43882,RQ-111,Ferris Nguyen LLP,Harborline Mutual Insurance,2026-02-02,43.55,Paid,2026-02-07,
INV-73399,REQ-43884,RQ-112,Abernathy Law,Harborline Mutual Insurance,2026-01-30,60.00,Open,,
INV-73400,REQ-43885,RQ-118,Pruitt Legal Group,Harborline Mutual Insurance,2026-02-03,151.70,Open,,
INV-73401,REQ-43887,RQ-108,Salas Trial Lawyers,Harborline Mutual Insurance,2026-01-06,76.10,Paid,2026-01-18,
INV-73402,REQ-43888,RQ-128,Lakeside Mutual,Harborline Mutual Insurance,2026-01-09,86.60,Paid,2026-01-25,
INV-73403,REQ-43889,RQ-110,Marchetti & Cole,Harborline Mutual Insurance,2026-01-12,181.80,Paid,2026-01-15,
INV-73404,REQ-43890,RQ-118,Pruitt Legal Group,Harborline Mutual Insurance,2026-01-20,64.90,Cancelled,,Duplicate request
INV-73405,REQ-43891,RQ-128,Lakeside Mutual,Harborline Mutual Insurance,2026-02-02,54.05,Paid,2026-02-11,
INV-73406,REQ-43893,RQ-107,Park & Levine,Harborline Mutual Insurance,2026-01-05,98.85,Paid,2026-01-08,
INV-73407,REQ-43894,RQ-112,Abernathy Law,Harborline Mutual Insurance,2026-01-16,82.05,Paid,2026-01-22,
INV-73408,REQ-43895,RQ-124,Keystone Record Retrieval,Harborline Mutual Insurance,2026-01-29,203.15,Paid,2026-02-01,
INV-73409,REQ-43896,RQ-129,Evergreen Casualty,Harborline Mutual Insurance,2026-01-27,179.70,Paid,2026-02-06,
INV-73410,REQ-43897,RQ-107,Park & Levine,Harborline Mutual Insurance,2026-01-15,113.55,Paid,2026-02-01,
INV-73411,REQ-43899,RQ-128,Lakeside Mutual,Harborline Mutual Insurance,2026-01-14,64.90,Paid,2026-01-31,
INV-73412,REQ-43900,RQ-121,RecordPoint Retrieval,Harborline Mutual Insurance,2026-01-13,93.60,Paid,2026-01-25,
INV-73413,REQ-43901,RQ-103,Kessler Injury Attorneys,Harborline Mutual Insurance,2026-01-15,70.15,Paid,2026-01-20,
INV-73414,REQ-43902,RQ-101,Morrison & Pratt LLP,Harborline Mutual Insurance,2026-01-08,75.75,Paid,2026-01-12,
INV-73415,REQ-43903,RQ-106,Ostrowski Legal,Harborline Mutual Insurance,2026-01-28,80.65,Paid,2026-02-07,
INV-73416,REQ-43904,RQ-102,Delgado Law Group,Harborline Mutual Insurance,2026-01-14,98.85,Paid,2026-01-20,
INV-73417,REQ-43905,RQ-129,Evergreen Casualty,Harborline Mutual Insurance,2026-01-09,57.55,Paid,2026-01-12,
INV-73418,REQ-43907,RQ-124,Keystone Record Retrieval,Harborline Mutual Insurance,2026-01-21,41.45,Open,,
INV-73419,REQ-43908,RQ-113,Grayson Poole,Harborline Mutual Insurance,2026-01-19,95.00,Cancelled,,No records found
INV-73420,REQ-43909,RQ-123,DocuTrace Services,Harborline Mutual Insurance,2026-01-16,94.65,Paid,2026-01-23,
INV-73421,REQ-43910,RQ-117,Iverson Goldberg,Harborline Mutual Insurance,2026-02-03,97.45,Paid,2026-02-16,
INV-73422,REQ-43912,RQ-125,ClearPath Records,Harborline Mutual Insurance,2026-01-22,55.45,Paid,2026-01-25,
INV-73423,REQ-43913,RQ-117,Iverson Goldberg,Harborline Mutual Insurance,2026-01-27,119.85,Paid,2026-02-13,
INV-73424,REQ-43914,RQ-121,RecordPoint Retrieval,Harborline Mutual Insurance,2026-01-12,103.05,Paid,2026-01-23,
INV-73425,REQ-43915,RQ-127,Pioneer Standard Insurance,Harborline Mutual Insurance,2026-02-03,72.95,Paid,2026-02-19,
INV-73426,REQ-43917,RQ-116,Carver Moss LLP,Harborline Mutual Insurance,2026-01-29,81.35,Paid,2026-02-08,
INV-73427,REQ-43918,RQ-122,SwiftFile Records,Harborline Mutual Insurance,2026-01-19,66.65,Open,,
INV-73428,REQ-43919,RQ-128,Lakeside Mutual,Harborline Mutual Insurance,2026-01-15,106.90,Paid,2026-01-29,
INV-73429,REQ-43920,RQ-122,SwiftFile Records,Harborline Mutual Insurance,2026-01-29,55.10,Paid,2026-02-10,
INV-73430,REQ-43921,RQ-110,Marchetti & Cole,Harborline Mutual Insurance,2026-01-29,81.00,Paid,2026-02-03,
INV-73431,REQ-43922,RQ-102,Delgado Law Group,Harborline Mutual Insurance,2026-01-12,79.60,Paid,2026-01-15,
INV-73432,REQ-43923,RQ-117,Iverson Goldberg,Harborline Mutual Insurance,2026-01-19,90.45,Paid,2026-02-05,
INV-73433,REQ-43924,RQ-108,Salas Trial Lawyers,Harborline Mutual Insurance,2026-01-16,85.20,Paid,2026-01-19,
INV-73434,REQ-43925,RQ-124,Keystone Record Retrieval,Harborline Mutual Insurance,2026-01-28,80.30,Cancelled,,Request withdrawn
INV-73435,REQ-43926,RQ-107,Park & Levine,Harborline Mutual Insurance,2026-01-22,49.85,Paid,2026-02-07,
INV-73436,REQ-43927,RQ-121,RecordPoint Retrieval,Harborline Mutual Insurance,2026-01-19,99.90,Paid,2026-01-28,
INV-73437,REQ-43928,RQ-126,Summit Chart Services,Harborline Mutual Insurance,2026-01-08,102.70,Paid,2026-01-17,
INV-73438,REQ-43929,RQ-109,Hudson Valley Injury Law,Harborline Mutual Insurance,2026-01-22,111.10,Paid,2026-02-01,
INV-73439,REQ-43930,RQ-114,Tate & Winslow,Harborline Mutual Insurance,2026-01-12,106.90,Paid,2026-01-25,
INV-73440,REQ-43932,RQ-101,Morrison & Pratt LLP,Harborline Mutual Insurance,2026-01-22,175.15,Paid,2026-02-06,
INV-73441,REQ-43933,RQ-121,RecordPoint Retrieval,Harborline Mutual Insurance,2026-01-29,101.30,Paid,2026-02-10,
INV-73442,REQ-43936,RQ-106,Ostrowski Legal,Granite Shield Insurance,2026-01-08,119.50,Paid,2026-01-19,
INV-73443,REQ-43938,RQ-105,Brennan Hale PC,Granite Shield Insurance,2026-01-27,78.55,Paid,2026-01-29,
INV-73444,REQ-43939,RQ-121,RecordPoint Retrieval,Granite Shield Insurance,2026-01-27,39.70,Paid,2026-02-10,
INV-73445,REQ-43940,RQ-112,Abernathy Law,Granite Shield Insurance,2026-01-23,250.05,Paid,2026-02-05,
INV-73446,REQ-43941,RQ-122,SwiftFile Records,Granite Shield Insurance,2026-02-02,67.35,Paid,2026-02-12,
INV-73447,REQ-43942,RQ-123,DocuTrace Services,Granite Shield Insurance,2026-01-07,52.30,Paid,2026-01-13,
INV-73448,REQ-43943,RQ-121,RecordPoint Retrieval,Granite Shield Insurance,2026-01-16,58.60,Cancelled,,Duplicate request
INV-73449,REQ-43944,RQ-121,RecordPoint Retrieval,Granite Shield Insurance,2026-01-23,68.75,Cancelled,,Duplicate request
INV-73450,REQ-43945,RQ-101,Morrison & Pratt LLP,Granite Shield Insurance,2026-02-02,89.05,Paid,2026-02-04,
INV-73451,REQ-43946,RQ-106,Ostrowski Legal,Granite Shield Insurance,2026-01-09,88.00,Paid,2026-01-11,
INV-73452,REQ-43947,RQ-121,RecordPoint Retrieval,Granite Shield Insurance,2026-01-27,225.55,Paid,2026-02-04,
INV-73453,REQ-43948,RQ-110,Marchetti & Cole,Granite Shield Insurance,2026-01-26,59.30,Paid,2026-02-05,
INV-73454,REQ-43949,RQ-107,Park & Levine,Granite Shield Insurance,2026-01-16,47.05,Open,,
INV-73455,REQ-43951,RQ-128,Lakeside Mutual,Granite Shield Insurance,2026-01-29,234.30,Paid,2026-02-15,
INV-73456,REQ-43952,RQ-111,Ferris Nguyen LLP,Granite Shield Insurance,2026-01-09,53.70,Paid,2026-01-16,
INV-73457,REQ-43954,RQ-123,DocuTrace Services,Granite Shield Insurance,2026-01-16,103.05,Paid,2026-01-18,
INV-73458,REQ-43956,RQ-121,RecordPoint Retrieval,Granite Shield Insurance,2026-01-12,154.50,Paid,2026-01-26,
INV-73459,REQ-43958,RQ-106,Ostrowski Legal,Granite Shield Insurance,2026-01-19,69.10,Paid,2026-02-02,
INV-73460,REQ-43959,RQ-123,DocuTrace Services,Granite Shield Insurance,2026-01-21,61.40,Open,,
INV-73461,REQ-43961,RQ-103,Kessler Injury Attorneys,Granite Shield Insurance,2026-01-20,49.50,Paid,2026-02-06,
INV-73462,REQ-43962,RQ-119,Quinlan & Ames,Granite Shield Insurance,2026-01-14,92.90,Paid,2026-01-22,
INV-73463,REQ-43963,RQ-112,Abernathy Law,Granite Shield Insurance,2026-01-28,49.50,Paid,2026-02-08,
INV-73464,REQ-43964,RQ-121,RecordPoint Retrieval,Granite Shield Insurance,2026-02-05,87.65,Paid,2026-02-08,
INV-73465,REQ-43965,RQ-122,SwiftFile Records,Granite Shield Insurance,2026-01-22,57.90,Paid,2026-01-25,
INV-73466,REQ-43966,RQ-121,RecordPoint Retrieval,Granite Shield Insurance,2026-01-29,77.50,Open,,
INV-73467,REQ-43967,RQ-113,Grayson Poole,Granite Shield Insurance,2026-01-20,66.30,Cancelled,,Request withdrawn
INV-73468,REQ-43968,RQ-101,Morrison & Pratt LLP,Granite Shield Insurance,2026-02-04,85.20,Paid,2026-02-06,
INV-73469,REQ-43969,RQ-121,RecordPoint Retrieval,Granite Shield Insurance,2026-01-05,83.80,Cancelled,,No records found
INV-73470,REQ-43970,RQ-114,Tate & Winslow,Granite Shield Insurance,2026-02-02,86.95,Paid,2026-02-11,
INV-73471,REQ-43971,RQ-109,Hudson Valley Injury Law,Granite Shield Insurance,2026-01-22,52.65,Paid,2026-01-25,
INV-73472,REQ-43973,RQ-125,ClearPath Records,Granite Shield Insurance,2026-01-28,50.90,Paid,2026-02-04,
INV-73473,REQ-43974,RQ-127,Pioneer Standard Insurance,Granite Shield Insurance,2026-01-23,77.15,Paid,2026-01-27,
INV-73474,REQ-43975,RQ-121,RecordPoint Retrieval,Granite Shield Insurance,2026-01-27,75.40,Paid,2026-02-01,
INV-73475,REQ-43976,RQ-102,Delgado Law Group,Granite Shield Insurance,2026-01-21,57.90,Paid,2026-02-07,
INV-73476,REQ-43977,RQ-101,Morrison & Pratt LLP,Granite Shield Insurance,2026-01-22,94.65,Paid,2026-01-24,
INV-73477,REQ-43978,RQ-122,SwiftFile Records,Granite Shield Insurance,2026-01-27,78.20,Paid,2026-02-06,
INV-73478,REQ-43979,RQ-114,Tate & Winslow,Granite Shield Insurance,2026-02-03,53.00,Paid,2026-02-19,
INV-73479,REQ-43980,RQ-123,DocuTrace Services,Granite Shield Insurance,2026-01-28,192.30,Paid,2026-02-12,
INV-73480,REQ-43981,RQ-129,Evergreen Casualty,Granite Shield Insurance,2026-01-19,100.95,Paid,2026-01-25,
INV-73481,REQ-43983,RQ-124,Keystone Record Retrieval,Granite Shield Insurance,2026-01-21,85.90,Paid,2026-02-01,
INV-73482,REQ-43984,RQ-121,RecordPoint Retrieval,Granite Shield Insurance,2026-01-12,51.95,Paid,2026-01-29,
INV-73483,REQ-43985,RQ-108,Salas Trial Lawyers,Granite Shield Insurance,2026-01-16,169.90,Paid,2026-01-22,
INV-73484,REQ-43986,RQ-124,Keystone Record Retrieval,Granite Shield Insurance,2026-01-22,56.85,Paid,2026-01-26,
INV-73485,REQ-43987,RQ-101,Morrison & Pratt LLP,Granite Shield Insurance,2026-02-02,57.55,Paid,2026-02-14,
INV-73486,REQ-43988,RQ-120,Beaumont Stark,Granite Shield Insurance,2026-01-08,46.35,Paid,2026-01-22,
INV-73487,REQ-43989,RQ-106,Ostrowski Legal,Granite Shield Insurance,2026-01-08,56.15,Paid,2026-01-12,
INV-73488,REQ-43990,RQ-107,Park & Levine,Granite Shield Insurance,2026-01-30,73.30,Paid,2026-02-14,
INV-73489,REQ-43991,RQ-121,RecordPoint Retrieval,Granite Shield Insurance,2026-01-14,82.40,Paid,2026-01-22,
INV-73490,REQ-43992,RQ-109,Hudson Valley Injury Law,Granite Shield Insurance,2026-01-09,75.75,Paid,2026-01-26,
INV-73491,REQ-43993,RQ-101,Morrison & Pratt LLP,Granite Shield Insurance,2026-01-08,84.50,Paid,2026-01-23,
INV-73492,REQ-43994,RQ-101,Morrison & Pratt LLP,Keystone Auto Group,2026-01-15,60.00,Cancelled,,Duplicate request
INV-73493,REQ-43995,RQ-127,Pioneer Standard Insurance,Keystone Auto Group,2026-01-26,48.10,Paid,2026-01-29,
INV-73494,REQ-43996,RQ-103,Kessler Injury Attorneys,Keystone Auto Group,2026-01-30,119.85,Paid,2026-02-03,
INV-73495,REQ-43997,RQ-121,RecordPoint Retrieval,Keystone Auto Group,2026-01-30,65.95,Open,,
INV-73496,REQ-43998,RQ-129,Evergreen Casualty,Keystone Auto Group,2026-01-26,105.50,Paid,2026-02-13,
INV-73497,REQ-43999,RQ-106,Ostrowski Legal,Keystone Auto Group,2026-01-22,130.00,Paid,2026-01-24,
INV-73498,REQ-44000,RQ-127,Pioneer Standard Insurance,Keystone Auto Group,2026-01-08,42.85,Paid,2026-01-16,
INV-73499,REQ-44001,RQ-122,SwiftFile Records,Keystone Auto Group,2026-02-02,40.75,Paid,2026-02-08,
INV-73500,REQ-44002,RQ-107,Park & Levine,Keystone Auto Group,2026-01-16,70.50,Paid,2026-01-20,
INV-73501,REQ-44003,RQ-101,Morrison & Pratt LLP,Keystone Auto Group,2026-01-30,75.05,Paid,2026-02-06,
INV-73502,REQ-44004,RQ-105,Brennan Hale PC,Keystone Auto Group,2026-01-15,73.65,Paid,2026-01-25,
INV-73503,REQ-44005,RQ-121,RecordPoint Retrieval,Keystone Auto Group,2026-01-13,49.15,Open,,
INV-73504,REQ-44006,RQ-117,Iverson Goldberg,Keystone Auto Group,2026-01-16,72.25,Paid,2026-01-20,
INV-73505,REQ-44007,RQ-121,RecordPoint Retrieval,Keystone Auto Group,2026-02-02,133.15,Open,,
INV-73506,REQ-44008,RQ-124,Keystone Record Retrieval,Keystone Auto Group,2026-01-29,78.20,Paid,2026-02-10,
INV-73507,REQ-44010,RQ-104,Whitcombe & Rao,Keystone Auto Group,2026-01-08,48.80,Paid,2026-01-20,
INV-73508,REQ-44011,RQ-129,Evergreen Casualty,Keystone Auto Group,2026-01-29,36.55,Paid,2026-01-31,
INV-73509,REQ-44012,RQ-121,RecordPoint Retrieval,Keystone Auto Group,2026-01-12,88.00,Open,,
INV-73510,REQ-44014,RQ-128,Lakeside Mutual,Keystone Auto Group,2026-01-27,123.70,Paid,2026-02-12,
INV-73511,REQ-44015,RQ-111,Ferris Nguyen LLP,Keystone Auto Group,2026-01-19,50.55,Open,,
INV-73512,REQ-44016,RQ-122,SwiftFile Records,Keystone Auto Group,2026-02-02,75.40,Paid,2026-02-15,
INV-73513,REQ-44017,RQ-121,RecordPoint Retrieval,Keystone Auto Group,2026-01-15,141.20,Paid,2026-01-23,
INV-73514,REQ-44018,RQ-108,Salas Trial Lawyers,Keystone Auto Group,2026-02-02,98.15,Paid,2026-02-04,
INV-73515,REQ-44019,RQ-101,Morrison & Pratt LLP,Keystone Auto Group,2026-01-23,69.45,Paid,2026-02-01,
INV-73516,REQ-44020,RQ-101,Morrison & Pratt LLP,Keystone Auto Group,2026-01-22,110.05,Open,,
INV-73517,REQ-44021,RQ-127,Pioneer Standard Insurance,Keystone Auto Group,2026-01-15,76.10,Paid,2026-01-20,
INV-73518,REQ-44022,RQ-114,Tate & Winslow,Keystone Auto Group,2026-01-23,85.90,Paid,2026-01-26,
INV-73519,REQ-44023,RQ-124,Keystone Record Retrieval,Keystone Auto Group,2026-01-22,86.25,Paid,2026-01-25,
INV-73520,REQ-44024,RQ-111,Ferris Nguyen LLP,Keystone Auto Group,2026-01-27,44.95,Paid,2026-02-11,
INV-73521,REQ-44025,RQ-121,RecordPoint Retrieval,Keystone Auto Group,2026-02-02,132.45,Paid,2026-02-20,
INV-73522,REQ-44026,RQ-111,Ferris Nguyen LLP,Keystone Auto Group,2026-01-23,115.65,Open,,
INV-73523,REQ-44027,RQ-124,Keystone Record Retrieval,Keystone Auto Group,2026-01-28,84.15,Paid,2026-02-06,
INV-73524,REQ-44028,RQ-126,Summit Chart Services,Keystone Auto Group,2026-01-12,90.10,Paid,2026-01-16,
INV-73525,REQ-44031,RQ-107,Park & Levine,Keystone Auto Group,2026-01-15,60.00,Open,,
INV-73526,REQ-44032,RQ-108,Salas Trial Lawyers,Keystone Auto Group,2026-01-08,39.35,Paid,2026-01-11,
INV-73527,REQ-44033,RQ-105,Brennan Hale PC,Keystone Auto Group,2026-01-29,68.40,Paid,2026-01-31,
INV-73528,REQ-44034,RQ-103,Kessler Injury Attorneys,Keystone Auto Group,2026-01-08,125.45,Paid,2026-01-12,
INV-73529,REQ-44035,RQ-120,Beaumont Stark,Keystone Auto Group,2026-01-12,62.10,Paid,2026-01-30,
INV-73530,REQ-44036,RQ-111,Ferris Nguyen LLP,Keystone Auto Group,2026-01-27,95.70,Paid,2026-01-29,
INV-73531,REQ-44039,RQ-121,RecordPoint Retrieval,Keystone Auto Group,2026-01-29,60.70,Open,,
INV-73532,REQ-44040,RQ-121,RecordPoint Retrieval,Keystone Auto Group,2026-01-20,92.20,Paid,2026-01-23,
INV-73533,REQ-44041,RQ-112,Abernathy Law,Keystone Auto Group,2026-01-16,48.45,Paid,2026-02-01,
INV-73534,REQ-44042,RQ-118,Pruitt Legal Group,Keystone Auto Group,2026-01-26,53.35,Paid,2026-02-03,
INV-73535,REQ-44043,RQ-119,Quinlan & Ames,Keystone Auto Group,2026-01-29,37.95,Paid,2026-02-05,
INV-73536,REQ-44044,RQ-121,RecordPoint Retrieval,Keystone Auto Group,2026-01-29,92.55,Paid,2026-02-10,
INV-73537,REQ-44045,RQ-109,Hudson Valley Injury Law,Keystone Auto Group,2026-01-09,63.50,Paid,2026-01-17,
INV-73538,REQ-44046,RQ-110,Marchetti & Cole,Keystone Auto Group,2026-01-29,136.30,Open,,
INV-73539,REQ-44047,RQ-108,Salas Trial Lawyers,Keystone Auto Group,2026-01-19,51.95,Paid,2026-02-04,
INV-73540,REQ-44048,RQ-117,Iverson Goldberg,Keystone Auto Group,2026-01-28,63.85,Paid,2026-02-04,
INV-73541,REQ-44049,RQ-101,Morrison & Pratt LLP,Keystone Auto Group,2026-02-03,77.85,Paid,2026-02-18,
INV-73542,REQ-44050,RQ-101,Morrison & Pratt LLP,Keystone Auto Group,2026-01-26,52.30,Open,,
INV-73543,REQ-44051,RQ-121,RecordPoint Retrieval,Tri-County Workers' Comp Fund,2026-01-19,117.05,Paid,2026-01-29,
INV-73544,REQ-44052,RQ-121,RecordPoint Retrieval,Tri-County Workers' Comp Fund,2026-01-26,60.35,Paid,2026-02-06,
INV-73545,REQ-44054,RQ-124,Keystone Record Retrieval,Tri-County Workers' Comp Fund,2026-01-28,60.70,Paid,2026-01-31,
INV-73546,REQ-44055,RQ-103,Kessler Injury Attorneys,Tri-County Workers' Comp Fund,2026-01-15,53.70,Open,,
INV-73547,REQ-44056,RQ-105,Brennan Hale PC,Tri-County Workers' Comp Fund,2026-01-22,60.35,Paid,2026-01-26,
INV-73548,REQ-44057,RQ-121,RecordPoint Retrieval,Tri-County Workers' Comp Fund,2026-01-22,54.75,Open,,
INV-73549,REQ-44059,RQ-103,Kessler Injury Attorneys,Tri-County Workers' Comp Fund,2026-01-13,70.85,Paid,2026-01-15,
INV-73550,REQ-44060,RQ-109,Hudson Valley Injury Law,Tri-County Workers' Comp Fund,2026-01-28,83.80,Paid,2026-02-03,
INV-73551,REQ-44061,RQ-118,Pruitt Legal Group,Tri-County Workers' Comp Fund,2026-01-30,74.35,Open,,
INV-73552,REQ-44062,RQ-106,Ostrowski Legal,Tri-County Workers' Comp Fund,2026-01-15,118.45,Cancelled,,Request withdrawn
INV-73553,REQ-44063,RQ-124,Keystone Record Retrieval,Tri-County Workers' Comp Fund,2026-01-27,109.00,Paid,2026-02-03,
INV-73554,REQ-44064,RQ-108,Salas Trial Lawyers,Tri-County Workers' Comp Fund,2026-01-28,46.35,Paid,2026-02-08,
INV-73555,REQ-44065,RQ-117,Iverson Goldberg,Tri-County Workers' Comp Fund,2026-01-12,93.25,Paid,2026-01-15,
INV-73556,REQ-44066,RQ-116,Carver Moss LLP,Tri-County Workers' Comp Fund,2026-01-23,48.10,Paid,2026-01-29,
INV-73557,REQ-44067,RQ-122,SwiftFile Records,Tri-County Workers' Comp Fund,2026-01-22,76.45,Paid,2026-01-27,
INV-73558,REQ-44068,RQ-130,Sterling Auto Insurance,Tri-County Workers' Comp Fund,2026-01-26,48.10,Open,,
INV-73559,REQ-44070,RQ-124,Keystone Record Retrieval,Tri-County Workers' Comp Fund,2026-01-29,66.65,Paid,2026-02-13,
INV-73560,REQ-44071,RQ-125,ClearPath Records,Tri-County Workers' Comp Fund,2026-02-03,58.25,Paid,2026-02-10,
INV-73561,REQ-44072,RQ-115,Lindqvist Defense,Tri-County Workers' Comp Fund,2026-01-28,40.75,Paid,2026-02-04,
INV-73562,REQ-44073,RQ-121,RecordPoint Retrieval,Tri-County Workers' Comp Fund,2026-01-19,54.75,Open,,
INV-73563,REQ-44074,RQ-120,Beaumont Stark,Tri-County Workers' Comp Fund,2026-01-30,56.50,Paid,2026-02-10,
INV-73564,REQ-44078,RQ-113,Grayson Poole,Tri-County Workers' Comp Fund,2026-02-04,172.00,Paid,2026-02-10,
INV-73565,REQ-44079,RQ-121,RecordPoint Retrieval,Tri-County Workers' Comp Fund,2026-02-03,131.75,Open,,
INV-73566,REQ-44080,RQ-127,Pioneer Standard Insurance,Tri-County Workers' Comp Fund,2026-02-02,131.05,Paid,2026-02-08,
INV-73567,REQ-44081,RQ-125,ClearPath Records,Tri-County Workers' Comp Fund,2026-01-28,69.45,Paid,2026-02-03,
INV-73568,REQ-44082,RQ-122,SwiftFile Records,Tri-County Workers' Comp Fund,2026-01-22,35.85,Paid,2026-01-30,
INV-73569,REQ-44083,RQ-125,ClearPath Records,Tri-County Workers' Comp Fund,2026-01-13,46.00,Paid,2026-01-19,
INV-73570,REQ-44084,RQ-128,Lakeside Mutual,Tri-County Workers' Comp Fund,2026-01-27,109.70,Paid,2026-01-30,
INV-73571,REQ-44085,RQ-107,Park & Levine,Tri-County Workers' Comp Fund,2026-01-21,68.05,Paid,2026-01-23,
INV-73572,REQ-44086,RQ-107,Park & Levine,Tri-County Workers' Comp Fund,2026-01-16,84.15,Paid,2026-01-24,
INV-73573,REQ-44087,RQ-126,Summit Chart Services,Tri-County Workers' Comp Fund,2026-01-12,44.60,Cancelled,,Request withdrawn
INV-73574,REQ-44089,RQ-110,Marchetti & Cole,Tri-County Workers' Comp Fund,2026-01-26,55.10,Paid,2026-02-08,
INV-73575,REQ-44090,RQ-124,Keystone Record Retrieval,Tri-County Workers' Comp Fund,2026-02-04,75.05,Paid,2026-02-22,
INV-73576,REQ-44091,RQ-121,RecordPoint Retrieval,Tri-County Workers' Comp Fund,2026-01-29,69.10,Paid,2026-02-08,
INV-73577,REQ-44092,RQ-117,Iverson Goldberg,Tri-County Workers' Comp Fund,2026-01-27,68.75,Paid,2026-02-02,
INV-73578,REQ-44093,RQ-105,Brennan Hale PC,Tri-County Workers' Comp Fund,2026-01-30,126.15,Open,,
INV-73579,REQ-44094,RQ-118,Pruitt Legal Group,Beacon Casualty Company,2026-01-20,130.00,Paid,2026-02-01,
INV-73580,REQ-44095,RQ-124,Keystone Record Retrieval,Beacon Casualty Company,2026-01-23,39.35,Paid,2026-02-08,
INV-73581,REQ-44096,RQ-119,Quinlan & Ames,Beacon Casualty Company,2026-02-03,61.05,Paid,2026-02-10,
INV-73582,REQ-44097,RQ-105,Brennan Hale PC,Beacon Casualty Company,2026-01-23,50.20,Paid,2026-01-27,
INV-73583,REQ-44098,RQ-129,Evergreen Casualty,Beacon Casualty Company,2026-01-15,81.70,Paid,2026-02-01,
INV-73584,REQ-44099,RQ-114,Tate & Winslow,Beacon Casualty Company,2026-01-28,56.15,Paid,2026-02-04,
INV-73585,REQ-44100,RQ-109,Hudson Valley Injury Law,Beacon Casualty Company,2026-01-23,175.15,Paid,2026-01-28,
INV-73586,REQ-44101,RQ-121,RecordPoint Retrieval,Beacon Casualty Company,2026-01-09,75.75,Open,,
INV-73587,REQ-44102,RQ-110,Marchetti & Cole,Beacon Casualty Company,2026-02-05,74.35,Paid,2026-02-14,
INV-73588,REQ-44103,RQ-114,Tate & Winslow,Beacon Casualty Company,2026-01-29,84.50,Paid,2026-02-12,
INV-73589,REQ-44104,RQ-128,Lakeside Mutual,Beacon Casualty Company,2026-01-27,56.15,Paid,2026-02-13,
INV-73590,REQ-44105,RQ-121,RecordPoint Retrieval,Beacon Casualty Company,2026-01-29,44.25,Paid,2026-02-06,
INV-73591,REQ-44106,RQ-121,RecordPoint Retrieval,Beacon Casualty Company,2026-01-30,96.05,Open,,
INV-73592,REQ-44107,RQ-130,Sterling Auto Insurance,Beacon Casualty Company,2026-02-03,64.55,Paid,2026-02-16,
INV-73593,REQ-44108,RQ-122,SwiftFile Records,Beacon Casualty Company,2026-01-16,65.25,Open,,
INV-73594,REQ-44109,RQ-120,Beaumont Stark,Beacon Casualty Company,2026-01-09,72.95,Paid,2026-01-18,
INV-73595,REQ-44110,RQ-110,Marchetti & Cole,Beacon Casualty Company,2026-02-03,72.60,Paid,2026-02-06,
INV-73596,REQ-44111,RQ-125,ClearPath Records,Beacon Casualty Company,2026-01-27,92.55,Paid,2026-02-03,
INV-73597,REQ-44112,RQ-101,Morrison & Pratt LLP,Beacon Casualty Company,2026-01-07,56.50,Paid,2026-01-15,
INV-73598,REQ-44113,RQ-121,RecordPoint Retrieval,Beacon Casualty Company,2026-02-02,57.20,Paid,2026-02-05,
INV-73599,REQ-44114,RQ-119,Quinlan & Ames,Beacon Casualty Company,2026-02-02,46.00,Paid,2026-02-14,
INV-73600,REQ-44115,RQ-122,SwiftFile Records,Beacon Casualty Company,2026-01-21,92.55,Open,,
INV-73601,REQ-44116,RQ-101,Morrison & Pratt LLP,Beacon Casualty Company,2026-01-28,54.05,Paid,2026-02-11,
INV-73602,REQ-44117,RQ-105,Brennan Hale PC,Beacon Casualty Company,2026-01-28,58.95,Paid,2026-02-10,
INV-73603,REQ-44118,RQ-105,Brennan Hale PC,Beacon Casualty Company,2026-01-12,141.55,Paid,2026-01-28,
INV-73604,REQ-44119,RQ-122,SwiftFile Records,Beacon Casualty Company,2026-01-15,179.70,Paid,2026-01-27,
INV-73605,REQ-44120,RQ-101,Morrison & Pratt LLP,Beacon Casualty Company,2026-01-21,81.70,Paid,2026-01-24,
INV-73606,REQ-44121,RQ-101,Morrison & Pratt LLP,Beacon Casualty Company,2026-01-22,139.45,Paid,2026-01-31,
INV-73607,REQ-44122,RQ-122,SwiftFile Records,Beacon Casualty Company,2026-01-22,55.80,Paid,2026-02-06,
INV-73608,REQ-44123,RQ-121,RecordPoint Retrieval,Beacon Casualty Company,2026-01-13,37.25,Open,,
INV-73609,REQ-44124,RQ-111,Ferris Nguyen LLP,Beacon Casualty Company,2026-02-04,50.20,Paid,2026-02-17,
INV-73610,REQ-44125,RQ-121,RecordPoint Retrieval,Beacon Casualty Company,2026-01-27,43.90,Paid,2026-02-01,
INV-73611,REQ-44126,RQ-106,Ostrowski Legal,Beacon Casualty Company,2026-01-20,44.25,Paid,2026-02-02,
INV-73612,REQ-44127,RQ-127,Pioneer Standard Insurance,Beacon Casualty Company,2026-01-12,252.50,Paid,2026-01-19,
INV-73613,REQ-44128,RQ-121,RecordPoint Retrieval,Beacon Casualty Company,2026-01-15,41.80,Paid,2026-01-20,
INV-73614,REQ-44129,RQ-102,Delgado Law Group,Beacon Casualty Company,2026-02-02,75.40,Paid,2026-02-19,
INV-73615,REQ-44130,RQ-105,Brennan Hale PC,Beacon Casualty Company,2026-01-19,75.75,Paid,2026-01-24,
INV-73616,REQ-44131,RQ-110,Marchetti & Cole,Beacon Casualty Company,2026-01-14,60.70,Paid,2026-01-19,
INV-73617,REQ-44132,RQ-124,Keystone Record Retrieval,Beacon Casualty Company,2026-01-14,48.45,Paid,2026-01-16,
INV-73618,REQ-44133,RQ-121,RecordPoint Retrieval,Beacon Casualty Company,2026-01-15,131.05,Paid,2026-01-30,
INV-73619,REQ-44134,RQ-124,Keystone Record Retrieval,Beacon Casualty Company,2026-01-22,49.50,Paid,2026-01-27,
INV-73620,REQ-44135,RQ-119,Quinlan & Ames,Beacon Casualty Company,2026-01-08,177.60,Paid,2026-01-17,
INV-73621,REQ-44136,RQ-128,Lakeside Mutual,Beacon Casualty Company,2026-01-23,66.30,Cancelled,,No records found
INV-73622,REQ-44137,RQ-116,Carver Moss LLP,Beacon Casualty Company,2026-01-08,83.45,Paid,2026-01-24,
INV-73623,REQ-44138,RQ-116,Carver Moss LLP,Beacon Casualty Company,2026-01-09,74.00,Paid,2026-01-26,
INV-73624,REQ-44139,RQ-130,Sterling Auto Insurance,Beacon Casualty Company,2026-01-15,70.15,Open,,
INV-73625,REQ-44140,RQ-125,ClearPath Records,Beacon Casualty Company,2026-01-13,38.65,Paid,2026-01-15,
INV-73626,REQ-44141,RQ-119,Quinlan & Ames,Beacon Casualty Company,2026-01-07,101.30,Open,,
INV-73627,REQ-44142,RQ-123,DocuTrace Services,Beacon Casualty Company,2026-01-12,62.45,Paid,2026-01-29,
INV-73628,REQ-44143,RQ-116,Carver Moss LLP,Beacon Casualty Company,2026-01-14,81.35,Paid,2026-01-18,
INV-73629,REQ-44144,RQ-120,Beaumont Stark,Northfork Insurance Co.,2026-01-19,43.20,Paid,2026-01-26,
INV-73630,REQ-44145,RQ-121,RecordPoint Retrieval,Northfork Insurance Co.,2026-01-15,79.60,Paid,2026-01-31,
INV-73631,REQ-44146,RQ-103,Kessler Injury Attorneys,Northfork Insurance Co.,2026-01-26,59.30,Paid,2026-01-29,
INV-73632,REQ-44147,RQ-101,Morrison & Pratt LLP,Northfork Insurance Co.,2026-01-15,51.95,Paid,2026-01-19,
INV-73633,REQ-44148,RQ-111,Ferris Nguyen LLP,Northfork Insurance Co.,2026-01-16,63.50,Paid,2026-02-01,
INV-73634,REQ-44150,RQ-116,Carver Moss LLP,Northfork Insurance Co.,2026-01-09,46.35,Paid,2026-01-16,
INV-73635,REQ-44151,RQ-120,Beaumont Stark,Northfork Insurance Co.,2026-01-15,78.20,Paid,2026-01-21,
INV-73636,REQ-44152,RQ-129,Evergreen Casualty,Northfork Insurance Co.,2026-01-19,29.90,Paid,2026-01-29,
INV-73637,REQ-44153,RQ-112,Abernathy Law,Northfork Insurance Co.,2026-01-12,67.70,Paid,2026-01-24,
INV-73638,REQ-44154,RQ-120,Beaumont Stark,Northfork Insurance Co.,2026-01-26,62.45,Paid,2026-02-06,
INV-73639,REQ-44155,RQ-111,Ferris Nguyen LLP,Northfork Insurance Co.,2026-01-28,61.05,Open,,
INV-73640,REQ-44156,RQ-125,ClearPath Records,Northfork Insurance Co.,2026-01-08,37.95,Paid,2026-01-25,
INV-73641,REQ-44157,RQ-109,Hudson Valley Injury Law,Northfork Insurance Co.,2026-02-02,119.15,Paid,2026-02-04,
INV-73642,REQ-44158,RQ-122,SwiftFile Records,Northfork Insurance Co.,2026-01-23,56.85,Paid,2026-02-02,
INV-73643,REQ-44159,RQ-111,Ferris Nguyen LLP,Northfork Insurance Co.,2026-01-22,86.60,Paid,2026-02-06,
INV-73644,REQ-44160,RQ-111,Ferris Nguyen LLP,Northfork Insurance Co.,2026-01-07,47.40,Paid,2026-01-09,
INV-73645,REQ-44161,RQ-119,Quinlan & Ames,Northfork Insurance Co.,2026-01-30,69.80,Paid,2026-02-03,
INV-73646,REQ-44162,RQ-113,Grayson Poole,Northfork Insurance Co.,2026-02-02,109.70,Paid,2026-02-12,
INV-73647,REQ-44164,RQ-107,Park & Levine,Northfork Insurance Co.,2026-01-29,68.75,Paid,2026-02-04,
INV-73648,REQ-44165,RQ-113,Grayson Poole,Northfork Insurance Co.,2026-02-02,59.65,Paid,2026-02-15,
INV-73649,REQ-44166,RQ-121,RecordPoint Retrieval,Northfork Insurance Co.,2026-01-30,650.00,Paid,2026-02-08,
INV-73650,REQ-44167,RQ-108,Salas Trial Lawyers,Northfork Insurance Co.,2026-01-16,155.20,Paid,2026-01-25,
INV-73651,REQ-44168,RQ-116,Carver Moss LLP,Northfork Insurance Co.,2026-01-12,107.60,Paid,2026-01-18,
INV-73652,REQ-44169,RQ-121,RecordPoint Retrieval,Northfork Insurance Co.,2026-01-09,39.00,Open,,
INV-73653,REQ-44170,RQ-106,Ostrowski Legal,Northfork Insurance Co.,2026-01-05,71.90,Paid,2026-01-12,
INV-73654,REQ-44171,RQ-107,Park & Levine,Northfork Insurance Co.,2026-01-15,62.45,Paid,2026-02-02,
INV-73655,REQ-44172,RQ-120,Beaumont Stark,Northfork Insurance Co.,2026-01-30,100.95,Paid,2026-02-05,
INV-73656,REQ-44173,RQ-105,Brennan Hale PC,Northfork Insurance Co.,2026-01-16,56.50,Paid,2026-01-21,
INV-73657,REQ-44174,RQ-121,RecordPoint Retrieval,Northfork Insurance Co.,2026-02-02,74.70,Paid,2026-02-12,
INV-73658,REQ-44175,RQ-109,Hudson Valley Injury Law,Northfork Insurance Co.,2026-01-21,32.70,Paid,2026-01-23,
INV-73659,REQ-44176,RQ-129,Evergreen Casualty,Northfork Insurance Co.,2026-01-08,76.45,Open,,
INV-73660,REQ-44177,RQ-108,Salas Trial Lawyers,Northfork Insurance Co.,2026-01-22,47.05,Paid,2026-01-26,
INV-73661,REQ-44179,RQ-110,Marchetti & Cole,Meridian Auto & Home,2026-01-14,95.70,Paid,2026-02-01,
INV-73662,REQ-44180,RQ-127,Pioneer Standard Insurance,Meridian Auto & Home,2026-01-16,155.55,Paid,2026-01-28,
INV-73663,REQ-44181,RQ-120,Beaumont Stark,Meridian Auto & Home,2026-01-19,60.35,Paid,2026-01-25,
INV-73664,REQ-44182,RQ-118,Pruitt Legal Group,Meridian Auto & Home,2026-01-16,53.35,Paid,2026-01-25,
INV-73665,REQ-44183,RQ-126,Summit Chart Services,Meridian Auto & Home,2026-01-16,47.75,Paid,2026-01-26,
INV-73666,REQ-44184,RQ-102,Delgado Law Group,Meridian Auto & Home,2026-01-19,60.35,Paid,2026-01-24,
INV-73667,REQ-44186,RQ-109,Hudson Valley Injury Law,Meridian Auto & Home,2026-02-02,69.80,Paid,2026-02-13,
INV-73668,REQ-44187,RQ-123,DocuTrace Services,Meridian Auto & Home,2026-01-28,61.75,Paid,2026-02-02,
INV-73669,REQ-44188,RQ-118,Pruitt Legal Group,Meridian Auto & Home,2026-01-16,50.20,Paid,2026-01-20,
INV-73670,REQ-44189,RQ-108,Salas Trial Lawyers,Meridian Auto & Home,2026-01-19,38.65,Open,,
INV-73671,REQ-44190,RQ-128,Lakeside Mutual,Meridian Auto & Home,2026-01-28,47.40,Paid,2026-02-10,
INV-73672,REQ-44191,RQ-101,Morrison & Pratt LLP,Meridian Auto & Home,2026-01-19,88.70,Paid,2026-02-04,
INV-73673,REQ-44192,RQ-127,Pioneer Standard Insurance,Meridian Auto & Home,2026-01-26,105.15,Paid,2026-02-11,
INV-73674,REQ-44193,RQ-106,Ostrowski Legal,Meridian Auto & Home,2026-01-07,60.70,Paid,2026-01-17,
INV-73675,REQ-44194,RQ-130,Sterling Auto Insurance,Meridian Auto & Home,2026-02-02,56.85,Paid,2026-02-10,
INV-73676,REQ-44195,RQ-107,Park & Levine,Meridian Auto & Home,2026-01-29,43.55,Open,,
INV-73677,REQ-44196,RQ-123,DocuTrace Services,Meridian Auto & Home,2026-01-07,79.60,Cancelled,,Duplicate request
INV-73678,REQ-44197,RQ-121,RecordPoint Retrieval,Meridian Auto & Home,2026-01-15,89.75,Paid,2026-01-31,
INV-73679,REQ-44198,RQ-112,Abernathy Law,Meridian Auto & Home,2026-01-08,98.15,Paid,2026-01-24,
INV-73680,REQ-44199,RQ-124,Keystone Record Retrieval,Meridian Auto & Home,2026-01-22,71.55,Paid,2026-01-25,
INV-73681,REQ-44200,RQ-126,Summit Chart Services,Meridian Auto & Home,2026-01-13,54.40,Paid,2026-01-21,
INV-73682,REQ-44201,RQ-129,Evergreen Casualty,Meridian Auto & Home,2026-01-26,44.25,Paid,2026-02-10,
INV-73683,REQ-44202,RQ-125,ClearPath Records,Meridian Auto & Home,2026-01-07,55.45,Paid,2026-01-18,
INV-73684,REQ-44204,RQ-101,Morrison & Pratt LLP,Meridian Auto & Home,2026-01-30,40.40,Paid,2026-02-10,
INV-73685,REQ-44206,RQ-121,RecordPoint Retrieval,Meridian Auto & Home,2026-01-30,70.85,Open,,
INV-73686,REQ-44207,RQ-129,Evergreen Casualty,Meridian Auto & Home,2026-01-07,60.70,Paid,2026-01-13,
INV-73687,REQ-44208,RQ-121,RecordPoint Retrieval,Meridian Auto & Home,2026-01-30,63.15,Open,,
INV-73688,REQ-44209,RQ-110,Marchetti & Cole,Meridian Auto & Home,2026-01-20,51.25,Paid,2026-02-07,
INV-73689,REQ-44210,RQ-111,Ferris Nguyen LLP,Meridian Auto & Home,2026-01-21,72.60,Open,,
INV-73690,REQ-44211,RQ-121,RecordPoint Retrieval,Atlas Comp Services,2026-01-26,100.95,Paid,2026-02-01,
INV-73691,REQ-44212,RQ-118,Pruitt Legal Group,Atlas Comp Services,2026-01-12,42.85,Open,,
INV-73692,REQ-44213,RQ-116,Carver Moss LLP,Atlas Comp Services,2026-01-15,79.95,Paid,2026-02-02,
INV-73693,REQ-44214,RQ-126,Summit Chart Services,Atlas Comp Services,2026-01-29,57.55,Paid,2026-02-04,
INV-73694,REQ-44215,RQ-121,RecordPoint Retrieval,Atlas Comp Services,2026-01-12,54.75,Open,,
INV-73695,REQ-44216,RQ-125,ClearPath Records,Atlas Comp Services,2026-02-05,72.60,Paid,2026-02-09,
INV-73696,REQ-44217,RQ-121,RecordPoint Retrieval,Atlas Comp Services,2026-01-13,36.20,Open,,
INV-73697,REQ-44218,RQ-126,Summit Chart Services,Atlas Comp Services,2026-01-28,47.75,Paid,2026-02-04,
INV-73698,REQ-44219,RQ-129,Evergreen Casualty,Atlas Comp Services,2026-01-20,60.00,Paid,2026-01-29,
INV-73699,REQ-44220,RQ-114,Tate & Winslow,Atlas Comp Services,2026-01-19,43.20,Paid,2026-02-06,
INV-73700,REQ-44221,RQ-121,RecordPoint Retrieval,Atlas Comp Services,2026-01-26,63.15,Paid,2026-02-08,
INV-73701,REQ-44223,RQ-102,Delgado Law Group,Atlas Comp Services,2026-01-13,41.45,Paid,2026-01-27,
INV-73702,REQ-44224,RQ-110,Marchetti & Cole,Atlas Comp Services,2026-01-14,74.35,Paid,2026-01-24,
INV-73703,REQ-44225,RQ-126,Summit Chart Services,Atlas Comp Services,2026-01-13,107.25,Paid,2026-01-15,
INV-73704,REQ-44227,RQ-101,Morrison & Pratt LLP,Atlas Comp Services,2026-01-26,54.05,Paid,2026-02-12,
INV-73705,REQ-44228,RQ-127,Pioneer Standard Insurance,Atlas Comp Services,2026-01-27,107.25,Paid,2026-02-05,
INV-73706,REQ-44229,RQ-101,Morrison & Pratt LLP,Atlas Comp Services,2026-01-28,50.55,Paid,2026-02-01,
INV-73707,REQ-44230,RQ-113,Grayson Poole,Atlas Comp Services,2026-01-19,129.30,Paid,2026-01-29,
INV-73708,REQ-44231,RQ-125,ClearPath Records,Atlas Comp Services,2026-02-02,57.20,Open,,
INV-73709,REQ-44232,RQ-121,RecordPoint Retrieval,Atlas Comp Services,2026-01-22,83.80,Open,,
INV-73710,REQ-44233,RQ-107,Park & Levine,Atlas Comp Services,2026-01-09,197.20,Paid,2026-01-21,
INV-73711,REQ-44235,RQ-124,Keystone Record Retrieval,Harborline Mutual Insurance,2026-02-06,86.25,Cancelled,,Request withdrawn
INV-73712,REQ-44236,RQ-106,Ostrowski Legal,Harborline Mutual Insurance,2026-02-04,81.35,Paid,2026-02-15,
INV-73713,REQ-44237,RQ-113,Grayson Poole,Harborline Mutual Insurance,2026-02-20,106.20,Paid,2026-03-06,
INV-73714,REQ-44238,RQ-102,Delgado Law Group,Harborline Mutual Insurance,2026-02-23,129.65,Cancelled,,Duplicate request
INV-73715,REQ-44239,RQ-129,Evergreen Casualty,Harborline Mutual Insurance,2026-02-24,72.60,Paid,2026-03-01,
INV-73716,REQ-44240,RQ-110,Marchetti & Cole,Harborline Mutual Insurance,2026-03-06,99.20,Paid,2026-03-10,
INV-73717,REQ-44241,RQ-122,SwiftFile Records,Harborline Mutual Insurance,2026-02-10,71.20,Paid,2026-02-18,
INV-73718,REQ-44242,RQ-121,RecordPoint Retrieval,Harborline Mutual Insurance,2026-02-04,100.25,Paid,2026-02-14,
INV-73719,REQ-44243,RQ-122,SwiftFile Records,Harborline Mutual Insurance,2026-02-18,112.85,Open,,
INV-73720,REQ-44244,RQ-111,Ferris Nguyen LLP,Harborline Mutual Insurance,2026-02-17,74.35,Paid,2026-03-07,
INV-73721,REQ-44245,RQ-121,RecordPoint Retrieval,Harborline Mutual Insurance,2026-02-16,57.20,Paid,2026-02-22,
INV-73722,REQ-44246,RQ-130,Sterling Auto Insurance,Harborline Mutual Insurance,2026-02-16,86.60,Paid,2026-02-22,
INV-73723,REQ-44247,RQ-112,Abernathy Law,Harborline Mutual Insurance,2026-02-27,79.25,Paid,2026-03-02,
INV-73724,REQ-44248,RQ-111,Ferris Nguyen LLP,Harborline Mutual Insurance,2026-02-19,60.00,Paid,2026-02-27,
INV-73725,REQ-44249,RQ-121,RecordPoint Retrieval,Harborline Mutual Insurance,2026-02-18,67.00,Paid,2026-03-02,
INV-73726,REQ-44250,RQ-128,Lakeside Mutual,Harborline Mutual Insurance,2026-02-20,66.30,Open,,
INV-73727,REQ-44251,RQ-114,Tate & Winslow,Harborline Mutual Insurance,2026-02-25,58.95,Paid,2026-03-06,
INV-73728,REQ-44252,RQ-124,Keystone Record Retrieval,Harborline Mutual Insurance,2026-02-23,46.70,Paid,2026-03-13,
INV-73729,REQ-44253,RQ-110,Marchetti & Cole,Harborline Mutual Insurance,2026-02-27,86.25,Paid,2026-03-15,
INV-73730,REQ-44255,RQ-123,DocuTrace Services,Harborline Mutual Insurance,2026-02-10,91.50,Paid,2026-02-26,
INV-73731,REQ-44256,RQ-101,Morrison & Pratt LLP,Harborline Mutual Insurance,2026-03-03,50.20,Paid,2026-03-07,
INV-73732,REQ-44257,RQ-118,Pruitt Legal Group,Harborline Mutual Insurance,2026-02-23,54.05,Paid,2026-02-28,
INV-73733,REQ-44258,RQ-107,Park & Levine,Harborline Mutual Insurance,2026-02-27,95.00,Paid,2026-03-01,
INV-73734,REQ-44259,RQ-102,Delgado Law Group,Harborline Mutual Insurance,2026-02-20,81.35,Paid,2026-03-02,
INV-73735,REQ-44261,RQ-115,Lindqvist Defense,Harborline Mutual Insurance,2026-02-10,125.45,Paid,2026-02-28,
INV-73736,REQ-44262,RQ-105,Brennan Hale PC,Harborline Mutual Insurance,2026-03-05,79.25,Paid,2026-03-23,
INV-73737,REQ-44263,RQ-119,Quinlan & Ames,Harborline Mutual Insurance,2026-03-02,42.15,Paid,2026-03-14,
INV-73738,REQ-44264,RQ-121,RecordPoint Retrieval,Harborline Mutual Insurance,2026-03-04,48.80,Open,,
INV-73739,REQ-44266,RQ-125,ClearPath Records,Harborline Mutual Insurance,2026-02-17,66.65,Open,,
INV-73740,REQ-44268,RQ-109,Hudson Valley Injury Law,Harborline Mutual Insurance,2026-02-26,95.00,Paid,2026-02-28,
INV-73741,REQ-44269,RQ-130,Sterling Auto Insurance,Harborline Mutual Insurance,2026-02-23,152.40,Paid,2026-03-08,
INV-73742,REQ-44270,RQ-111,Ferris Nguyen LLP,Harborline Mutual Insurance,2026-02-25,41.45,Paid,2026-03-12,
INV-73743,REQ-44271,RQ-129,Evergreen Casualty,Harborline Mutual Insurance,2026-02-05,75.05,Paid,2026-02-19,
INV-73744,REQ-44272,RQ-114,Tate & Winslow,Harborline Mutual Insurance,2026-02-17,50.90,Paid,2026-02-27,
INV-73745,REQ-44273,RQ-114,Tate & Winslow,Harborline Mutual Insurance,2026-02-23,85.55,Paid,2026-03-05,
INV-73746,REQ-44274,RQ-118,Pruitt Legal Group,Harborline Mutual Insurance,2026-02-23,114.95,Paid,2026-03-01,
INV-73747,REQ-44277,RQ-130,Sterling Auto Insurance,Harborline Mutual Insurance,2026-02-06,64.90,Paid,2026-02-09,
INV-73748,REQ-44278,RQ-129,Evergreen Casualty,Harborline Mutual Insurance,2026-02-16,100.60,Paid,2026-02-24,
INV-73749,REQ-44280,RQ-114,Tate & Winslow,Harborline Mutual Insurance,2026-02-19,74.00,Paid,2026-02-21,
INV-73750,REQ-44281,RQ-126,Summit Chart Services,Harborline Mutual Insurance,2026-02-23,94.30,Open,,
INV-73751,REQ-44282,RQ-109,Hudson Valley Injury Law,Harborline Mutual Insurance,2026-02-25,54.05,Paid,2026-03-10,
INV-73752,REQ-44283,RQ-101,Morrison & Pratt LLP,Harborline Mutual Insurance,2026-02-11,43.90,Paid,2026-02-16,
INV-73753,REQ-44284,RQ-101,Morrison & Pratt LLP,Harborline Mutual Insurance,2026-02-20,58.60,Paid,2026-03-07,
INV-73754,REQ-44285,RQ-121,RecordPoint Retrieval,Harborline Mutual Insurance,2026-02-27,126.50,Open,,
INV-73755,REQ-44286,RQ-124,Keystone Record Retrieval,Harborline Mutual Insurance,2026-03-02,180.05,Paid,2026-03-05,
INV-73756,REQ-44287,RQ-123,DocuTrace Services,Harborline Mutual Insurance,2026-02-27,86.25,Paid,2026-03-10,
INV-73757,REQ-44288,RQ-120,Beaumont Stark,Harborline Mutual Insurance,2026-02-18,64.55,Paid,2026-02-20,
INV-73758,REQ-44289,RQ-121,RecordPoint Retrieval,Harborline Mutual Insurance,2026-03-03,53.35,Paid,2026-03-16,
INV-73759,REQ-44290,RQ-106,Ostrowski Legal,Harborline Mutual Insurance,2026-02-18,81.70,Paid,2026-03-05,
INV-73760,REQ-44291,RQ-130,Sterling Auto Insurance,Harborline Mutual Insurance,2026-02-23,54.05,Paid,2026-03-05,
INV-73761,REQ-44292,RQ-124,Keystone Record Retrieval,Harborline Mutual Insurance,2026-02-26,81.70,Open,,
INV-73762,REQ-44294,RQ-112,Abernathy Law,Harborline Mutual Insurance,2026-03-06,43.90,Paid,2026-03-12,
INV-73763,REQ-44295,RQ-121,RecordPoint Retrieval,Harborline Mutual Insurance,2026-02-25,49.15,Open,,
INV-73764,REQ-44296,RQ-104,Whitcombe & Rao,Harborline Mutual Insurance,2026-02-16,87.65,Paid,2026-02-18,
INV-73765,REQ-44297,RQ-121,RecordPoint Retrieval,Harborline Mutual Insurance,2026-02-20,36.90,Paid,2026-03-10,
INV-73766,REQ-44298,RQ-124,Keystone Record Retrieval,Harborline Mutual Insurance,2026-02-27,35.85,Paid,2026-03-03,
INV-73767,REQ-44299,RQ-121,RecordPoint Retrieval,Harborline Mutual Insurance,2026-02-24,58.60,Paid,2026-03-02,
INV-73768,REQ-44300,RQ-108,Salas Trial Lawyers,Harborline Mutual Insurance,2026-02-23,40.75,Paid,2026-03-04,
INV-73769,REQ-44301,RQ-106,Ostrowski Legal,Harborline Mutual Insurance,2026-02-12,77.50,Paid,2026-02-21,
INV-73770,REQ-44302,RQ-123,DocuTrace Services,Harborline Mutual Insurance,2026-02-12,42.50,Paid,2026-03-01,
INV-73771,REQ-44303,RQ-101,Morrison & Pratt LLP,Harborline Mutual Insurance,2026-02-23,47.40,Paid,2026-03-05,
INV-73772,REQ-44304,RQ-123,DocuTrace Services,Harborline Mutual Insurance,2026-02-19,76.80,Paid,2026-02-22,
INV-73773,REQ-44305,RQ-122,SwiftFile Records,Harborline Mutual Insurance,2026-03-04,83.10,Paid,2026-03-15,
INV-73774,REQ-44306,RQ-128,Lakeside Mutual,Harborline Mutual Insurance,2026-02-27,81.00,Paid,2026-03-04,
INV-73775,REQ-44307,RQ-110,Marchetti & Cole,Harborline Mutual Insurance,2026-02-17,45.65,Paid,2026-03-07,
INV-73776,REQ-44309,RQ-110,Marchetti & Cole,Harborline Mutual Insurance,2026-02-20,108.65,Paid,2026-02-23,
INV-73777,REQ-44311,RQ-101,Morrison & Pratt LLP,Harborline Mutual Insurance,2026-02-26,63.50,Open,,
INV-73778,REQ-44312,RQ-104,Whitcombe & Rao,Harborline Mutual Insurance,2026-02-27,44.95,Open,,
INV-73779,REQ-44313,RQ-107,Park & Levine,Harborline Mutual Insurance,2026-03-02,50.90,Paid,2026-03-08,
INV-73780,REQ-44314,RQ-119,Quinlan & Ames,Harborline Mutual Insurance,2026-02-20,99.90,Paid,2026-03-10,
INV-73781,REQ-44315,RQ-126,Summit Chart Services,Harborline Mutual Insurance,2026-02-24,39.70,Open,,
INV-73782,REQ-44316,RQ-125,ClearPath Records,Harborline Mutual Insurance,2026-02-19,53.00,Paid,2026-03-04,
INV-73783,REQ-44317,RQ-101,Morrison & Pratt LLP,Harborline Mutual Insurance,2026-02-13,74.00,Cancelled,,Duplicate request
INV-73784,REQ-44318,RQ-125,ClearPath Records,Harborline Mutual Insurance,2026-03-04,51.95,Paid,2026-03-12,
INV-73785,REQ-44320,RQ-126,Summit Chart Services,Harborline Mutual Insurance,2026-02-25,78.90,Paid,2026-03-09,
INV-73786,REQ-44322,RQ-125,ClearPath Records,Harborline Mutual Insurance,2026-02-06,146.45,Paid,2026-02-17,
INV-73787,REQ-44324,RQ-121,RecordPoint Retrieval,Harborline Mutual Insurance,2026-02-09,72.95,Open,,
INV-73788,REQ-44326,RQ-105,Brennan Hale PC,Harborline Mutual Insurance,2026-02-26,117.05,Paid,2026-03-12,
INV-73789,REQ-44327,RQ-126,Summit Chart Services,Harborline Mutual Insurance,2026-03-03,81.00,Paid,2026-03-17,
INV-73790,REQ-44328,RQ-124,Keystone Record Retrieval,Harborline Mutual Insurance,2026-02-20,52.65,Open,,
INV-73791,REQ-44329,RQ-113,Grayson Poole,Granite Shield Insurance,2026-02-17,53.70,Paid,2026-03-04,
INV-73792,REQ-44330,RQ-109,Hudson Valley Injury Law,Granite Shield Insurance,2026-02-24,65.95,Paid,2026-03-08,
INV-73793,REQ-44331,RQ-121,RecordPoint Retrieval,Granite Shield Insurance,2026-02-25,179.35,Open,,
INV-73794,REQ-44332,RQ-128,Lakeside Mutual,Granite Shield Insurance,2026-02-17,118.45,Paid,2026-02-22,
INV-73795,REQ-44333,RQ-121,RecordPoint Retrieval,Granite Shield Insurance,2026-02-11,77.50,Open,,
INV-73796,REQ-44334,RQ-125,ClearPath Records,Granite Shield Insurance,2026-03-02,46.00,Paid,2026-03-18,
INV-73797,REQ-44335,RQ-123,DocuTrace Services,Granite Shield Insurance,2026-03-03,56.15,Paid,2026-03-21,
INV-73798,REQ-44336,RQ-102,Delgado Law Group,Granite Shield Insurance,2026-02-13,92.90,Paid,2026-02-16,
INV-73799,REQ-44337,RQ-127,Pioneer Standard Insurance,Granite Shield Insurance,2026-02-12,124.40,Paid,2026-02-17,
INV-73800,REQ-44338,RQ-110,Marchetti & Cole,Granite Shield Insurance,2026-02-20,78.55,Open,,
INV-73801,REQ-44339,RQ-121,RecordPoint Retrieval,Granite Shield Insurance,2026-02-25,61.05,Paid,2026-03-06,
INV-73802,REQ-44340,RQ-120,Beaumont Stark,Granite Shield Insurance,2026-02-10,35.15,Paid,2026-02-12,
INV-73803,REQ-44341,RQ-101,Morrison & Pratt LLP,Granite Shield Insurance,2026-02-25,64.20,Open,,
INV-73804,REQ-44342,RQ-126,Summit Chart Services,Granite Shield Insurance,2026-03-05,79.60,Paid,2026-03-10,
INV-73805,REQ-44344,RQ-116,Carver Moss LLP,Granite Shield Insurance,2026-02-19,40.75,Paid,2026-02-26,
INV-73806,REQ-44345,RQ-121,RecordPoint Retrieval,Granite Shield Insurance,2026-02-16,62.80,Paid,2026-02-21,
INV-73807,REQ-44346,RQ-101,Morrison & Pratt LLP,Granite Shield Insurance,2026-02-26,121.25,Paid,2026-03-02,
INV-73808,REQ-44347,RQ-123,DocuTrace Services,Granite Shield Insurance,2026-02-11,105.85,Paid,2026-02-28,
INV-73809,REQ-44348,RQ-121,RecordPoint Retrieval,Granite Shield Insurance,2026-02-26,43.55,Paid,2026-03-16,
INV-73810,REQ-44349,RQ-103,Kessler Injury Attorneys,Granite Shield Insurance,2026-02-18,49.85,Paid,2026-03-08,
INV-73811,REQ-44350,RQ-125,ClearPath Records,Granite Shield Insurance,2026-02-10,99.55,Open,,
INV-73812,REQ-44351,RQ-101,Morrison & Pratt LLP,Granite Shield Insurance,2026-02-12,86.25,Paid,2026-03-01,
INV-73813,REQ-44352,RQ-121,RecordPoint Retrieval,Granite Shield Insurance,2026-02-17,68.40,Open,,
INV-73814,REQ-44353,RQ-128,Lakeside Mutual,Granite Shield Insurance,2026-03-06,70.15,Paid,2026-03-12,
INV-73815,REQ-44354,RQ-101,Morrison & Pratt LLP,Granite Shield Insurance,2026-02-18,104.80,Paid,2026-02-25,
INV-73816,REQ-44355,RQ-128,Lakeside Mutual,Granite Shield Insurance,2026-02-26,65.95,Open,,
INV-73817,REQ-44356,RQ-105,Brennan Hale PC,Granite Shield Insurance,2026-02-25,86.60,Paid,2026-03-01,
INV-73818,REQ-44357,RQ-130,Sterling Auto Insurance,Granite Shield Insurance,2026-03-11,182.85,Paid,2026-03-15,
INV-73819,REQ-44358,RQ-121,RecordPoint Retrieval,Granite Shield Insurance,2026-03-03,109.00,Paid,2026-03-06,
INV-73820,REQ-44360,RQ-129,Evergreen Casualty,Granite Shield Insurance,2026-02-16,63.50,Open,,
INV-73821,REQ-44363,RQ-124,Keystone Record Retrieval,Granite Shield Insurance,2026-02-11,210.50,Paid,2026-02-28,
INV-73822,REQ-44364,RQ-121,RecordPoint Retrieval,Granite Shield Insurance,2026-02-26,51.25,Paid,2026-03-13,
INV-73823,REQ-44365,RQ-129,Evergreen Casualty,Granite Shield Insurance,2026-02-09,91.85,Paid,2026-02-12,
INV-73824,REQ-44366,RQ-101,Morrison & Pratt LLP,Granite Shield Insurance,2026-03-05,55.80,Paid,2026-03-07,
INV-73825,REQ-44368,RQ-129,Evergreen Casualty,Granite Shield Insurance,2026-02-26,66.30,Paid,2026-03-16,
INV-73826,REQ-44369,RQ-122,SwiftFile Records,Granite Shield Insurance,2026-02-17,117.40,Paid,2026-03-06,
INV-73827,REQ-44372,RQ-128,Lakeside Mutual,Granite Shield Insurance,2026-02-12,61.40,Paid,2026-03-02,
INV-73828,REQ-44373,RQ-120,Beaumont Stark,Granite Shield Insurance,2026-03-02,93.95,Paid,2026-03-04,
INV-73829,REQ-44374,RQ-125,ClearPath Records,Granite Shield Insurance,2026-03-03,81.70,Open,,
INV-73830,REQ-44375,RQ-105,Brennan Hale PC,Granite Shield Insurance,2026-03-03,63.85,Paid,2026-03-11,
INV-73831,REQ-44376,RQ-121,RecordPoint Retrieval,Granite Shield Insurance,2026-02-27,41.10,Paid,2026-03-05,
INV-73832,REQ-44377,RQ-106,Ostrowski Legal,Granite Shield Insurance,2026-02-17,45.30,Paid,2026-02-19,
INV-73833,REQ-44378,RQ-113,Grayson Poole,Granite Shield Insurance,2026-02-13,76.80,Cancelled,,Request withdrawn
INV-73834,REQ-44379,RQ-121,RecordPoint Retrieval,Granite Shield Insurance,2026-02-25,77.15,Paid,2026-03-04,
INV-73835,REQ-44380,RQ-106,Ostrowski Legal,Granite Shield Insurance,2026-03-02,36.20,Open,,
INV-73836,REQ-44381,RQ-121,RecordPoint Retrieval,Keystone Auto Group,2026-02-13,114.60,Paid,2026-02-22,
INV-73837,REQ-44382,RQ-101,Morrison & Pratt LLP,Keystone Auto Group,2026-02-25,48.10,Paid,2026-03-03,
INV-73838,REQ-44383,RQ-101,Morrison & Pratt LLP,Keystone Auto Group,2026-02-05,91.15,Cancelled,,Duplicate request
INV-73839,REQ-44384,RQ-125,ClearPath Records,Keystone Auto Group,2026-03-04,40.75,Paid,2026-03-09,
INV-73840,REQ-44385,RQ-121,RecordPoint Retrieval,Keystone Auto Group,2026-02-09,49.85,Paid,2026-02-25,
INV-73841,REQ-44386,RQ-118,Pruitt Legal Group,Keystone Auto Group,2026-02-10,51.60,Paid,2026-02-25,
INV-73842,REQ-44387,RQ-112,Abernathy Law,Keystone Auto Group,2026-02-13,133.50,Open,,
INV-73843,REQ-44388,RQ-112,Abernathy Law,Keystone Auto Group,2026-02-27,105.50,Paid,2026-03-09,
INV-73844,REQ-44389,RQ-117,Iverson Goldberg,Keystone Auto Group,2026-03-04,82.05,Paid,2026-03-11,
INV-73845,REQ-44391,RQ-125,ClearPath Records,Keystone Auto Group,2026-02-24,36.55,Paid,2026-03-14,
INV-73846,REQ-44392,RQ-117,Iverson Goldberg,Keystone Auto Group,2026-02-09,65.95,Paid,2026-02-14,
INV-73847,REQ-44393,RQ-104,Whitcombe & Rao,Keystone Auto Group,2026-02-10,41.80,Paid,2026-02-15,
INV-73848,REQ-44394,RQ-101,Morrison & Pratt LLP,Keystone Auto Group,2026-02-23,109.00,Cancelled,,Duplicate request
INV-73849,REQ-44395,RQ-130,Sterling Auto Insurance,Keystone Auto Group,2026-02-23,89.75,Open,,
INV-73850,REQ-44396,RQ-125,ClearPath Records,Keystone Auto Group,2026-02-06,38.65,Paid,2026-02-22,
INV-73851,REQ-44397,RQ-121,RecordPoint Retrieval,Keystone Auto Group,2026-02-06,53.35,Paid,2026-02-17,
INV-73852,REQ-44398,RQ-125,ClearPath Records,Keystone Auto Group,2026-03-02,156.95,Paid,2026-03-12,
INV-73853,REQ-44399,RQ-101,Morrison & Pratt LLP,Keystone Auto Group,2026-03-03,42.15,Cancelled,,Duplicate request
INV-73854,REQ-44400,RQ-116,Carver Moss LLP,Keystone Auto Group,2026-02-20,86.25,Paid,2026-02-26,
INV-73855,REQ-44401,RQ-105,Brennan Hale PC,Keystone Auto Group,2026-02-16,87.30,Paid,2026-02-19,
INV-73856,REQ-44402,RQ-105,Brennan Hale PC,Keystone Auto Group,2026-03-09,91.85,Paid,2026-03-11,
INV-73857,REQ-44403,RQ-108,Salas Trial Lawyers,Keystone Auto Group,2026-02-16,100.95,Paid,2026-02-27,
INV-73858,REQ-44404,RQ-130,Sterling Auto Insurance,Keystone Auto Group,2026-02-24,62.45,Paid,2026-03-02,
INV-73859,REQ-44406,RQ-125,ClearPath Records,Keystone Auto Group,2026-02-25,40.75,Paid,2026-03-12,
INV-73860,REQ-44407,RQ-124,Keystone Record Retrieval,Keystone Auto Group,2026-03-04,39.00,Paid,2026-03-07,
INV-73861,REQ-44408,RQ-101,Morrison & Pratt LLP,Keystone Auto Group,2026-02-10,55.10,Cancelled,,Duplicate request
INV-73862,REQ-44410,RQ-125,ClearPath Records,Keystone Auto Group,2026-02-18,64.20,Paid,2026-02-23,
INV-73863,REQ-44411,RQ-113,Grayson Poole,Keystone Auto Group,2026-02-06,46.70,Paid,2026-02-15,
INV-73864,REQ-44412,RQ-121,RecordPoint Retrieval,Keystone Auto Group,2026-02-24,136.65,Open,,
INV-73865,REQ-44413,RQ-123,DocuTrace Services,Keystone Auto Group,2026-02-26,85.20,Paid,2026-03-03,
INV-73866,REQ-44414,RQ-110,Marchetti & Cole,Keystone Auto Group,2026-02-24,44.60,Paid,2026-03-13,
INV-73867,REQ-44415,RQ-108,Salas Trial Lawyers,Keystone Auto Group,2026-02-23,135.25,Paid,2026-02-25,
INV-73868,REQ-44416,RQ-121,RecordPoint Retrieval,Keystone Auto Group,2026-02-09,57.55,Paid,2026-02-15,
INV-73869,REQ-44417,RQ-129,Evergreen Casualty,Keystone Auto Group,2026-02-20,46.35,Paid,2026-02-22,
INV-73870,REQ-44418,RQ-104,Whitcombe & Rao,Keystone Auto Group,2026-02-16,98.15,Paid,2026-02-27,
INV-73871,REQ-44419,RQ-129,Evergreen Casualty,Keystone Auto Group,2026-03-06,97.45,Paid,2026-03-17,
INV-73872,REQ-44420,RQ-121,RecordPoint Retrieval,Keystone Auto Group,2026-02-16,43.55,Paid,2026-03-06,
INV-73873,REQ-44421,RQ-121,RecordPoint Retrieval,Keystone Auto Group,2026-03-04,102.70,Paid,2026-03-06,
INV-73874,REQ-44422,RQ-128,Lakeside Mutual,Keystone Auto Group,2026-02-26,42.15,Paid,2026-03-13,
INV-73875,REQ-44423,RQ-111,Ferris Nguyen LLP,Keystone Auto Group,2026-02-20,59.65,Paid,2026-03-08,
INV-73876,REQ-44424,RQ-114,Tate & Winslow,Tri-County Workers' Comp Fund,2026-02-20,108.65,Paid,2026-03-10,
INV-73877,REQ-44425,RQ-101,Morrison & Pratt LLP,Tri-County Workers' Comp Fund,2026-03-11,93.60,Paid,2026-03-16,
INV-73878,REQ-44427,RQ-103,Kessler Injury Attorneys,Tri-County Workers' Comp Fund,2026-02-24,58.60,Paid,2026-03-05,
INV-73879,REQ-44428,RQ-112,Abernathy Law,Tri-County Workers' Comp Fund,2026-02-17,56.50,Paid,2026-02-21,
INV-73880,REQ-44430,RQ-120,Beaumont Stark,Tri-County Workers' Comp Fund,2026-02-24,52.65,Paid,2026-03-03,
INV-73881,REQ-44431,RQ-109,Hudson Valley Injury Law,Tri-County Workers' Comp Fund,2026-02-11,70.50,Paid,2026-02-20,
INV-73882,REQ-44432,RQ-101,Morrison & Pratt LLP,Tri-County Workers' Comp Fund,2026-02-19,58.60,Paid,2026-02-21,
INV-73883,REQ-44433,RQ-104,Whitcombe & Rao,Tri-County Workers' Comp Fund,2026-02-12,36.90,Paid,2026-02-21,
INV-73884,REQ-44435,RQ-129,Evergreen Casualty,Tri-County Workers' Comp Fund,2026-03-09,33.05,Paid,2026-03-24,
INV-73885,REQ-44436,RQ-101,Morrison & Pratt LLP,Tri-County Workers' Comp Fund,2026-03-02,53.00,Cancelled,,Duplicate request
INV-73886,REQ-44439,RQ-123,DocuTrace Services,Tri-County Workers' Comp Fund,2026-02-12,33.75,Paid,2026-02-17,
INV-73887,REQ-44440,RQ-124,Keystone Record Retrieval,Tri-County Workers' Comp Fund,2026-02-16,80.30,Paid,2026-02-28,
INV-73888,REQ-44442,RQ-118,Pruitt Legal Group,Tri-County Workers' Comp Fund,2026-02-16,93.25,Paid,2026-02-26,
INV-73889,REQ-44444,RQ-120,Beaumont Stark,Tri-County Workers' Comp Fund,2026-02-10,53.70,Paid,2026-02-24,
INV-73890,REQ-44445,RQ-111,Ferris Nguyen LLP,Tri-County Workers' Comp Fund,2026-03-04,105.50,Paid,2026-03-22,
INV-73891,REQ-44446,RQ-123,DocuTrace Services,Tri-County Workers' Comp Fund,2026-03-04,89.75,Open,,
INV-73892,REQ-44447,RQ-121,RecordPoint Retrieval,Tri-County Workers' Comp Fund,2026-02-19,60.00,Open,,
INV-73893,REQ-44448,RQ-121,RecordPoint Retrieval,Tri-County Workers' Comp Fund,2026-02-09,46.70,Open,,
INV-73894,REQ-44450,RQ-109,Hudson Valley Injury Law,Tri-County Workers' Comp Fund,2026-03-10,110.05,Paid,2026-03-12,
INV-73895,REQ-44451,RQ-125,ClearPath Records,Tri-County Workers' Comp Fund,2026-02-18,41.45,Paid,2026-02-21,
INV-73896,REQ-44453,RQ-109,Hudson Valley Injury Law,Tri-County Workers' Comp Fund,2026-03-04,57.90,Paid,2026-03-09,
INV-73897,REQ-44454,RQ-111,Ferris Nguyen LLP,Tri-County Workers' Comp Fund,2026-03-05,74.00,Paid,2026-03-23,
INV-73898,REQ-44455,RQ-128,Lakeside Mutual,Tri-County Workers' Comp Fund,2026-02-17,39.35,Open,,
INV-73899,REQ-44456,RQ-125,ClearPath Records,Tri-County Workers' Comp Fund,2026-02-10,106.90,Paid,2026-02-24,
INV-73900,REQ-44458,RQ-123,DocuTrace Services,Tri-County Workers' Comp Fund,2026-02-13,61.40,Open,,
INV-73901,REQ-44460,RQ-125,ClearPath Records,Tri-County Workers' Comp Fund,2026-03-06,58.60,Paid,2026-03-18,
INV-73902,REQ-44461,RQ-122,SwiftFile Records,Tri-County Workers' Comp Fund,2026-02-10,107.60,Paid,2026-02-24,
INV-73903,REQ-44462,RQ-111,Ferris Nguyen LLP,Tri-County Workers' Comp Fund,2026-02-20,70.85,Paid,2026-02-28,
INV-73904,REQ-44463,RQ-124,Keystone Record Retrieval,Beacon Casualty Company,2026-02-13,62.80,Paid,2026-02-26,
INV-73905,REQ-44465,RQ-118,Pruitt Legal Group,Beacon Casualty Company,2026-02-24,98.15,Paid,2026-03-08,
INV-73906,REQ-44466,RQ-118,Pruitt Legal Group,Beacon Casualty Company,2026-03-03,32.70,Paid,2026-03-09,
INV-73907,REQ-44467,RQ-102,Delgado Law Group,Beacon Casualty Company,2026-02-20,94.30,Paid,2026-03-06,
INV-73908,REQ-44468,RQ-125,ClearPath Records,Beacon Casualty Company,2026-02-09,53.00,Paid,2026-02-16,
INV-73909,REQ-44469,RQ-118,Pruitt Legal Group,Beacon Casualty Company,2026-02-23,68.75,Paid,2026-03-04,
INV-73910,REQ-44470,RQ-112,Abernathy Law,Beacon Casualty Company,2026-02-12,32.00,Paid,2026-02-17,
INV-73911,REQ-44471,RQ-104,Whitcombe & Rao,Beacon Casualty Company,2026-02-19,64.20,Paid,2026-03-01,
INV-73912,REQ-44472,RQ-126,Summit Chart Services,Beacon Casualty Company,2026-03-02,37.95,Cancelled,,Request withdrawn
INV-73913,REQ-44473,RQ-109,Hudson Valley Injury Law,Beacon Casualty Company,2026-02-26,100.95,Paid,2026-03-01,
INV-73914,REQ-44474,RQ-126,Summit Chart Services,Beacon Casualty Company,2026-02-24,116.70,Open,,
INV-73915,REQ-44475,RQ-121,RecordPoint Retrieval,Beacon Casualty Company,2026-02-23,64.90,Open,,
INV-73916,REQ-44476,RQ-126,Summit Chart Services,Beacon Casualty Company,2026-02-26,67.35,Paid,2026-03-13,
INV-73917,REQ-44477,RQ-123,DocuTrace Services,Beacon Casualty Company,2026-02-12,141.55,Paid,2026-03-01,
INV-73918,REQ-44478,RQ-102,Delgado Law Group,Beacon Casualty Company,2026-02-24,52.65,Paid,2026-03-03,
INV-73919,REQ-44479,RQ-117,Iverson Goldberg,Beacon Casualty Company,2026-02-16,65.60,Paid,2026-02-24,
INV-73920,REQ-44480,RQ-129,Evergreen Casualty,Beacon Casualty Company,2026-02-25,55.10,Paid,2026-03-12,
INV-73921,REQ-44481,RQ-109,Hudson Valley Injury Law,Beacon Casualty Company,2026-02-10,47.05,Paid,2026-02-15,
INV-73922,REQ-44482,RQ-123,DocuTrace Services,Beacon Casualty Company,2026-02-26,76.80,Paid,2026-02-28,
INV-73923,REQ-44483,RQ-126,Summit Chart Services,Beacon Casualty Company,2026-02-12,57.55,Paid,2026-02-25,
INV-73924,REQ-44485,RQ-124,Keystone Record Retrieval,Beacon Casualty Company,2026-02-26,35.50,Paid,2026-03-05,
INV-73925,REQ-44486,RQ-109,Hudson Valley Injury Law,Beacon Casualty Company,2026-03-04,65.25,Paid,2026-03-10,
INV-73926,REQ-44487,RQ-126,Summit Chart Services,Beacon Casualty Company,2026-03-02,51.95,Paid,2026-03-14,
INV-73927,REQ-44488,RQ-111,Ferris Nguyen LLP,Beacon Casualty Company,2026-03-06,78.55,Paid,2026-03-12,
INV-73928,REQ-44489,RQ-121,RecordPoint Retrieval,Beacon Casualty Company,2026-02-24,61.75,Paid,2026-03-02,
INV-73929,REQ-44490,RQ-117,Iverson Goldberg,Beacon Casualty Company,2026-02-20,67.35,Paid,2026-02-24,
INV-73930,REQ-44491,RQ-121,RecordPoint Retrieval,Beacon Casualty Company,2026-03-05,53.35,Paid,2026-03-15,
INV-73931,REQ-44492,RQ-108,Salas Trial Lawyers,Beacon Casualty Company,2026-02-23,138.75,Cancelled,,Duplicate request
INV-73932,REQ-44493,RQ-113,Grayson Poole,Beacon Casualty Company,2026-03-10,39.70,Paid,2026-03-16,
INV-73933,REQ-44494,RQ-107,Park & Levine,Beacon Casualty Company,2026-02-16,50.55,Paid,2026-02-20,
INV-73934,REQ-44495,RQ-106,Ostrowski Legal,Beacon Casualty Company,2026-03-02,85.20,Paid,2026-03-18,
INV-73935,REQ-44496,RQ-117,Iverson Goldberg,Beacon Casualty Company,2026-02-12,59.30,Paid,2026-02-24,
INV-73936,REQ-44497,RQ-116,Carver Moss LLP,Beacon Casualty Company,2026-02-25,83.80,Paid,2026-03-06,
INV-73937,REQ-44498,RQ-121,RecordPoint Retrieval,Beacon Casualty Company,2026-02-19,83.45,Paid,2026-03-01,
INV-73938,REQ-44499,RQ-120,Beaumont Stark,Beacon Casualty Company,2026-02-06,49.50,Paid,2026-02-16,
INV-73939,REQ-44500,RQ-108,Salas Trial Lawyers,Beacon Casualty Company,2026-02-18,149.25,Open,,
INV-73940,REQ-44501,RQ-126,Summit Chart Services,Beacon Casualty Company,2026-02-13,49.85,Cancelled,,Request withdrawn
INV-73941,REQ-44502,RQ-106,Ostrowski Legal,Beacon Casualty Company,2026-02-10,60.00,Paid,2026-02-24,
INV-73942,REQ-44503,RQ-123,DocuTrace Services,Beacon Casualty Company,2026-02-23,119.15,Paid,2026-03-01,
INV-73943,REQ-44504,RQ-111,Ferris Nguyen LLP,Beacon Casualty Company,2026-02-24,64.55,Paid,2026-03-07,
INV-73944,REQ-44506,RQ-123,DocuTrace Services,Northfork Insurance Co.,2026-02-26,115.65,Cancelled,,Request withdrawn
INV-73945,REQ-44507,RQ-106,Ostrowski Legal,Northfork Insurance Co.,2026-02-11,116.00,Open,,
INV-73946,REQ-44509,RQ-126,Summit Chart Services,Northfork Insurance Co.,2026-02-27,37.25,Paid,2026-03-10,
INV-73947,REQ-44510,RQ-122,SwiftFile Records,Northfork Insurance Co.,2026-02-11,38.65,Paid,2026-02-19,
INV-73948,REQ-44511,RQ-101,Morrison & Pratt LLP,Northfork Insurance Co.,2026-03-02,66.30,Paid,2026-03-16,
INV-73949,REQ-44512,RQ-109,Hudson Valley Injury Law,Northfork Insurance Co.,2026-02-23,75.05,Paid,2026-02-27,
INV-73950,REQ-44513,RQ-101,Morrison & Pratt LLP,Northfork Insurance Co.,2026-03-03,94.30,Paid,2026-03-16,
INV-73951,REQ-44514,RQ-127,Pioneer Standard Insurance,Northfork Insurance Co.,2026-02-27,71.90,Paid,2026-03-15,
INV-73952,REQ-44515,RQ-125,ClearPath Records,Northfork Insurance Co.,2026-03-05,79.60,Paid,2026-03-08,
INV-73953,REQ-44516,RQ-104,Whitcombe & Rao,Northfork Insurance Co.,2026-02-13,104.80,Paid,2026-02-26,
INV-73954,REQ-44517,RQ-124,Keystone Record Retrieval,Northfork Insurance Co.,2026-02-12,154.15,Cancelled,,No records found
INV-73955,REQ-44518,RQ-114,Tate & Winslow,Northfork Insurance Co.,2026-02-20,121.25,Paid,2026-02-27,
INV-73956,REQ-44519,RQ-108,Salas Trial Lawyers,Northfork Insurance Co.,2026-02-23,62.10,Paid,2026-03-11,
INV-73957,REQ-44520,RQ-121,RecordPoint Retrieval,Northfork Insurance Co.,2026-02-25,58.95,Paid,2026-03-01,
INV-73958,REQ-44521,RQ-101,Morrison & Pratt LLP,Northfork Insurance Co.,2026-03-06,216.80,Cancelled,,Duplicate request
INV-73959,REQ-44523,RQ-125,ClearPath Records,Northfork Insurance Co.,2026-03-03,101.30,Paid,2026-03-12,
INV-73960,REQ-44524,RQ-129,Evergreen Casualty,Northfork Insurance Co.,2026-02-23,203.50,Paid,2026-03-04,
INV-73961,REQ-44526,RQ-107,Park & Levine,Northfork Insurance Co.,2026-03-04,75.05,Paid,2026-03-22,
INV-73962,REQ-44527,RQ-121,RecordPoint Retrieval,Northfork Insurance Co.,2026-03-04,172.70,Open,,
INV-73963,REQ-44528,RQ-101,Morrison & Pratt LLP,Northfork Insurance Co.,2026-02-19,104.10,Open,,
INV-73964,REQ-44529,RQ-128,Lakeside Mutual,Northfork Insurance Co.,2026-02-19,62.10,Paid,2026-03-06,
INV-73965,REQ-44530,RQ-121,RecordPoint Retrieval,Northfork Insurance Co.,2026-03-02,40.40,Paid,2026-03-18,
INV-73966,REQ-44531,RQ-108,Salas Trial Lawyers,Northfork Insurance Co.,2026-03-03,89.40,Open,,
INV-73967,REQ-44532,RQ-108,Salas Trial Lawyers,Northfork Insurance Co.,2026-02-23,37.25,Paid,2026-03-07,
INV-73968,REQ-44533,RQ-114,Tate & Winslow,Northfork Insurance Co.,2026-02-25,89.05,Paid,2026-03-09,
INV-73969,REQ-44534,RQ-110,Marchetti & Cole,Northfork Insurance Co.,2026-03-02,65.25,Paid,2026-03-05,
INV-73970,REQ-44535,RQ-101,Morrison & Pratt LLP,Northfork Insurance Co.,2026-03-06,144.00,Paid,2026-03-24,
INV-73971,REQ-44536,RQ-125,ClearPath Records,Northfork Insurance Co.,2026-02-25,100.60,Paid,2026-03-15,
INV-73972,REQ-44537,RQ-107,Park & Levine,Northfork Insurance Co.,2026-02-05,112.15,Paid,2026-02-12,
INV-73973,REQ-44539,RQ-118,Pruitt Legal Group,Meridian Auto & Home,2026-02-06,33.05,Paid,2026-02-20,
INV-73974,REQ-44540,RQ-101,Morrison & Pratt LLP,Meridian Auto & Home,2026-02-13,139.10,Paid,2026-02-19,
INV-73975,REQ-44541,RQ-105,Brennan Hale PC,Meridian Auto & Home,2026-02-27,36.55,Paid,2026-03-05,
INV-73976,REQ-44542,RQ-125,ClearPath Records,Meridian Auto & Home,2026-03-02,58.95,Paid,2026-03-07,
INV-73977,REQ-44543,RQ-122,SwiftFile Records,Meridian Auto & Home,2026-02-06,56.50,Open,,
INV-73978,REQ-44544,RQ-105,Brennan Hale PC,Meridian Auto & Home,2026-02-06,53.35,Paid,2026-02-19,
INV-73979,REQ-44545,RQ-112,Abernathy Law,Meridian Auto & Home,2026-02-27,65.60,Paid,2026-03-13,
INV-73980,REQ-44546,RQ-125,ClearPath Records,Meridian Auto & Home,2026-02-26,42.50,Paid,2026-03-08,
INV-73981,REQ-44547,RQ-126,Summit Chart Services,Meridian Auto & Home,2026-02-12,62.10,Paid,2026-02-26,
INV-73982,REQ-44548,RQ-106,Ostrowski Legal,Meridian Auto & Home,2026-02-05,62.10,Paid,2026-02-20,
INV-73983,REQ-44549,RQ-121,RecordPoint Retrieval,Meridian Auto & Home,2026-02-26,67.35,Open,,
INV-73984,REQ-44550,RQ-127,Pioneer Standard Insurance,Meridian Auto & Home,2026-02-03,41.10,Paid,2026-02-09,
INV-73985,REQ-44551,RQ-126,Summit Chart Services,Meridian Auto & Home,2026-02-09,51.60,Paid,2026-02-24,
INV-73986,REQ-44552,RQ-110,Marchetti & Cole,Meridian Auto & Home,2026-02-18,74.35,Paid,2026-03-05,
INV-73987,REQ-44553,RQ-124,Keystone Record Retrieval,Meridian Auto & Home,2026-02-12,57.20,Paid,2026-02-14,
INV-73988,REQ-44554,RQ-118,Pruitt Legal Group,Meridian Auto & Home,2026-02-10,44.25,Paid,2026-02-27,
INV-73989,REQ-44555,RQ-120,Beaumont Stark,Meridian Auto & Home,2026-03-02,71.55,Paid,2026-03-20,
INV-73990,REQ-44556,RQ-124,Keystone Record Retrieval,Meridian Auto & Home,2026-02-05,103.75,Paid,2026-02-22,
INV-73991,REQ-44558,RQ-118,Pruitt Legal Group,Meridian Auto & Home,2026-02-24,86.95,Paid,2026-02-28,
INV-73992,REQ-44560,RQ-123,DocuTrace Services,Meridian Auto & Home,2026-03-03,54.40,Paid,2026-03-16,
INV-73993,REQ-44561,RQ-106,Ostrowski Legal,Atlas Comp Services,2026-02-16,69.45,Paid,2026-03-02,
INV-73994,REQ-44563,RQ-114,Tate & Winslow,Atlas Comp Services,2026-02-17,100.60,Paid,2026-03-06,
INV-73995,REQ-44564,RQ-110,Marchetti & Cole,Atlas Comp Services,2026-03-09,113.90,Open,,
INV-73996,REQ-44565,RQ-109,Hudson Valley Injury Law,Atlas Comp Services,2026-02-18,184.60,Paid,2026-02-20,
INV-73997,REQ-44567,RQ-123,DocuTrace Services,Atlas Comp Services,2026-02-27,167.80,Paid,2026-03-14,
INV-73998,REQ-44568,RQ-109,Hudson Valley Injury Law,Atlas Comp Services,2026-02-24,62.10,Paid,2026-03-03,
INV-73999,REQ-44569,RQ-108,Salas Trial Lawyers,Atlas Comp Services,2026-02-20,43.55,Paid,2026-03-05,
INV-74000,REQ-44570,RQ-101,Morrison & Pratt LLP,Atlas Comp Services,2026-02-26,55.80,Paid,2026-03-06,
INV-74001,REQ-44571,RQ-113,Grayson Poole,Atlas Comp Services,2026-02-20,70.85,Paid,2026-02-27,
INV-74002,REQ-44572,RQ-125,ClearPath Records,Atlas Comp Services,2026-02-11,78.20,Paid,2026-02-28,
INV-74003,REQ-44573,RQ-114,Tate & Winslow,Atlas Comp Services,2026-03-04,111.80,Paid,2026-03-17,
INV-74004,REQ-44574,RQ-101,Morrison & Pratt LLP,Atlas Comp Services,2026-02-20,64.20,Paid,2026-03-03,
INV-74005,REQ-44575,RQ-120,Beaumont Stark,Atlas Comp Services,2026-03-09,51.60,Paid,2026-03-23,
INV-74006,REQ-44576,RQ-125,ClearPath Records,Atlas Comp Services,2026-02-17,43.55,Paid,2026-02-21,
INV-74007,REQ-44577,RQ-103,Kessler Injury Attorneys,Harborline Mutual Insurance,2026-03-31,92.55,Paid,2026-04-03,
INV-74008,REQ-44578,RQ-121,RecordPoint Retrieval,Harborline Mutual Insurance,2026-04-02,63.85,Paid,2026-04-13,
INV-74009,REQ-44579,RQ-121,RecordPoint Retrieval,Harborline Mutual Insurance,2026-03-30,100.60,Open,,
INV-74010,REQ-44581,RQ-119,Quinlan & Ames,Harborline Mutual Insurance,2026-03-24,167.80,Paid,2026-04-11,
INV-74011,REQ-44583,RQ-103,Kessler Injury Attorneys,Harborline Mutual Insurance,2026-03-04,78.55,Paid,2026-03-07,
INV-74012,REQ-44584,RQ-121,RecordPoint Retrieval,Harborline Mutual Insurance,2026-03-09,42.50,Paid,2026-03-19,
INV-74013,REQ-44585,RQ-126,Summit Chart Services,Harborline Mutual Insurance,2026-03-26,45.30,Paid,2026-03-29,
INV-74014,REQ-44586,RQ-114,Tate & Winslow,Harborline Mutual Insurance,2026-03-19,49.50,Open,,
INV-74015,REQ-44587,RQ-127,Pioneer Standard Insurance,Harborline Mutual Insurance,2026-03-26,40.05,Paid,2026-04-13,
INV-74016,REQ-44588,RQ-116,Carver Moss LLP,Harborline Mutual Insurance,2026-03-11,203.50,Paid,2026-03-21,
INV-74017,REQ-44589,RQ-128,Lakeside Mutual,Harborline Mutual Insurance,2026-03-05,59.30,Paid,2026-03-14,
INV-74018,REQ-44590,RQ-101,Morrison & Pratt LLP,Harborline Mutual Insurance,2026-03-26,85.90,Paid,2026-04-08,
INV-74019,REQ-44591,RQ-121,RecordPoint Retrieval,Harborline Mutual Insurance,2026-03-31,119.85,Paid,2026-04-14,
INV-74020,REQ-44592,RQ-113,Grayson Poole,Harborline Mutual Insurance,2026-04-03,125.10,Paid,2026-04-18,
INV-74021,REQ-44593,RQ-118,Pruitt Legal Group,Harborline Mutual Insurance,2026-03-20,54.40,Paid,2026-04-07,
INV-74022,REQ-44594,RQ-129,Evergreen Casualty,Harborline Mutual Insurance,2026-03-19,77.15,Paid,2026-04-02,
INV-74023,REQ-44596,RQ-130,Sterling Auto Insurance,Harborline Mutual Insurance,2026-03-24,43.90,Paid,2026-04-07,
INV-74024,REQ-44597,RQ-124,Keystone Record Retrieval,Harborline Mutual Insurance,2026-03-20,105.15,Paid,2026-03-24,
INV-74025,REQ-44599,RQ-111,Ferris Nguyen LLP,Harborline Mutual Insurance,2026-03-09,68.40,Paid,2026-03-25,
INV-74026,REQ-44600,RQ-103,Kessler Injury Attorneys,Harborline Mutual Insurance,2026-03-13,72.95,Paid,2026-03-31,
INV-74027,REQ-44601,RQ-103,Kessler Injury Attorneys,Harborline Mutual Insurance,2026-03-26,56.15,Paid,2026-04-11,
INV-74028,REQ-44602,RQ-101,Morrison & Pratt LLP,Harborline Mutual Insurance,2026-03-19,132.10,Paid,2026-03-27,
INV-74029,REQ-44603,RQ-103,Kessler Injury Attorneys,Harborline Mutual Insurance,2026-03-30,141.55,Paid,2026-04-11,
INV-74030,REQ-44604,RQ-113,Grayson Poole,Harborline Mutual Insurance,2026-03-10,71.55,Paid,2026-03-23,
INV-74031,REQ-44605,RQ-127,Pioneer Standard Insurance,Harborline Mutual Insurance,2026-03-18,133.50,Paid,2026-03-26,
INV-74032,REQ-44606,RQ-113,Grayson Poole,Harborline Mutual Insurance,2026-03-18,57.90,Paid,2026-03-26,
INV-74033,REQ-44607,RQ-112,Abernathy Law,Harborline Mutual Insurance,2026-03-26,60.00,Paid,2026-04-10,
INV-74034,REQ-44608,RQ-116,Carver Moss LLP,Harborline Mutual Insurance,2026-03-09,48.80,Paid,2026-03-20,
INV-74035,REQ-44609,RQ-124,Keystone Record Retrieval,Harborline Mutual Insurance,2026-03-13,45.30,Paid,2026-03-18,
INV-74036,REQ-44610,RQ-112,Abernathy Law,Harborline Mutual Insurance,2026-03-16,43.55,Paid,2026-03-21,
INV-74037,REQ-44611,RQ-126,Summit Chart Services,Harborline Mutual Insurance,2026-03-13,81.00,Paid,2026-03-25,
INV-74038,REQ-44612,RQ-130,Sterling Auto Insurance,Harborline Mutual Insurance,2026-03-10,113.20,Paid,2026-03-16,
INV-74039,REQ-44613,RQ-105,Brennan Hale PC,Harborline Mutual Insurance,2026-03-27,86.60,Open,,
INV-74040,REQ-44614,RQ-114,Tate & Winslow,Harborline Mutual Insurance,2026-03-09,65.95,Cancelled,,No records found
INV-74041,REQ-44616,RQ-122,SwiftFile Records,Harborline Mutual Insurance,2026-03-20,265.10,Paid,2026-04-02,
INV-74042,REQ-44617,RQ-122,SwiftFile Records,Harborline Mutual Insurance,2026-03-27,44.25,Paid,2026-03-31,
INV-74043,REQ-44618,RQ-104,Whitcombe & Rao,Harborline Mutual Insurance,2026-03-11,52.30,Paid,2026-03-17,
INV-74044,REQ-44619,RQ-116,Carver Moss LLP,Harborline Mutual Insurance,2026-04-01,112.85,Paid,2026-04-09,
INV-74045,REQ-44620,RQ-128,Lakeside Mutual,Harborline Mutual Insurance,2026-03-18,90.10,Paid,2026-04-01,
INV-74046,REQ-44622,RQ-116,Carver Moss LLP,Harborline Mutual Insurance,2026-04-02,65.25,Paid,2026-04-08,
INV-74047,REQ-44623,RQ-123,DocuTrace Services,Harborline Mutual Insurance,2026-03-05,54.05,Paid,2026-03-12,
INV-74048,REQ-44624,RQ-112,Abernathy Law,Harborline Mutual Insurance,2026-03-13,147.50,Open,,
INV-74049,REQ-44625,RQ-128,Lakeside Mutual,Harborline Mutual Insurance,2026-03-19,47.05,Paid,2026-03-26,
INV-74050,REQ-44626,RQ-122,SwiftFile Records,Harborline Mutual Insurance,2026-03-27,48.45,Paid,2026-04-05,
INV-74051,REQ-44627,RQ-121,RecordPoint Retrieval,Harborline Mutual Insurance,2026-03-20,52.65,Paid,2026-03-30,
INV-74052,REQ-44628,RQ-106,Ostrowski Legal,Harborline Mutual Insurance,2026-03-26,59.30,Paid,2026-03-30,
INV-74053,REQ-44629,RQ-121,RecordPoint Retrieval,Harborline Mutual Insurance,2026-03-18,45.65,Paid,2026-04-03,
INV-74054,REQ-44630,RQ-126,Summit Chart Services,Harborline Mutual Insurance,2026-03-13,58.60,Paid,2026-03-23,
INV-74055,REQ-44631,RQ-114,Tate & Winslow,Harborline Mutual Insurance,2026-03-12,56.85,Paid,2026-03-22,
INV-74056,REQ-44632,RQ-128,Lakeside Mutual,Harborline Mutual Insurance,2026-03-10,72.60,Paid,2026-03-24,
INV-74057,REQ-44633,RQ-101,Morrison & Pratt LLP,Harborline Mutual Insurance,2026-03-09,45.30,Paid,2026-03-15,
INV-74058,REQ-44635,RQ-122,SwiftFile Records,Harborline Mutual Insurance,2026-03-13,47.40,Paid,2026-03-28,
INV-74059,REQ-44636,RQ-112,Abernathy Law,Harborline Mutual Insurance,2026-03-31,95.35,Paid,2026-04-12,
INV-74060,REQ-44637,RQ-121,RecordPoint Retrieval,Harborline Mutual Insurance,2026-03-25,63.15,Open,,
INV-74061,REQ-44638,RQ-124,Keystone Record Retrieval,Harborline Mutual Insurance,2026-03-25,66.65,Paid,2026-03-28,
INV-74062,REQ-44640,RQ-108,Salas Trial Lawyers,Harborline Mutual Insurance,2026-03-17,90.45,Paid,2026-04-03,
INV-74063,REQ-44642,RQ-116,Carver Moss LLP,Harborline Mutual Insurance,2026-03-04,74.70,Paid,2026-03-19,
INV-74064,REQ-44643,RQ-107,Park & Levine,Harborline Mutual Insurance,2026-03-19,243.75,Paid,2026-03-22,
INV-74065,REQ-44644,RQ-113,Grayson Poole,Harborline Mutual Insurance,2026-03-09,44.25,Paid,2026-03-24,
INV-74066,REQ-44645,RQ-125,ClearPath Records,Harborline Mutual Insurance,2026-03-20,58.60,Paid,2026-03-22,
INV-74067,REQ-44646,RQ-106,Ostrowski Legal,Harborline Mutual Insurance,2026-04-03,46.35,Paid,2026-04-15,
INV-74068,REQ-44647,RQ-115,Lindqvist Defense,Harborline Mutual Insurance,2026-03-11,198.25,Paid,2026-03-27,
INV-74069,REQ-44648,RQ-121,RecordPoint Retrieval,Harborline Mutual Insurance,2026-03-10,52.65,Paid,2026-03-20,
INV-74070,REQ-44649,RQ-119,Quinlan & Ames,Harborline Mutual Insurance,2026-03-11,96.75,Paid,2026-03-27,
INV-74071,REQ-44650,RQ-108,Salas Trial Lawyers,Harborline Mutual Insurance,2026-03-27,69.45,Paid,2026-04-13,
INV-74072,REQ-44651,RQ-127,Pioneer Standard Insurance,Harborline Mutual Insurance,2026-03-25,61.40,Open,,
INV-74073,REQ-44652,RQ-111,Ferris Nguyen LLP,Harborline Mutual Insurance,2026-03-26,77.85,Open,,
INV-74074,REQ-44653,RQ-102,Delgado Law Group,Harborline Mutual Insurance,2026-03-12,86.95,Paid,2026-03-28,
INV-74075,REQ-44654,RQ-118,Pruitt Legal Group,Harborline Mutual Insurance,2026-03-23,103.05,Open,,
INV-74076,REQ-44655,RQ-125,ClearPath Records,Harborline Mutual Insurance,2026-03-12,77.50,Paid,2026-03-20,
INV-74077,REQ-44656,RQ-121,RecordPoint Retrieval,Harborline Mutual Insurance,2026-03-26,55.10,Open,,
INV-74078,REQ-44657,RQ-125,ClearPath Records,Harborline Mutual Insurance,2026-03-20,54.40,Paid,2026-03-23,
INV-74079,REQ-44658,RQ-102,Delgado Law Group,Harborline Mutual Insurance,2026-03-27,64.20,Paid,2026-04-14,
INV-74080,REQ-44659,RQ-121,RecordPoint Retrieval,Harborline Mutual Insurance,2026-03-06,95.35,Paid,2026-03-21,
INV-74081,REQ-44660,RQ-121,RecordPoint Retrieval,Harborline Mutual Insurance,2026-03-24,117.40,Open,,
INV-74082,REQ-44661,RQ-101,Morrison & Pratt LLP,Harborline Mutual Insurance,2026-03-25,63.50,Paid,2026-04-06,
INV-74083,REQ-44662,RQ-105,Brennan Hale PC,Harborline Mutual Insurance,2026-03-20,92.20,Open,,
INV-74084,REQ-44663,RQ-103,Kessler Injury Attorneys,Harborline Mutual Insurance,2026-03-20,51.60,Paid,2026-03-22,
INV-74085,REQ-44664,RQ-124,Keystone Record Retrieval,Harborline Mutual Insurance,2026-03-19,146.80,Paid,2026-03-26,
INV-74086,REQ-44666,RQ-124,Keystone Record Retrieval,Harborline Mutual Insurance,2026-03-12,104.80,Open,,
INV-74087,REQ-44667,RQ-103,Kessler Injury Attorneys,Harborline Mutual Insurance,2026-03-12,59.65,Paid,2026-03-20,
INV-74088,REQ-44668,RQ-110,Marchetti & Cole,Harborline Mutual Insurance,2026-03-26,59.65,Paid,2026-04-05,
INV-74089,REQ-44669,RQ-111,Ferris Nguyen LLP,Harborline Mutual Insurance,2026-03-18,68.75,Paid,2026-04-01,
INV-74090,REQ-44670,RQ-127,Pioneer Standard Insurance,Harborline Mutual Insurance,2026-03-24,40.05,Paid,2026-03-30,
INV-74091,REQ-44671,RQ-103,Kessler Injury Attorneys,Harborline Mutual Insurance,2026-03-24,68.05,Paid,2026-03-31,
INV-74092,REQ-44672,RQ-104,Whitcombe & Rao,Harborline Mutual Insurance,2026-03-24,88.00,Cancelled,,Request withdrawn
INV-74093,REQ-44673,RQ-118,Pruitt Legal Group,Harborline Mutual Insurance,2026-03-27,77.15,Paid,2026-03-29,
INV-74094,REQ-44674,RQ-101,Morrison & Pratt LLP,Harborline Mutual Insurance,2026-03-30,77.50,Paid,2026-04-11,
INV-74095,REQ-44675,RQ-122,SwiftFile Records,Harborline Mutual Insurance,2026-04-06,48.10,Paid,2026-04-13,
INV-74096,REQ-44677,RQ-119,Quinlan & Ames,Harborline Mutual Insurance,2026-03-16,45.65,Paid,2026-03-30,
INV-74097,REQ-44678,RQ-110,Marchetti & Cole,Harborline Mutual Insurance,2026-03-27,43.55,Paid,2026-04-11,
INV-74098,REQ-44679,RQ-122,SwiftFile Records,Harborline Mutual Insurance,2026-03-31,100.60,Paid,2026-04-06,
INV-74099,REQ-44680,RQ-122,SwiftFile Records,Harborline Mutual Insurance,2026-03-26,87.30,Paid,2026-04-07,
INV-74100,REQ-44681,RQ-126,Summit Chart Services,Harborline Mutual Insurance,2026-03-16,95.00,Paid,2026-03-26,
INV-74101,REQ-44682,RQ-117,Iverson Goldberg,Harborline Mutual Insurance,2026-03-31,51.60,Paid,2026-04-09,
INV-74102,REQ-44683,RQ-130,Sterling Auto Insurance,Harborline Mutual Insurance,2026-03-18,134.20,Paid,2026-03-25,
INV-74103,REQ-44684,RQ-101,Morrison & Pratt LLP,Harborline Mutual Insurance,2026-03-18,53.70,Open,,
INV-74104,REQ-44685,RQ-105,Brennan Hale PC,Harborline Mutual Insurance,2026-03-17,37.60,Paid,2026-03-25,
INV-74105,REQ-44686,RQ-109,Hudson Valley Injury Law,Granite Shield Insurance,2026-03-16,109.00,Paid,2026-03-30,
INV-74106,REQ-44687,RQ-109,Hudson Valley Injury Law,Granite Shield Insurance,2026-03-30,48.80,Paid,2026-04-02,
INV-74107,REQ-44688,RQ-111,Ferris Nguyen LLP,Granite Shield Insurance,2026-03-12,92.55,Paid,2026-03-15,
INV-74108,REQ-44689,RQ-105,Brennan Hale PC,Granite Shield Insurance,2026-03-18,75.75,Paid,2026-03-29,
INV-74109,REQ-44690,RQ-125,ClearPath Records,Granite Shield Insurance,2026-03-16,92.55,Paid,2026-03-25,
INV-74110,REQ-44691,RQ-120,Beaumont Stark,Granite Shield Insurance,2026-04-01,40.05,Paid,2026-04-18,
INV-74111,REQ-44692,RQ-101,Morrison & Pratt LLP,Granite Shield Insurance,2026-03-25,59.65,Cancelled,,Duplicate request
INV-74112,REQ-44694,RQ-121,RecordPoint Retrieval,Granite Shield Insurance,2026-03-20,62.10,Paid,2026-03-26,
INV-74113,REQ-44695,RQ-128,Lakeside Mutual,Granite Shield Insurance,2026-03-27,92.90,Paid,2026-04-09,
INV-74114,REQ-44696,RQ-123,DocuTrace Services,Granite Shield Insurance,2026-03-30,48.10,Paid,2026-04-04,
INV-74115,REQ-44697,RQ-123,DocuTrace Services,Granite Shield Insurance,2026-03-26,181.80,Open,,
INV-74116,REQ-44698,RQ-121,RecordPoint Retrieval,Granite Shield Insurance,2026-04-02,117.05,Open,,
INV-74117,REQ-44699,RQ-129,Evergreen Casualty,Granite Shield Insurance,2026-03-18,45.30,Paid,2026-04-03,
INV-74118,REQ-44700,RQ-121,RecordPoint Retrieval,Granite Shield Insurance,2026-03-06,183.55,Open,,
INV-74119,REQ-44701,RQ-121,RecordPoint Retrieval,Granite Shield Insurance,2026-03-24,89.75,Open,,
INV-74120,REQ-44703,RQ-125,ClearPath Records,Granite Shield Insurance,2026-03-19,77.85,Paid,2026-04-04,
INV-74121,REQ-44705,RQ-106,Ostrowski Legal,Granite Shield Insurance,2026-03-24,72.60,Paid,2026-04-09,
INV-74122,REQ-44706,RQ-117,Iverson Goldberg,Granite Shield Insurance,2026-03-17,108.30,Paid,2026-03-28,
INV-74123,REQ-44707,RQ-122,SwiftFile Records,Granite Shield Insurance,2026-03-13,53.70,Paid,2026-03-16,
INV-74124,REQ-44708,RQ-121,RecordPoint Retrieval,Granite Shield Insurance,2026-03-10,62.10,Paid,2026-03-27,
INV-74125,REQ-44709,RQ-124,Keystone Record Retrieval,Granite Shield Insurance,2026-03-24,60.70,Paid,2026-03-30,
INV-74126,REQ-44711,RQ-121,RecordPoint Retrieval,Granite Shield Insurance,2026-03-26,55.45,Paid,2026-04-01,
INV-74127,REQ-44712,RQ-116,Carver Moss LLP,Granite Shield Insurance,2026-03-30,47.40,Paid,2026-04-05,
INV-74128,REQ-44713,RQ-105,Brennan Hale PC,Granite Shield Insurance,2026-03-23,93.25,Paid,2026-04-01,
INV-74129,REQ-44714,RQ-123,DocuTrace Services,Granite Shield Insurance,2026-03-23,46.00,Paid,2026-04-07,
INV-74130,REQ-44715,RQ-126,Summit Chart Services,Granite Shield Insurance,2026-03-30,141.55,Paid,2026-04-08,
INV-74131,REQ-44717,RQ-124,Keystone Record Retrieval,Granite Shield Insurance,2026-03-20,95.00,Paid,2026-03-28,
INV-74132,REQ-44718,RQ-110,Marchetti & Cole,Granite Shield Insurance,2026-03-23,34.45,Paid,2026-03-30,
INV-74133,REQ-44719,RQ-107,Park & Levine,Granite Shield Insurance,2026-03-30,126.50,Paid,2026-04-14,
INV-74134,REQ-44720,RQ-117,Iverson Goldberg,Granite Shield Insurance,2026-04-02,68.05,Paid,2026-04-19,
INV-74135,REQ-44721,RQ-114,Tate & Winslow,Granite Shield Insurance,2026-03-20,69.10,Paid,2026-04-03,
INV-74136,REQ-44722,RQ-123,DocuTrace Services,Granite Shield Insurance,2026-03-09,72.60,Open,,
INV-74137,REQ-44723,RQ-121,RecordPoint Retrieval,Granite Shield Insurance,2026-03-09,105.15,Cancelled,,Duplicate request
INV-74138,REQ-44724,RQ-107,Park & Levine,Granite Shield Insurance,2026-03-24,40.40,Paid,2026-04-03,
INV-74139,REQ-44725,RQ-110,Marchetti & Cole,Granite Shield Insurance,2026-03-20,47.75,Paid,2026-03-22,
INV-74140,REQ-44726,RQ-121,RecordPoint Retrieval,Granite Shield Insurance,2026-03-23,51.60,Open,,
INV-74141,REQ-44727,RQ-118,Pruitt Legal Group,Granite Shield Insurance,2026-03-18,90.10,Paid,2026-03-24,
INV-74142,REQ-44728,RQ-125,ClearPath Records,Granite Shield Insurance,2026-03-20,226.60,Paid,2026-03-24,
INV-74143,REQ-44729,RQ-128,Lakeside Mutual,Granite Shield Insurance,2026-03-13,36.55,Paid,2026-03-16,
INV-74144,REQ-44730,RQ-111,Ferris Nguyen LLP,Granite Shield Insurance,2026-03-11,46.70,Open,,
INV-74145,REQ-44731,RQ-119,Quinlan & Ames,Granite Shield Insurance,2026-03-16,89.40,Paid,2026-03-30,
INV-74146,REQ-44732,RQ-121,RecordPoint Retrieval,Granite Shield Insurance,2026-04-03,54.05,Open,,
INV-74147,REQ-44733,RQ-116,Carver Moss LLP,Granite Shield Insurance,2026-03-25,35.85,Open,,
INV-74148,REQ-44734,RQ-102,Delgado Law Group,Granite Shield Insurance,2026-03-30,61.40,Paid,2026-04-02,
INV-74149,REQ-44735,RQ-120,Beaumont Stark,Granite Shield Insurance,2026-03-20,54.75,Paid,2026-03-22,
INV-74150,REQ-44736,RQ-101,Morrison & Pratt LLP,Granite Shield Insurance,2026-03-24,103.40,Cancelled,,Duplicate request
INV-74151,REQ-44737,RQ-105,Brennan Hale PC,Granite Shield Insurance,2026-03-25,148.20,Paid,2026-04-01,
INV-74152,REQ-44738,RQ-130,Sterling Auto Insurance,Granite Shield Insurance,2026-03-26,73.30,Paid,2026-03-30,
INV-74153,REQ-44739,RQ-121,RecordPoint Retrieval,Granite Shield Insurance,2026-03-27,84.85,Cancelled,,Request withdrawn
INV-74154,REQ-44740,RQ-106,Ostrowski Legal,Granite Shield Insurance,2026-03-10,61.40,Open,,
INV-74155,REQ-44741,RQ-110,Marchetti & Cole,Granite Shield Insurance,2026-03-23,53.70,Open,,
INV-74156,REQ-44742,RQ-111,Ferris Nguyen LLP,Granite Shield Insurance,2026-04-03,80.65,Paid,2026-04-19,
INV-74157,REQ-44743,RQ-108,Salas Trial Lawyers,Granite Shield Insurance,2026-03-24,68.75,Open,,
INV-74158,REQ-44745,RQ-109,Hudson Valley Injury Law,Granite Shield Insurance,2026-03-25,111.45,Paid,2026-04-12,
INV-74159,REQ-44746,RQ-114,Tate & Winslow,Granite Shield Insurance,2026-03-06,93.25,Paid,2026-03-17,
INV-74160,REQ-44747,RQ-129,Evergreen Casualty,Granite Shield Insurance,2026-04-01,65.95,Paid,2026-04-12,
INV-74161,REQ-44748,RQ-122,SwiftFile Records,Granite Shield Insurance,2026-03-16,61.40,Paid,2026-03-30,
INV-74162,REQ-44749,RQ-119,Quinlan & Ames,Granite Shield Insurance,2026-03-18,63.15,Paid,2026-03-27,
INV-74163,REQ-44750,RQ-121,RecordPoint Retrieval,Granite Shield Insurance,2026-03-06,63.15,Open,,
INV-74164,REQ-44751,RQ-108,Salas Trial Lawyers,Granite Shield Insurance,2026-03-31,98.50,Open,,
INV-74165,REQ-44752,RQ-124,Keystone Record Retrieval,Granite Shield Insurance,2026-03-16,50.55,Paid,2026-03-26,
INV-74166,REQ-44753,RQ-108,Salas Trial Lawyers,Granite Shield Insurance,2026-03-18,40.75,Paid,2026-04-04,
INV-74167,REQ-44754,RQ-127,Pioneer Standard Insurance,Granite Shield Insurance,2026-03-10,53.70,Paid,2026-03-12,
INV-74168,REQ-44755,RQ-123,DocuTrace Services,Granite Shield Insurance,2026-03-11,63.85,Paid,2026-03-22,
INV-74169,REQ-44757,RQ-128,Lakeside Mutual,Keystone Auto Group,2026-04-01,99.20,Paid,2026-04-18,
INV-74170,REQ-44759,RQ-109,Hudson Valley Injury Law,Keystone Auto Group,2026-03-18,134.55,Cancelled,,No records found
INV-74171,REQ-44760,RQ-115,Lindqvist Defense,Keystone Auto Group,2026-03-23,68.05,Paid,2026-03-31,
INV-74172,REQ-44761,RQ-122,SwiftFile Records,Keystone Auto Group,2026-03-12,152.05,Paid,2026-03-16,
INV-74173,REQ-44762,RQ-125,ClearPath Records,Keystone Auto Group,2026-03-13,49.50,Open,,
INV-74174,REQ-44763,RQ-124,Keystone Record Retrieval,Keystone Auto Group,2026-03-16,107.95,Cancelled,,Duplicate request
INV-74175,REQ-44764,RQ-120,Beaumont Stark,Keystone Auto Group,2026-03-06,66.30,Paid,2026-03-18,
INV-74176,REQ-44765,RQ-122,SwiftFile Records,Keystone Auto Group,2026-03-30,60.00,Paid,2026-04-08,
INV-74177,REQ-44766,RQ-125,ClearPath Records,Keystone Auto Group,2026-03-24,42.15,Paid,2026-04-03,
INV-74178,REQ-44767,RQ-127,Pioneer Standard Insurance,Keystone Auto Group,2026-03-19,46.00,Paid,2026-04-04,
INV-74179,REQ-44768,RQ-121,RecordPoint Retrieval,Keystone Auto Group,2026-03-24,76.45,Paid,2026-04-06,
INV-74180,REQ-44769,RQ-113,Grayson Poole,Keystone Auto Group,2026-03-20,121.60,Paid,2026-04-07,
INV-74181,REQ-44770,RQ-123,DocuTrace Services,Keystone Auto Group,2026-03-05,130.00,Paid,2026-03-20,
INV-74182,REQ-44771,RQ-129,Evergreen Casualty,Keystone Auto Group,2026-03-31,139.45,Paid,2026-04-10,
INV-74183,REQ-44772,RQ-107,Park & Levine,Keystone Auto Group,2026-03-26,77.50,Paid,2026-04-11,
INV-74184,REQ-44773,RQ-112,Abernathy Law,Keystone Auto Group,2026-03-16,90.80,Open,,
INV-74185,REQ-44774,RQ-115,Lindqvist Defense,Keystone Auto Group,2026-04-02,151.35,Open,,
INV-74186,REQ-44775,RQ-121,RecordPoint Retrieval,Keystone Auto Group,2026-03-23,59.65,Paid,2026-04-05,
INV-74187,REQ-44776,RQ-124,Keystone Record Retrieval,Keystone Auto Group,2026-03-20,48.45,Paid,2026-03-25,
INV-74188,REQ-44777,RQ-122,SwiftFile Records,Keystone Auto Group,2026-03-12,77.15,Paid,2026-03-30,
INV-74189,REQ-44778,RQ-117,Iverson Goldberg,Keystone Auto Group,2026-03-11,87.30,Paid,2026-03-21,
INV-74190,REQ-44779,RQ-120,Beaumont Stark,Keystone Auto Group,2026-03-09,57.55,Paid,2026-03-21,
INV-74191,REQ-44780,RQ-123,DocuTrace Services,Keystone Auto Group,2026-03-19,94.30,Paid,2026-03-30,
INV-74192,REQ-44781,RQ-102,Delgado Law Group,Keystone Auto Group,2026-03-30,57.20,Paid,2026-04-11,
INV-74193,REQ-44783,RQ-111,Ferris Nguyen LLP,Keystone Auto Group,2026-03-13,64.20,Paid,2026-03-17,
INV-74194,REQ-44785,RQ-101,Morrison & Pratt LLP,Keystone Auto Group,2026-03-18,71.90,Paid,2026-03-23,
INV-74195,REQ-44787,RQ-122,SwiftFile Records,Keystone Auto Group,2026-03-17,74.35,Paid,2026-03-29,
INV-74196,REQ-44788,RQ-128,Lakeside Mutual,Keystone Auto Group,2026-03-27,74.70,Paid,2026-04-05,
INV-74197,REQ-44789,RQ-121,RecordPoint Retrieval,Keystone Auto Group,2026-03-10,54.40,Open,,
INV-74198,REQ-44790,RQ-121,RecordPoint Retrieval,Keystone Auto Group,2026-03-13,70.15,Paid,2026-03-19,
INV-74199,REQ-44791,RQ-121,RecordPoint Retrieval,Keystone Auto Group,2026-03-27,61.75,Paid,2026-03-29,
INV-74200,REQ-44792,RQ-110,Marchetti & Cole,Keystone Auto Group,2026-04-03,37.60,Paid,2026-04-07,
INV-74201,REQ-44793,RQ-101,Morrison & Pratt LLP,Keystone Auto Group,2026-03-09,53.00,Paid,2026-03-23,
INV-74202,REQ-44794,RQ-123,DocuTrace Services,Keystone Auto Group,2026-03-04,61.75,Paid,2026-03-17,
INV-74203,REQ-44795,RQ-114,Tate & Winslow,Keystone Auto Group,2026-03-17,75.05,Open,,
INV-74204,REQ-44796,RQ-116,Carver Moss LLP,Keystone Auto Group,2026-03-18,48.80,Paid,2026-03-27,
INV-74205,REQ-44797,RQ-129,Evergreen Casualty,Keystone Auto Group,2026-03-11,230.10,Paid,2026-03-26,
INV-74206,REQ-44798,RQ-109,Hudson Valley Injury Law,Keystone Auto Group,2026-03-12,44.95,Paid,2026-03-24,
INV-74207,REQ-44800,RQ-128,Lakeside Mutual,Keystone Auto Group,2026-03-25,103.05,Paid,2026-04-02,
INV-74208,REQ-44801,RQ-111,Ferris Nguyen LLP,Keystone Auto Group,2026-03-30,37.95,Paid,2026-04-02,
INV-74209,REQ-44802,RQ-108,Salas Trial Lawyers,Keystone Auto Group,2026-03-20,62.45,Open,,
INV-74210,REQ-44803,RQ-128,Lakeside Mutual,Keystone Auto Group,2026-03-20,110.05,Paid,2026-03-23,
INV-74211,REQ-44804,RQ-124,Keystone Record Retrieval,Keystone Auto Group,2026-03-17,58.95,Paid,2026-03-21,
INV-74212,REQ-44805,RQ-118,Pruitt Legal Group,Keystone Auto Group,2026-03-25,64.90,Paid,2026-03-28,
INV-74213,REQ-44807,RQ-116,Carver Moss LLP,Tri-County Workers' Comp Fund,2026-04-03,76.45,Paid,2026-04-10,
INV-74214,REQ-44808,RQ-117,Iverson Goldberg,Tri-County Workers' Comp Fund,2026-03-24,53.70,Open,,
INV-74215,REQ-44809,RQ-105,Brennan Hale PC,Tri-County Workers' Comp Fund,2026-03-18,72.25,Paid,2026-03-31,
INV-74216,REQ-44810,RQ-108,Salas Trial Lawyers,Tri-County Workers' Comp Fund,2026-03-18,60.00,Open,,
INV-74217,REQ-44811,RQ-125,ClearPath Records,Tri-County Workers' Comp Fund,2026-03-10,55.45,Paid,2026-03-23,
INV-74218,REQ-44812,RQ-106,Ostrowski Legal,Tri-County Workers' Comp Fund,2026-03-18,74.00,Paid,2026-03-29,
INV-74219,REQ-44813,RQ-127,Pioneer Standard Insurance,Tri-County Workers' Comp Fund,2026-03-27,104.80,Paid,2026-04-03,
INV-74220,REQ-44814,RQ-118,Pruitt Legal Group,Tri-County Workers' Comp Fund,2026-03-18,62.10,Paid,2026-04-05,
INV-74221,REQ-44815,RQ-101,Morrison & Pratt LLP,Tri-County Workers' Comp Fund,2026-04-01,79.25,Paid,2026-04-04,
INV-74222,REQ-44816,RQ-110,Marchetti & Cole,Tri-County Workers' Comp Fund,2026-03-10,96.05,Paid,2026-03-21,
INV-74223,REQ-44817,RQ-126,Summit Chart Services,Tri-County Workers' Comp Fund,2026-03-20,75.40,Paid,2026-04-03,
INV-74224,REQ-44818,RQ-117,Iverson Goldberg,Tri-County Workers' Comp Fund,2026-03-17,128.60,Paid,2026-03-25,
INV-74225,REQ-44819,RQ-105,Brennan Hale PC,Tri-County Workers' Comp Fund,2026-03-12,81.00,Paid,2026-03-14,
INV-74226,REQ-44820,RQ-116,Carver Moss LLP,Tri-County Workers' Comp Fund,2026-03-26,85.55,Open,,
INV-74227,REQ-44822,RQ-112,Abernathy Law,Tri-County Workers' Comp Fund,2026-03-13,91.15,Paid,2026-03-25,
INV-74228,REQ-44823,RQ-117,Iverson Goldberg,Tri-County Workers' Comp Fund,2026-03-23,50.90,Paid,2026-04-04,
INV-74229,REQ-44824,RQ-129,Evergreen Casualty,Tri-County Workers' Comp Fund,2026-03-25,76.10,Paid,2026-03-28,
INV-74230,REQ-44825,RQ-107,Park & Levine,Tri-County Workers' Comp Fund,2026-03-16,78.20,Open,,
INV-74231,REQ-44826,RQ-120,Beaumont Stark,Tri-County Workers' Comp Fund,2026-03-20,61.75,Open,,
INV-74232,REQ-44827,RQ-118,Pruitt Legal Group,Tri-County Workers' Comp Fund,2026-03-30,208.05,Paid,2026-04-02,
INV-74233,REQ-44828,RQ-123,DocuTrace Services,Tri-County Workers' Comp Fund,2026-03-24,100.95,Paid,2026-03-29,
INV-74234,REQ-44833,RQ-122,SwiftFile Records,Tri-County Workers' Comp Fund,2026-03-13,46.70,Paid,2026-03-21,
INV-74235,REQ-44834,RQ-120,Beaumont Stark,Tri-County Workers' Comp Fund,2026-03-27,54.40,Paid,2026-04-06,
INV-74236,REQ-44835,RQ-113,Grayson Poole,Tri-County Workers' Comp Fund,2026-03-12,71.20,Paid,2026-03-28,
INV-74237,REQ-44837,RQ-122,SwiftFile Records,Tri-County Workers' Comp Fund,2026-03-13,54.05,Paid,2026-03-22,
INV-74238,REQ-44839,RQ-130,Sterling Auto Insurance,Tri-County Workers' Comp Fund,2026-03-10,80.30,Open,,
INV-74239,REQ-44840,RQ-129,Evergreen Casualty,Tri-County Workers' Comp Fund,2026-03-26,50.20,Paid,2026-04-10,
INV-74240,REQ-44841,RQ-103,Kessler Injury Attorneys,Beacon Casualty Company,2026-03-19,116.00,Paid,2026-03-29,
INV-74241,REQ-44842,RQ-126,Summit Chart Services,Beacon Casualty Company,2026-03-13,60.00,Open,,
INV-74242,REQ-44843,RQ-129,Evergreen Casualty,Beacon Casualty Company,2026-03-13,37.60,Paid,2026-03-21,
INV-74243,REQ-44844,RQ-101,Morrison & Pratt LLP,Beacon Casualty Company,2026-04-01,58.95,Paid,2026-04-13,
INV-74244,REQ-44846,RQ-120,Beaumont Stark,Beacon Casualty Company,2026-03-30,37.25,Paid,2026-04-04,
INV-74245,REQ-44847,RQ-129,Evergreen Casualty,Beacon Casualty Company,2026-03-27,209.80,Open,,
INV-74246,REQ-44848,RQ-128,Lakeside Mutual,Beacon Casualty Company,2026-03-10,83.80,Paid,2026-03-16,
INV-74247,REQ-44849,RQ-110,Marchetti & Cole,Beacon Casualty Company,2026-03-27,36.55,Paid,2026-04-13,
INV-74248,REQ-44850,RQ-128,Lakeside Mutual,Beacon Casualty Company,2026-03-17,70.15,Paid,2026-04-01,
INV-74249,REQ-44852,RQ-109,Hudson Valley Injury Law,Beacon Casualty Company,2026-04-02,70.15,Paid,2026-04-20,
INV-74250,REQ-44853,RQ-122,SwiftFile Records,Beacon Casualty Company,2026-03-31,111.10,Paid,2026-04-16,
INV-74251,REQ-44856,RQ-126,Summit Chart Services,Beacon Casualty Company,2026-03-31,128.60,Paid,2026-04-10,
INV-74252,REQ-44858,RQ-101,Morrison & Pratt LLP,Beacon Casualty Company,2026-03-19,79.25,Paid,2026-03-23,
INV-74253,REQ-44859,RQ-102,Delgado Law Group,Beacon Casualty Company,2026-04-03,90.45,Paid,2026-04-16,
INV-74254,REQ-44861,RQ-124,Keystone Record Retrieval,Beacon Casualty Company,2026-03-26,87.65,Open,,
INV-74255,REQ-44862,RQ-107,Park & Levine,Beacon Casualty Company,2026-03-25,71.55,Paid,2026-04-03,
INV-74256,REQ-44863,RQ-126,Summit Chart Services,Beacon Casualty Company,2026-03-13,51.25,Open,,
INV-74257,REQ-44864,RQ-128,Lakeside Mutual,Beacon Casualty Company,2026-03-20,72.25,Paid,2026-03-27,
INV-74258,REQ-44865,RQ-105,Brennan Hale PC,Beacon Casualty Company,2026-03-20,131.05,Paid,2026-03-24,
INV-74259,REQ-44867,RQ-117,Iverson Goldberg,Beacon Casualty Company,2026-03-31,44.95,Open,,
INV-74260,REQ-44868,RQ-130,Sterling Auto Insurance,Beacon Casualty Company,2026-03-06,48.80,Paid,2026-03-24,
INV-74261,REQ-44869,RQ-113,Grayson Poole,Beacon Casualty Company,2026-03-31,54.40,Open,,
INV-74262,REQ-44870,RQ-118,Pruitt Legal Group,Beacon Casualty Company,2026-03-24,90.10,Paid,2026-04-10,
INV-74263,REQ-44872,RQ-111,Ferris Nguyen LLP,Beacon Casualty Company,2026-03-23,64.55,Cancelled,,Request withdrawn
INV-74264,REQ-44873,RQ-117,Iverson Goldberg,Beacon Casualty Company,2026-03-13,45.65,Paid,2026-03-19,
INV-74265,REQ-44874,RQ-122,SwiftFile Records,Beacon Casualty Company,2026-03-27,169.90,Paid,2026-04-10,
INV-74266,REQ-44875,RQ-102,Delgado Law Group,Beacon Casualty Company,2026-04-03,55.10,Paid,2026-04-10,
INV-74267,REQ-44876,RQ-124,Keystone Record Retrieval,Beacon Casualty Company,2026-03-27,60.70,Paid,2026-04-01,
INV-74268,REQ-44877,RQ-111,Ferris Nguyen LLP,Beacon Casualty Company,2026-03-12,66.65,Paid,2026-03-24,
INV-74269,REQ-44878,RQ-104,Whitcombe & Rao,Beacon Casualty Company,2026-03-26,91.85,Paid,2026-04-13,
INV-74270,REQ-44879,RQ-128,Lakeside Mutual,Beacon Casualty Company,2026-03-13,70.50,Paid,2026-03-15,
INV-74271,REQ-44880,RQ-109,Hudson Valley Injury Law,Beacon Casualty Company,2026-03-09,67.00,Paid,2026-03-19,
INV-74272,REQ-44881,RQ-106,Ostrowski Legal,Beacon Casualty Company,2026-04-02,49.15,Paid,2026-04-09,
INV-74273,REQ-44882,RQ-120,Beaumont Stark,Beacon Casualty Company,2026-03-30,94.30,Paid,2026-04-15,
INV-74274,REQ-44883,RQ-121,RecordPoint Retrieval,Northfork Insurance Co.,2026-03-18,34.45,Paid,2026-03-21,
INV-74275,REQ-44884,RQ-126,Summit Chart Services,Northfork Insurance Co.,2026-03-12,40.40,Paid,2026-03-30,
INV-74276,REQ-44885,RQ-121,RecordPoint Retrieval,Northfork Insurance Co.,2026-03-18,54.40,Paid,2026-04-03,
INV-74277,REQ-44886,RQ-102,Delgado Law Group,Northfork Insurance Co.,2026-03-09,78.90,Paid,2026-03-27,
INV-74278,REQ-44887,RQ-101,Morrison & Pratt LLP,Northfork Insurance Co.,2026-03-16,55.10,Paid,2026-03-27,
INV-74279,REQ-44888,RQ-101,Morrison & Pratt LLP,Northfork Insurance Co.,2026-03-20,65.60,Paid,2026-03-22,
INV-74280,REQ-44889,RQ-113,Grayson Poole,Northfork Insurance Co.,2026-04-06,99.20,Paid,2026-04-13,
INV-74281,REQ-44890,RQ-130,Sterling Auto Insurance,Northfork Insurance Co.,2026-03-16,48.10,Paid,2026-03-24,
INV-74282,REQ-44891,RQ-111,Ferris Nguyen LLP,Northfork Insurance Co.,2026-03-26,37.60,Open,,
INV-74283,REQ-44892,RQ-103,Kessler Injury Attorneys,Northfork Insurance Co.,2026-03-16,42.85,Paid,2026-03-18,
INV-74284,REQ-44893,RQ-127,Pioneer Standard Insurance,Northfork Insurance Co.,2026-03-06,135.60,Open,,
INV-74285,REQ-44894,RQ-112,Abernathy Law,Northfork Insurance Co.,2026-03-31,75.75,Paid,2026-04-05,
INV-74286,REQ-44896,RQ-124,Keystone Record Retrieval,Northfork Insurance Co.,2026-03-11,74.00,Paid,2026-03-18,
INV-74287,REQ-44897,RQ-130,Sterling Auto Insurance,Northfork Insurance Co.,2026-03-16,61.75,Paid,2026-03-22,
INV-74288,REQ-44899,RQ-128,Lakeside Mutual,Northfork Insurance Co.,2026-03-16,90.80,Paid,2026-03-18,
INV-74289,REQ-44900,RQ-112,Abernathy Law,Northfork Insurance Co.,2026-03-30,73.65,Open,,
INV-74290,REQ-44901,RQ-101,Morrison & Pratt LLP,Northfork Insurance Co.,2026-03-11,53.35,Cancelled,,Duplicate request
INV-74291,REQ-44902,RQ-122,SwiftFile Records,Northfork Insurance Co.,2026-03-25,39.00,Paid,2026-04-11,
INV-74292,REQ-44903,RQ-126,Summit Chart Services,Northfork Insurance Co.,2026-03-12,57.20,Paid,2026-03-24,
INV-74293,REQ-44904,RQ-112,Abernathy Law,Northfork Insurance Co.,2026-04-02,68.75,Paid,2026-04-13,
INV-74294,REQ-44905,RQ-113,Grayson Poole,Northfork Insurance Co.,2026-03-30,197.90,Paid,2026-04-02,
INV-74295,REQ-44906,RQ-124,Keystone Record Retrieval,Northfork Insurance Co.,2026-03-17,89.75,Paid,2026-03-30,
INV-74296,REQ-44907,RQ-107,Park & Levine,Northfork Insurance Co.,2026-03-06,64.90,Paid,2026-03-22,
INV-74297,REQ-44909,RQ-105,Brennan Hale PC,Northfork Insurance Co.,2026-03-26,93.60,Paid,2026-04-09,
INV-74298,REQ-44910,RQ-126,Summit Chart Services,Northfork Insurance Co.,2026-03-31,37.95,Paid,2026-04-17,
INV-74299,REQ-44911,RQ-128,Lakeside Mutual,Northfork Insurance Co.,2026-03-16,134.55,Paid,2026-03-30,
INV-74300,REQ-44912,RQ-118,Pruitt Legal Group,Northfork Insurance Co.,2026-03-16,57.20,Paid,2026-04-01,
INV-74301,REQ-44913,RQ-127,Pioneer Standard Insurance,Northfork Insurance Co.,2026-03-16,54.75,Paid,2026-03-18,
INV-74302,REQ-44914,RQ-101,Morrison & Pratt LLP,Northfork Insurance Co.,2026-03-16,102.35,Cancelled,,Duplicate request
INV-74303,REQ-44915,RQ-127,Pioneer Standard Insurance,Northfork Insurance Co.,2026-03-12,58.25,Paid,2026-03-29,
INV-74304,REQ-44916,RQ-127,Pioneer Standard Insurance,Northfork Insurance Co.,2026-04-01,124.05,Paid,2026-04-18,
INV-74305,REQ-44918,RQ-124,Keystone Record Retrieval,Meridian Auto & Home,2026-03-25,84.15,Open,,
INV-74306,REQ-44919,RQ-120,Beaumont Stark,Meridian Auto & Home,2026-03-30,48.80,Paid,2026-04-05,
INV-74307,REQ-44921,RQ-102,Delgado Law Group,Meridian Auto & Home,2026-03-18,64.55,Paid,2026-03-26,
INV-74308,REQ-44922,RQ-121,RecordPoint Retrieval,Meridian Auto & Home,2026-03-19,173.40,Open,,
INV-74309,REQ-44923,RQ-121,RecordPoint Retrieval,Meridian Auto & Home,2026-03-11,40.05,Paid,2026-03-23,
INV-74310,REQ-44924,RQ-120,Beaumont Stark,Meridian Auto & Home,2026-03-20,97.45,Paid,2026-03-31,
INV-74311,REQ-44925,RQ-101,Morrison & Pratt LLP,Meridian Auto & Home,2026-03-17,83.45,Paid,2026-03-31,
INV-74312,REQ-44926,RQ-109,Hudson Valley Injury Law,Meridian Auto & Home,2026-03-20,37.60,Paid,2026-04-02,
INV-74313,REQ-44927,RQ-130,Sterling Auto Insurance,Meridian Auto & Home,2026-03-30,100.25,Paid,2026-04-15,
INV-74314,REQ-44928,RQ-108,Salas Trial Lawyers,Meridian Auto & Home,2026-03-12,66.30,Paid,2026-03-30,
INV-74315,REQ-44929,RQ-121,RecordPoint Retrieval,Meridian Auto & Home,2026-03-16,42.50,Cancelled,,Duplicate request
INV-74316,REQ-44930,RQ-121,RecordPoint Retrieval,Meridian Auto & Home,2026-03-06,56.85,Paid,2026-03-18,
INV-74317,REQ-44931,RQ-122,SwiftFile Records,Meridian Auto & Home,2026-03-05,39.00,Paid,2026-03-18,
INV-74318,REQ-44933,RQ-126,Summit Chart Services,Meridian Auto & Home,2026-03-30,97.80,Paid,2026-04-06,
INV-74319,REQ-44934,RQ-116,Carver Moss LLP,Meridian Auto & Home,2026-03-23,51.95,Cancelled,,Request withdrawn
INV-74320,REQ-44935,RQ-101,Morrison & Pratt LLP,Meridian Auto & Home,2026-03-17,117.40,Paid,2026-04-04,
INV-74321,REQ-44936,RQ-121,RecordPoint Retrieval,Meridian Auto & Home,2026-03-24,61.05,Open,,
INV-74322,REQ-44937,RQ-121,RecordPoint Retrieval,Meridian Auto & Home,2026-03-12,105.85,Open,,
INV-74323,REQ-44938,RQ-125,ClearPath Records,Meridian Auto & Home,2026-03-26,57.55,Paid,2026-04-12,
INV-74324,REQ-44940,RQ-125,ClearPath Records,Meridian Auto & Home,2026-03-11,51.60,Cancelled,,No records found
INV-74325,REQ-44941,RQ-101,Morrison & Pratt LLP,Atlas Comp Services,2026-03-20,107.95,Paid,2026-03-24,
INV-74326,REQ-44942,RQ-107,Park & Levine,Atlas Comp Services,2026-04-03,70.85,Paid,2026-04-15,
INV-74327,REQ-44945,RQ-110,Marchetti & Cole,Atlas Comp Services,2026-03-30,40.40,Paid,2026-04-05,
INV-74328,REQ-44947,RQ-126,Summit Chart Services,Atlas Comp Services,2026-03-25,41.45,Paid,2026-04-01,
INV-74329,REQ-44948,RQ-112,Abernathy Law,Atlas Comp Services,2026-03-24,94.65,Paid,2026-04-03,
INV-74330,REQ-44949,RQ-120,Beaumont Stark,Atlas Comp Services,2026-04-03,70.85,Paid,2026-04-21,
INV-74331,REQ-44951,RQ-123,DocuTrace Services,Atlas Comp Services,2026-03-17,93.95,Paid,2026-04-03,
INV-74332,REQ-44954,RQ-108,Salas Trial Lawyers,Atlas Comp Services,2026-03-05,53.70,Paid,2026-03-17,
INV-74333,REQ-44955,RQ-102,Delgado Law Group,Atlas Comp Services,2026-03-20,77.15,Paid,2026-03-23,
INV-74334,REQ-44958,RQ-115,Lindqvist Defense,Atlas Comp Services,2026-03-19,76.10,Paid,2026-03-29,
INV-74335,REQ-44959,RQ-112,Abernathy Law,Atlas Comp Services,2026-03-17,46.70,Paid,2026-04-01,
INV-74336,REQ-44960,RQ-106,Ostrowski Legal,Atlas Comp Services,2026-03-24,64.90,Paid,2026-04-08,
INV-74337,REQ-44961,RQ-110,Marchetti & Cole,Atlas Comp Services,2026-03-23,112.50,Paid,2026-04-03,
INV-74338,REQ-44962,RQ-110,Marchetti & Cole,Atlas Comp Services,2026-04-06,102.70,Paid,2026-04-24,
INV-74339,REQ-44963,RQ-121,RecordPoint Retrieval,Harborline Mutual Insurance,2026-04-07,68.05,Open,,
INV-74340,REQ-44964,RQ-101,Morrison & Pratt LLP,Harborline Mutual Insurance,2026-04-29,60.35,Open,,
INV-74341,REQ-44965,RQ-109,Hudson Valley Injury Law,Harborline Mutual Insurance,2026-04-30,35.85,Open,,
INV-74342,REQ-44966,RQ-116,Carver Moss LLP,Harborline Mutual Insurance,2026-04-17,61.75,Paid,2026-04-24,
INV-74343,REQ-44967,RQ-113,Grayson Poole,Harborline Mutual Insurance,2026-04-15,94.30,Paid,2026-05-03,
INV-74344,REQ-44968,RQ-121,RecordPoint Retrieval,Harborline Mutual Insurance,2026-04-20,91.50,Open,,
INV-74345,REQ-44969,RQ-115,Lindqvist Defense,Harborline Mutual Insurance,2026-04-09,63.85,Open,,
INV-74346,REQ-44970,RQ-119,Quinlan & Ames,Harborline Mutual Insurance,2026-04-28,103.40,Paid,2026-05-16,
INV-74347,REQ-44971,RQ-105,Brennan Hale PC,Harborline Mutual Insurance,2026-04-30,99.20,Paid,2026-05-16,
INV-74348,REQ-44973,RQ-121,RecordPoint Retrieval,Harborline Mutual Insurance,2026-04-30,119.15,Open,,
INV-74349,REQ-44974,RQ-112,Abernathy Law,Harborline Mutual Insurance,2026-04-17,100.95,Cancelled,,Request withdrawn
INV-74350,REQ-44975,RQ-129,Evergreen Casualty,Harborline Mutual Insurance,2026-05-04,72.95,Paid,2026-05-10,
INV-74351,REQ-44976,RQ-123,DocuTrace Services,Harborline Mutual Insurance,2026-04-10,123.35,Paid,2026-04-23,
INV-74352,REQ-44977,RQ-124,Keystone Record Retrieval,Harborline Mutual Insurance,2026-04-23,64.20,Paid,2026-04-27,
INV-74353,REQ-44978,RQ-108,Salas Trial Lawyers,Harborline Mutual Insurance,2026-04-28,55.10,Paid,2026-05-09,
INV-74354,REQ-44979,RQ-101,Morrison & Pratt LLP,Harborline Mutual Insurance,2026-04-28,110.75,Paid,2026-05-14,
INV-74355,REQ-44980,RQ-113,Grayson Poole,Harborline Mutual Insurance,2026-04-08,65.60,Open,,
INV-74356,REQ-44981,RQ-127,Pioneer Standard Insurance,Harborline Mutual Insurance,2026-04-23,78.20,Paid,2026-04-30,
INV-74357,REQ-44982,RQ-107,Park & Levine,Harborline Mutual Insurance,2026-04-23,46.35,Paid,2026-05-06,
INV-74358,REQ-44983,RQ-129,Evergreen Casualty,Harborline Mutual Insurance,2026-04-17,54.05,Paid,2026-04-29,
INV-74359,REQ-44984,RQ-102,Delgado Law Group,Harborline Mutual Insurance,2026-04-28,232.55,Paid,2026-05-01,
INV-74360,REQ-44985,RQ-120,Beaumont Stark,Harborline Mutual Insurance,2026-04-13,75.40,Open,,
INV-74361,REQ-44986,RQ-123,DocuTrace Services,Harborline Mutual Insurance,2026-04-30,78.90,Paid,2026-05-12,
INV-74362,REQ-44987,RQ-129,Evergreen Casualty,Harborline Mutual Insurance,2026-04-07,63.50,Paid,2026-04-15,
INV-74363,REQ-44988,RQ-124,Keystone Record Retrieval,Harborline Mutual Insurance,2026-04-24,106.20,Paid,2026-04-27,
INV-74364,REQ-44989,RQ-120,Beaumont Stark,Harborline Mutual Insurance,2026-04-24,80.30,Paid,2026-05-11,
INV-74365,REQ-44990,RQ-120,Beaumont Stark,Harborline Mutual Insurance,2026-04-24,57.55,Paid,2026-05-06,
INV-74366,REQ-44991,RQ-115,Lindqvist Defense,Harborline Mutual Insurance,2026-05-01,57.55,Paid,2026-05-17,
INV-74367,REQ-44992,RQ-105,Brennan Hale PC,Harborline Mutual Insurance,2026-04-23,64.55,Paid,2026-05-11,
INV-74368,REQ-44993,RQ-123,DocuTrace Services,Harborline Mutual Insurance,2026-05-01,79.60,Paid,2026-05-11,
INV-74369,REQ-44996,RQ-127,Pioneer Standard Insurance,Harborline Mutual Insurance,2026-04-15,88.00,Paid,2026-04-26,
INV-74370,REQ-44997,RQ-116,Carver Moss LLP,Harborline Mutual Insurance,2026-04-10,61.05,Paid,2026-04-13,
INV-74371,REQ-44998,RQ-101,Morrison & Pratt LLP,Harborline Mutual Insurance,2026-04-08,118.45,Paid,2026-04-17,
INV-74372,REQ-44999,RQ-121,RecordPoint Retrieval,Harborline Mutual Insurance,2026-04-16,61.75,Paid,2026-04-23,
INV-74373,REQ-45000,RQ-130,Sterling Auto Insurance,Harborline Mutual Insurance,2026-04-27,58.25,Paid,2026-05-12,
INV-74374,REQ-45001,RQ-106,Ostrowski Legal,Harborline Mutual Insurance,2026-04-15,70.15,Paid,2026-04-19,
INV-74375,REQ-45002,RQ-109,Hudson Valley Injury Law,Harborline Mutual Insurance,2026-04-17,55.10,Paid,2026-04-26,
INV-74376,REQ-45004,RQ-119,Quinlan & Ames,Harborline Mutual Insurance,2026-04-17,88.35,Paid,2026-04-23,
INV-74377,REQ-45005,RQ-127,Pioneer Standard Insurance,Harborline Mutual Insurance,2026-04-07,104.10,Open,,
INV-74378,REQ-45006,RQ-128,Lakeside Mutual,Harborline Mutual Insurance,2026-04-29,53.00,Paid,2026-05-14,
INV-74379,REQ-45007,RQ-121,RecordPoint Retrieval,Harborline Mutual Insurance,2026-04-16,65.95,Paid,2026-04-18,
INV-74380,REQ-45009,RQ-101,Morrison & Pratt LLP,Harborline Mutual Insurance,2026-04-24,117.75,Paid,2026-05-11,
INV-74381,REQ-45010,RQ-123,DocuTrace Services,Harborline Mutual Insurance,2026-04-24,53.00,Paid,2026-04-30,
INV-74382,REQ-45011,RQ-124,Keystone Record Retrieval,Harborline Mutual Insurance,2026-04-30,60.00,Paid,2026-05-09,
INV-74383,REQ-45012,RQ-129,Evergreen Casualty,Harborline Mutual Insurance,2026-04-07,61.40,Paid,2026-04-23,
INV-74384,REQ-45013,RQ-105,Brennan Hale PC,Harborline Mutual Insurance,2026-04-23,108.30,Open,,
INV-74385,REQ-45014,RQ-104,Whitcombe & Rao,Harborline Mutual Insurance,2026-04-28,57.90,Paid,2026-05-13,
INV-74386,REQ-45015,RQ-124,Keystone Record Retrieval,Harborline Mutual Insurance,2026-04-28,47.05,Paid,2026-05-16,
INV-74387,REQ-45016,RQ-106,Ostrowski Legal,Harborline Mutual Insurance,2026-04-15,45.65,Paid,2026-04-30,
INV-74388,REQ-45017,RQ-121,RecordPoint Retrieval,Harborline Mutual Insurance,2026-04-20,110.75,Paid,2026-04-25,
INV-74389,REQ-45018,RQ-108,Salas Trial Lawyers,Harborline Mutual Insurance,2026-04-13,67.00,Open,,
INV-74390,REQ-45019,RQ-123,DocuTrace Services,Harborline Mutual Insurance,2026-04-10,69.80,Open,,
INV-74391,REQ-45020,RQ-109,Hudson Valley Injury Law,Harborline Mutual Insurance,2026-04-09,76.10,Paid,2026-04-24,
INV-74392,REQ-45021,RQ-109,Hudson Valley Injury Law,Harborline Mutual Insurance,2026-04-16,68.75,Paid,2026-05-01,
INV-74393,REQ-45022,RQ-115,Lindqvist Defense,Harborline Mutual Insurance,2026-04-23,113.20,Paid,2026-05-04,
INV-74394,REQ-45023,RQ-124,Keystone Record Retrieval,Harborline Mutual Insurance,2026-04-08,115.30,Paid,2026-04-20,
INV-74395,REQ-45024,RQ-117,Iverson Goldberg,Harborline Mutual Insurance,2026-04-07,135.95,Paid,2026-04-11,
INV-74396,REQ-45025,RQ-105,Brennan Hale PC,Harborline Mutual Insurance,2026-04-10,135.60,Paid,2026-04-25,
INV-74397,REQ-45026,RQ-111,Ferris Nguyen LLP,Harborline Mutual Insurance,2026-04-21,83.80,Open,,
INV-74398,REQ-45027,RQ-125,ClearPath Records,Harborline Mutual Insurance,2026-04-14,120.20,Paid,2026-04-17,
INV-74399,REQ-45028,RQ-121,RecordPoint Retrieval,Harborline Mutual Insurance,2026-04-08,56.85,Paid,2026-04-25,
INV-74400,REQ-45029,RQ-107,Park & Levine,Harborline Mutual Insurance,2026-04-14,85.90,Paid,2026-04-30,
INV-74401,REQ-45030,RQ-122,SwiftFile Records,Harborline Mutual Insurance,2026-04-27,69.10,Paid,2026-04-29,
INV-74402,REQ-45031,RQ-125,ClearPath Records,Harborline Mutual Insurance,2026-04-21,127.55,Paid,2026-04-23,
INV-74403,REQ-45032,RQ-124,Keystone Record Retrieval,Harborline Mutual Insurance,2026-04-14,65.25,Paid,2026-04-16,
INV-74404,REQ-45033,RQ-101,Morrison & Pratt LLP,Harborline Mutual Insurance,2026-04-28,49.50,Open,,
INV-74405,REQ-45034,RQ-121,RecordPoint Retrieval,Harborline Mutual Insurance,2026-04-07,127.90,Paid,2026-04-15,
INV-74406,REQ-45035,RQ-120,Beaumont Stark,Granite Shield Insurance,2026-04-08,80.65,Paid,2026-04-24,
INV-74407,REQ-45036,RQ-118,Pruitt Legal Group,Granite Shield Insurance,2026-04-15,35.50,Paid,2026-04-18,
INV-74408,REQ-45037,RQ-111,Ferris Nguyen LLP,Granite Shield Insurance,2026-04-28,53.70,Open,,
INV-74409,REQ-45038,RQ-112,Abernathy Law,Granite Shield Insurance,2026-04-27,40.05,Paid,2026-05-10,
INV-74410,REQ-45039,RQ-104,Whitcombe & Rao,Granite Shield Insurance,2026-04-30,65.25,Paid,2026-05-18,
INV-74411,REQ-45040,RQ-124,Keystone Record Retrieval,Granite Shield Insurance,2026-04-27,117.05,Open,,
INV-74412,REQ-45041,RQ-118,Pruitt Legal Group,Granite Shield Insurance,2026-04-09,59.65,Cancelled,,Request withdrawn
INV-74413,REQ-45042,RQ-102,Delgado Law Group,Granite Shield Insurance,2026-04-13,50.55,Paid,2026-04-26,
INV-74414,REQ-45043,RQ-109,Hudson Valley Injury Law,Granite Shield Insurance,2026-05-05,128.60,Paid,2026-05-09,
INV-74415,REQ-45044,RQ-123,DocuTrace Services,Granite Shield Insurance,2026-04-23,90.80,Paid,2026-05-07,
INV-74416,REQ-45045,RQ-103,Kessler Injury Attorneys,Granite Shield Insurance,2026-04-27,54.75,Paid,2026-05-02,
INV-74417,REQ-45046,RQ-121,RecordPoint Retrieval,Granite Shield Insurance,2026-04-30,54.75,Paid,2026-05-16,
INV-74418,REQ-45047,RQ-103,Kessler Injury Attorneys,Granite Shield Insurance,2026-04-22,82.40,Paid,2026-05-08,
INV-74419,REQ-45048,RQ-119,Quinlan & Ames,Granite Shield Insurance,2026-04-17,51.25,Paid,2026-05-03,
INV-74420,REQ-45049,RQ-121,RecordPoint Retrieval,Granite Shield Insurance,2026-04-28,53.70,Cancelled,,No records found
INV-74421,REQ-45050,RQ-121,RecordPoint Retrieval,Granite Shield Insurance,2026-04-14,61.75,Paid,2026-04-21,
INV-74422,REQ-45051,RQ-129,Evergreen Casualty,Granite Shield Insurance,2026-04-23,43.20,Paid,2026-05-07,
INV-74423,REQ-45052,RQ-130,Sterling Auto Insurance,Granite Shield Insurance,2026-04-08,51.95,Paid,2026-04-15,
INV-74424,REQ-45054,RQ-126,Summit Chart Services,Granite Shield Insurance,2026-04-27,91.15,Cancelled,,No records found
INV-74425,REQ-45055,RQ-121,RecordPoint Retrieval,Granite Shield Insurance,2026-04-23,62.10,Paid,2026-05-07,
INV-74426,REQ-45056,RQ-127,Pioneer Standard Insurance,Granite Shield Insurance,2026-04-13,70.50,Paid,2026-04-17,
INV-74427,REQ-45057,RQ-110,Marchetti & Cole,Granite Shield Insurance,2026-04-20,82.05,Paid,2026-05-01,
INV-74428,REQ-45058,RQ-101,Morrison & Pratt LLP,Granite Shield Insurance,2026-04-08,88.70,Open,,
INV-74429,REQ-45060,RQ-106,Ostrowski Legal,Granite Shield Insurance,2026-04-24,48.45,Paid,2026-04-29,
INV-74430,REQ-45061,RQ-121,RecordPoint Retrieval,Granite Shield Insurance,2026-04-21,53.00,Open,,
INV-74431,REQ-45063,RQ-113,Grayson Poole,Granite Shield Insurance,2026-05-04,75.05,Paid,2026-05-06,
INV-74432,REQ-45064,RQ-121,RecordPoint Retrieval,Granite Shield Insurance,2026-05-01,95.00,Open,,
INV-74433,REQ-45065,RQ-124,Keystone Record Retrieval,Granite Shield Insurance,2026-04-24,61.05,Paid,2026-05-07,
INV-74434,REQ-45066,RQ-101,Morrison & Pratt LLP,Granite Shield Insurance,2026-04-24,67.35,Paid,2026-05-01,
INV-74435,REQ-45067,RQ-126,Summit Chart Services,Granite Shield Insurance,2026-04-17,99.90,Paid,2026-04-25,
INV-74436,REQ-45068,RQ-118,Pruitt Legal Group,Granite Shield Insurance,2026-04-20,49.50,Paid,2026-04-24,
INV-74437,REQ-45069,RQ-113,Grayson Poole,Granite Shield Insurance,2026-04-14,56.85,Paid,2026-04-17,
INV-74438,REQ-45070,RQ-107,Park & Levine,Granite Shield Insurance,2026-04-14,55.45,Paid,2026-04-22,
INV-74439,REQ-45071,RQ-101,Morrison & Pratt LLP,Granite Shield Insurance,2026-05-01,46.00,Paid,2026-05-12,
INV-74440,REQ-45072,RQ-117,Iverson Goldberg,Granite Shield Insurance,2026-04-23,138.40,Paid,2026-04-30,
INV-74441,REQ-45073,RQ-107,Park & Levine,Granite Shield Insurance,2026-05-01,154.85,Open,,
INV-74442,REQ-45074,RQ-113,Grayson Poole,Granite Shield Insurance,2026-04-23,38.30,Paid,2026-05-07,
INV-74443,REQ-45076,RQ-118,Pruitt Legal Group,Keystone Auto Group,2026-04-16,61.75,Paid,2026-04-24,
INV-74444,REQ-45077,RQ-130,Sterling Auto Insurance,Keystone Auto Group,2026-04-13,142.25,Open,,
INV-74445,REQ-45078,RQ-106,Ostrowski Legal,Keystone Auto Group,2026-04-27,49.15,Paid,2026-05-06,
INV-74446,REQ-45079,RQ-121,RecordPoint Retrieval,Keystone Auto Group,2026-04-15,67.70,Open,,
INV-74447,REQ-45080,RQ-122,SwiftFile Records,Keystone Auto Group,2026-04-06,146.45,Cancelled,,Request withdrawn
INV-74448,REQ-45081,RQ-124,Keystone Record Retrieval,Keystone Auto Group,2026-04-17,109.70,Paid,2026-04-26,
INV-74449,REQ-45082,RQ-107,Park & Levine,Keystone Auto Group,2026-05-01,107.25,Paid,2026-05-04,
INV-74450,REQ-45083,RQ-115,Lindqvist Defense,Keystone Auto Group,2026-04-24,44.60,Open,,
INV-74451,REQ-45084,RQ-125,ClearPath Records,Keystone Auto Group,2026-04-13,80.65,Paid,2026-04-30,
INV-74452,REQ-45086,RQ-110,Marchetti & Cole,Keystone Auto Group,2026-04-27,43.90,Paid,2026-05-15,
INV-74453,REQ-45087,RQ-121,RecordPoint Retrieval,Keystone Auto Group,2026-04-10,66.65,Paid,2026-04-19,
INV-74454,REQ-45088,RQ-121,RecordPoint Retrieval,Keystone Auto Group,2026-04-28,92.20,Paid,2026-05-14,
INV-74455,REQ-45089,RQ-121,RecordPoint Retrieval,Keystone Auto Group,2026-04-20,47.75,Paid,2026-04-25,
INV-74456,REQ-45090,RQ-124,Keystone Record Retrieval,Keystone Auto Group,2026-04-24,81.70,Paid,2026-05-04,
INV-74457,REQ-45091,RQ-126,Summit Chart Services,Keystone Auto Group,2026-05-01,54.75,Paid,2026-05-19,
INV-74458,REQ-45092,RQ-125,ClearPath Records,Keystone Auto Group,2026-04-07,53.35,Open,,
INV-74459,REQ-45093,RQ-124,Keystone Record Retrieval,Keystone Auto Group,2026-04-20,56.15,Open,,
INV-74460,REQ-45094,RQ-101,Morrison & Pratt LLP,Keystone Auto Group,2026-04-13,53.70,Cancelled,,Duplicate request
INV-74461,REQ-45095,RQ-120,Beaumont Stark,Keystone Auto Group,2026-04-24,50.55,Paid,2026-04-28,
INV-74462,REQ-45096,RQ-118,Pruitt Legal Group,Keystone Auto Group,2026-04-15,47.05,Paid,2026-04-23,
INV-74463,REQ-45097,RQ-108,Salas Trial Lawyers,Keystone Auto Group,2026-04-28,54.75,Paid,2026-05-01,
INV-74464,REQ-45098,RQ-110,Marchetti & Cole,Keystone Auto Group,2026-04-29,47.40,Paid,2026-05-01,
INV-74465,REQ-45099,RQ-114,Tate & Winslow,Keystone Auto Group,2026-05-01,127.90,Paid,2026-05-12,
INV-74466,REQ-45100,RQ-125,ClearPath Records,Keystone Auto Group,2026-04-28,69.45,Paid,2026-05-03,
INV-74467,REQ-45101,RQ-106,Ostrowski Legal,Keystone Auto Group,2026-04-16,67.00,Paid,2026-05-03,
INV-74468,REQ-45102,RQ-101,Morrison & Pratt LLP,Keystone Auto Group,2026-04-15,86.60,Paid,2026-04-23,
INV-74469,REQ-45103,RQ-104,Whitcombe & Rao,Keystone Auto Group,2026-04-20,66.65,Paid,2026-05-05,
INV-74470,REQ-45104,RQ-121,RecordPoint Retrieval,Keystone Auto Group,2026-04-28,66.65,Open,,
INV-74471,REQ-45105,RQ-104,Whitcombe & Rao,Keystone Auto Group,2026-04-13,56.85,Paid,2026-05-01,
INV-74472,REQ-45106,RQ-121,RecordPoint Retrieval,Keystone Auto Group,2026-04-07,241.30,Open,,
INV-74473,REQ-45107,RQ-122,SwiftFile Records,Keystone Auto Group,2026-05-04,78.20,Paid,2026-05-15,
INV-74474,REQ-45108,RQ-121,RecordPoint Retrieval,Keystone Auto Group,2026-05-01,93.60,Open,,
INV-74475,REQ-45109,RQ-108,Salas Trial Lawyers,Keystone Auto Group,2026-04-06,44.25,Paid,2026-04-21,
INV-74476,REQ-45110,RQ-101,Morrison & Pratt LLP,Keystone Auto Group,2026-04-08,130.35,Paid,2026-04-19,
INV-74477,REQ-45111,RQ-121,RecordPoint Retrieval,Keystone Auto Group,2026-04-23,35.15,Open,,
INV-74478,REQ-45112,RQ-105,Brennan Hale PC,Keystone Auto Group,2026-04-09,41.45,Open,,
INV-74479,REQ-45113,RQ-123,DocuTrace Services,Keystone Auto Group,2026-04-16,100.60,Paid,2026-04-20,
INV-74480,REQ-45114,RQ-127,Pioneer Standard Insurance,Keystone Auto Group,2026-04-24,114.60,Paid,2026-05-10,
INV-74481,REQ-45115,RQ-114,Tate & Winslow,Keystone Auto Group,2026-04-28,61.40,Paid,2026-05-03,
INV-74482,REQ-45116,RQ-121,RecordPoint Retrieval,Keystone Auto Group,2026-04-29,73.30,Open,,
INV-74483,REQ-45117,RQ-102,Delgado Law Group,Keystone Auto Group,2026-04-20,72.60,Paid,2026-04-27,
INV-74484,REQ-45118,RQ-108,Salas Trial Lawyers,Keystone Auto Group,2026-04-16,147.15,Cancelled,,Request withdrawn
INV-74485,REQ-45119,RQ-101,Morrison & Pratt LLP,Tri-County Workers' Comp Fund,2026-04-10,70.85,Cancelled,,No records found
INV-74486,REQ-45120,RQ-101,Morrison & Pratt LLP,Tri-County Workers' Comp Fund,2026-04-14,48.10,Paid,2026-04-16,
INV-74487,REQ-45121,RQ-111,Ferris Nguyen LLP,Tri-County Workers' Comp Fund,2026-04-28,64.90,Paid,2026-05-05,
INV-74488,REQ-45122,RQ-121,RecordPoint Retrieval,Tri-County Workers' Comp Fund,2026-04-17,180.40,Open,,
INV-74489,REQ-45123,RQ-120,Beaumont Stark,Tri-County Workers' Comp Fund,2026-04-20,93.25,Cancelled,,No records found
INV-74490,REQ-45125,RQ-120,Beaumont Stark,Tri-County Workers' Comp Fund,2026-05-05,90.80,Paid,2026-05-23,
INV-74491,REQ-45126,RQ-105,Brennan Hale PC,Tri-County Workers' Comp Fund,2026-04-22,72.25,Paid,2026-05-08,
INV-74492,REQ-45127,RQ-124,Keystone Record Retrieval,Tri-County Workers' Comp Fund,2026-05-06,68.05,Paid,2026-05-13,
INV-74493,REQ-45128,RQ-125,ClearPath Records,Tri-County Workers' Comp Fund,2026-05-04,44.60,Paid,2026-05-12,
INV-74494,REQ-45129,RQ-124,Keystone Record Retrieval,Tri-County Workers' Comp Fund,2026-04-22,70.15,Paid,2026-05-01,
INV-74495,REQ-45130,RQ-122,SwiftFile Records,Tri-County Workers' Comp Fund,2026-04-17,42.85,Paid,2026-04-25,
INV-74496,REQ-45131,RQ-129,Evergreen Casualty,Tri-County Workers' Comp Fund,2026-04-06,74.35,Cancelled,,No records found
INV-74497,REQ-45132,RQ-115,Lindqvist Defense,Tri-County Workers' Comp Fund,2026-04-13,58.95,Paid,2026-04-27,
INV-74498,REQ-45133,RQ-114,Tate & Winslow,Tri-County Workers' Comp Fund,2026-04-15,47.05,Paid,2026-04-22,
INV-74499,REQ-45134,RQ-102,Delgado Law Group,Tri-County Workers' Comp Fund,2026-04-10,64.90,Paid,2026-04-26,
INV-74500,REQ-45135,RQ-102,Delgado Law Group,Tri-County Workers' Comp Fund,2026-04-27,61.05,Cancelled,,Duplicate request
INV-74501,REQ-45136,RQ-114,Tate & Winslow,Tri-County Workers' Comp Fund,2026-04-22,55.80,Paid,2026-05-05,
INV-74502,REQ-45138,RQ-127,Pioneer Standard Insurance,Tri-County Workers' Comp Fund,2026-04-14,36.90,Paid,2026-04-17,
INV-74503,REQ-45142,RQ-113,Grayson Poole,Tri-County Workers' Comp Fund,2026-04-20,56.50,Paid,2026-04-23,
INV-74504,REQ-45143,RQ-126,Summit Chart Services,Tri-County Workers' Comp Fund,2026-05-01,47.75,Paid,2026-05-12,
INV-74505,REQ-45144,RQ-121,RecordPoint Retrieval,Tri-County Workers' Comp Fund,2026-04-14,61.75,Paid,2026-04-16,
INV-74506,REQ-45145,RQ-122,SwiftFile Records,Tri-County Workers' Comp Fund,2026-05-06,34.80,Paid,2026-05-20,
INV-74507,REQ-45146,RQ-121,RecordPoint Retrieval,Tri-County Workers' Comp Fund,2026-04-28,45.65,Paid,2026-05-08,
INV-74508,REQ-45147,RQ-127,Pioneer Standard Insurance,Tri-County Workers' Comp Fund,2026-05-04,200.00,Paid,2026-05-08,
INV-74509,REQ-45148,RQ-105,Brennan Hale PC,Tri-County Workers' Comp Fund,2026-05-05,121.95,Paid,2026-05-07,
INV-74510,REQ-45149,RQ-120,Beaumont Stark,Tri-County Workers' Comp Fund,2026-04-02,119.50,Cancelled,,No records found
INV-74511,REQ-45150,RQ-109,Hudson Valley Injury Law,Tri-County Workers' Comp Fund,2026-05-01,47.40,Paid,2026-05-07,
INV-74512,REQ-45151,RQ-106,Ostrowski Legal,Tri-County Workers' Comp Fund,2026-04-30,75.75,Paid,2026-05-14,
INV-74513,REQ-45152,RQ-121,RecordPoint Retrieval,Tri-County Workers' Comp Fund,2026-04-10,54.75,Paid,2026-04-16,
INV-74514,REQ-45153,RQ-116,Carver Moss LLP,Beacon Casualty Company,2026-04-22,81.35,Paid,2026-05-07,
INV-74515,REQ-45154,RQ-109,Hudson Valley Injury Law,Beacon Casualty Company,2026-04-23,63.15,Open,,
INV-74516,REQ-45157,RQ-122,SwiftFile Records,Beacon Casualty Company,2026-04-13,56.15,Paid,2026-04-30,
INV-74517,REQ-45158,RQ-120,Beaumont Stark,Beacon Casualty Company,2026-04-17,96.40,Paid,2026-04-29,
INV-74518,REQ-45159,RQ-106,Ostrowski Legal,Beacon Casualty Company,2026-04-15,48.80,Paid,2026-04-30,
INV-74519,REQ-45160,RQ-101,Morrison & Pratt LLP,Beacon Casualty Company,2026-05-01,67.00,Paid,2026-05-17,
INV-74520,REQ-45161,RQ-123,DocuTrace Services,Beacon Casualty Company,2026-04-09,41.80,Open,,
INV-74521,REQ-45162,RQ-128,Lakeside Mutual,Beacon Casualty Company,2026-04-24,87.30,Paid,2026-05-01,
INV-74522,REQ-45163,RQ-123,DocuTrace Services,Beacon Casualty Company,2026-04-10,60.00,Paid,2026-04-19,
INV-74523,REQ-45164,RQ-118,Pruitt Legal Group,Beacon Casualty Company,2026-04-09,113.20,Cancelled,,Duplicate request
INV-74524,REQ-45165,RQ-121,RecordPoint Retrieval,Beacon Casualty Company,2026-04-23,95.35,Open,,
INV-74525,REQ-45167,RQ-122,SwiftFile Records,Beacon Casualty Company,2026-04-27,40.05,Paid,2026-04-29,
INV-74526,REQ-45168,RQ-103,Kessler Injury Attorneys,Beacon Casualty Company,2026-04-10,55.10,Open,,
INV-74527,REQ-45169,RQ-125,ClearPath Records,Beacon Casualty Company,2026-04-30,111.80,Paid,2026-05-06,
INV-74528,REQ-45170,RQ-121,RecordPoint Retrieval,Beacon Casualty Company,2026-04-29,84.85,Open,,
INV-74529,REQ-45172,RQ-101,Morrison & Pratt LLP,Beacon Casualty Company,2026-04-17,64.90,Paid,2026-04-29,
INV-74530,REQ-45173,RQ-108,Salas Trial Lawyers,Beacon Casualty Company,2026-04-24,110.75,Paid,2026-05-10,
INV-74531,REQ-45174,RQ-121,RecordPoint Retrieval,Beacon Casualty Company,2026-04-28,51.60,Paid,2026-05-02,
INV-74532,REQ-45175,RQ-107,Park & Levine,Beacon Casualty Company,2026-04-27,95.00,Paid,2026-05-04,
INV-74533,REQ-45176,RQ-121,RecordPoint Retrieval,Beacon Casualty Company,2026-05-06,87.65,Paid,2026-05-10,
INV-74534,REQ-45177,RQ-108,Salas Trial Lawyers,Beacon Casualty Company,2026-05-01,50.90,Paid,2026-05-14,
INV-74535,REQ-45178,RQ-126,Summit Chart Services,Beacon Casualty Company,2026-05-01,36.20,Paid,2026-05-12,
INV-74536,REQ-45179,RQ-122,SwiftFile Records,Beacon Casualty Company,2026-04-15,60.70,Open,,
INV-74537,REQ-45180,RQ-116,Carver Moss LLP,Beacon Casualty Company,2026-04-08,50.20,Paid,2026-04-20,
INV-74538,REQ-45181,RQ-128,Lakeside Mutual,Beacon Casualty Company,2026-04-20,33.40,Paid,2026-05-04,
INV-74539,REQ-45182,RQ-127,Pioneer Standard Insurance,Beacon Casualty Company,2026-04-07,50.90,Paid,2026-04-11,
INV-74540,REQ-45183,RQ-120,Beaumont Stark,Beacon Casualty Company,2026-04-24,40.75,Paid,2026-05-11,
INV-74541,REQ-45184,RQ-121,RecordPoint Retrieval,Beacon Casualty Company,2026-04-07,62.45,Paid,2026-04-20,
INV-74542,REQ-45185,RQ-121,RecordPoint Retrieval,Beacon Casualty Company,2026-05-01,44.60,Paid,2026-05-09,
INV-74543,REQ-45186,RQ-114,Tate & Winslow,Beacon Casualty Company,2026-04-10,58.25,Paid,2026-04-19,
INV-74544,REQ-45187,RQ-116,Carver Moss LLP,Beacon Casualty Company,2026-04-10,58.60,Open,,
INV-74545,REQ-45189,RQ-108,Salas Trial Lawyers,Beacon Casualty Company,2026-04-10,60.70,Open,,
INV-74546,REQ-45190,RQ-126,Summit Chart Services,Beacon Casualty Company,2026-04-24,59.30,Paid,2026-05-12,
INV-74547,REQ-45191,RQ-123,DocuTrace Services,Beacon Casualty Company,2026-04-13,132.10,Cancelled,,Duplicate request
INV-74548,REQ-45192,RQ-126,Summit Chart Services,Beacon Casualty Company,2026-04-13,36.20,Paid,2026-04-21,
INV-74549,REQ-45193,RQ-123,DocuTrace Services,Beacon Casualty Company,2026-04-16,58.25,Paid,2026-04-27,
INV-74550,REQ-45194,RQ-124,Keystone Record Retrieval,Beacon Casualty Company,2026-04-07,69.80,Paid,2026-04-23,
INV-74551,REQ-45195,RQ-119,Quinlan & Ames,Beacon Casualty Company,2026-04-10,36.90,Paid,2026-04-25,
INV-74552,REQ-45196,RQ-118,Pruitt Legal Group,Beacon Casualty Company,2026-04-30,60.35,Open,,
INV-74553,REQ-45197,RQ-126,Summit Chart Services,Northfork Insurance Co.,2026-05-01,121.60,Paid,2026-05-11,
INV-74554,REQ-45198,RQ-114,Tate & Winslow,Northfork Insurance Co.,2026-04-29,111.45,Paid,2026-05-07,
INV-74555,REQ-45199,RQ-121,RecordPoint Retrieval,Northfork Insurance Co.,2026-04-29,55.80,Paid,2026-05-15,
INV-74556,REQ-45200,RQ-110,Marchetti & Cole,Northfork Insurance Co.,2026-04-15,78.20,Cancelled,,Duplicate request
INV-74557,REQ-45201,RQ-121,RecordPoint Retrieval,Northfork Insurance Co.,2026-04-10,86.60,Open,,
INV-74558,REQ-45202,RQ-124,Keystone Record Retrieval,Northfork Insurance Co.,2026-04-09,84.85,Paid,2026-04-20,
INV-74559,REQ-45203,RQ-122,SwiftFile Records,Northfork Insurance Co.,2026-04-10,81.35,Open,,
INV-74560,REQ-45204,RQ-124,Keystone Record Retrieval,Northfork Insurance Co.,2026-04-13,114.25,Open,,
INV-74561,REQ-45205,RQ-114,Tate & Winslow,Northfork Insurance Co.,2026-04-29,36.20,Open,,
INV-74562,REQ-45206,RQ-101,Morrison & Pratt LLP,Northfork Insurance Co.,2026-05-04,56.50,Paid,2026-05-08,
INV-74563,REQ-45207,RQ-110,Marchetti & Cole,Northfork Insurance Co.,2026-04-17,67.70,Paid,2026-04-24,
INV-74564,REQ-45209,RQ-121,RecordPoint Retrieval,Northfork Insurance Co.,2026-05-06,48.10,Paid,2026-05-21,
INV-74565,REQ-45210,RQ-111,Ferris Nguyen LLP,Northfork Insurance Co.,2026-04-10,54.05,Paid,2026-04-20,
INV-74566,REQ-45211,RQ-114,Tate & Winslow,Northfork Insurance Co.,2026-04-28,45.30,Open,,
INV-74567,REQ-45212,RQ-101,Morrison & Pratt LLP,Northfork Insurance Co.,2026-04-13,70.15,Cancelled,,Duplicate request
INV-74568,REQ-45213,RQ-107,Park & Levine,Northfork Insurance Co.,2026-04-17,57.55,Paid,2026-04-28,
INV-74569,REQ-45215,RQ-114,Tate & Winslow,Northfork Insurance Co.,2026-04-08,49.15,Paid,2026-04-23,
INV-74570,REQ-45216,RQ-111,Ferris Nguyen LLP,Northfork Insurance Co.,2026-04-22,93.25,Open,,
INV-74571,REQ-45217,RQ-108,Salas Trial Lawyers,Northfork Insurance Co.,2026-04-13,114.25,Paid,2026-04-16,
INV-74572,REQ-45218,RQ-126,Summit Chart Services,Northfork Insurance Co.,2026-04-30,39.70,Paid,2026-05-10,
INV-74573,REQ-45219,RQ-111,Ferris Nguyen LLP,Northfork Insurance Co.,2026-04-30,35.50,Open,,
INV-74574,REQ-45220,RQ-126,Summit Chart Services,Northfork Insurance Co.,2026-04-08,67.35,Paid,2026-04-13,
INV-74575,REQ-45221,RQ-101,Morrison & Pratt LLP,Northfork Insurance Co.,2026-04-15,53.35,Paid,2026-04-17,
INV-74576,REQ-45222,RQ-106,Ostrowski Legal,Northfork Insurance Co.,2026-04-21,46.35,Cancelled,,No records found
INV-74577,REQ-45223,RQ-111,Ferris Nguyen LLP,Northfork Insurance Co.,2026-04-29,77.50,Paid,2026-05-12,
INV-74578,REQ-45224,RQ-121,RecordPoint Retrieval,Northfork Insurance Co.,2026-04-22,56.50,Paid,2026-05-04,
INV-74579,REQ-45225,RQ-114,Tate & Winslow,Northfork Insurance Co.,2026-05-04,117.40,Open,,
INV-74580,REQ-45226,RQ-117,Iverson Goldberg,Northfork Insurance Co.,2026-04-07,270.70,Paid,2026-04-09,
INV-74581,REQ-45227,RQ-123,DocuTrace Services,Meridian Auto & Home,2026-04-29,61.75,Paid,2026-05-15,
INV-74582,REQ-45228,RQ-122,SwiftFile Records,Meridian Auto & Home,2026-04-14,57.55,Paid,2026-04-27,
INV-74583,REQ-45229,RQ-126,Summit Chart Services,Meridian Auto & Home,2026-04-06,56.85,Cancelled,,Duplicate request
INV-74584,REQ-45230,RQ-121,RecordPoint Retrieval,Meridian Auto & Home,2026-04-22,57.20,Cancelled,,Duplicate request
INV-74585,REQ-45232,RQ-121,RecordPoint Retrieval,Meridian Auto & Home,2026-04-17,62.10,Open,,
INV-74586,REQ-45233,RQ-129,Evergreen Casualty,Meridian Auto & Home,2026-04-03,50.55,Paid,2026-04-19,
INV-74587,REQ-45234,RQ-127,Pioneer Standard Insurance,Meridian Auto & Home,2026-04-30,128.95,Paid,2026-05-08,
INV-74588,REQ-45235,RQ-127,Pioneer Standard Insurance,Meridian Auto & Home,2026-04-24,54.05,Paid,2026-05-03,
INV-74589,REQ-45236,RQ-103,Kessler Injury Attorneys,Meridian Auto & Home,2026-04-23,67.00,Paid,2026-05-01,
INV-74590,REQ-45237,RQ-121,RecordPoint Retrieval,Meridian Auto & Home,2026-04-09,68.05,Open,,
INV-74591,REQ-45238,RQ-121,RecordPoint Retrieval,Meridian Auto & Home,2026-04-15,60.35,Paid,2026-04-17,
INV-74592,REQ-45239,RQ-110,Marchetti & Cole,Meridian Auto & Home,2026-04-15,102.00,Paid,2026-04-27,
INV-74593,REQ-45240,RQ-116,Carver Moss LLP,Meridian Auto & Home,2026-04-30,45.65,Paid,2026-05-10,
INV-74594,REQ-45241,RQ-125,ClearPath Records,Meridian Auto & Home,2026-04-10,176.55,Cancelled,,Request withdrawn
INV-74595,REQ-45242,RQ-103,Kessler Injury Attorneys,Meridian Auto & Home,2026-04-30,79.25,Paid,2026-05-13,
INV-74596,REQ-45245,RQ-125,ClearPath Records,Meridian Auto & Home,2026-04-09,42.15,Paid,2026-04-24,
INV-74597,REQ-45246,RQ-127,Pioneer Standard Insurance,Meridian Auto & Home,2026-04-09,241.65,Paid,2026-04-19,
INV-74598,REQ-45247,RQ-101,Morrison & Pratt LLP,Meridian Auto & Home,2026-04-09,38.30,Open,,
INV-74599,REQ-45248,RQ-101,Morrison & Pratt LLP,Meridian Auto & Home,2026-04-21,130.35,Paid,2026-04-26,
INV-74600,REQ-45249,RQ-123,DocuTrace Services,Atlas Comp Services,2026-04-10,74.35,Paid,2026-04-12,
INV-74601,REQ-45251,RQ-127,Pioneer Standard Insurance,Atlas Comp Services,2026-05-01,112.15,Open,,
INV-74602,REQ-45252,RQ-129,Evergreen Casualty,Atlas Comp Services,2026-04-16,99.20,Paid,2026-05-01,
INV-74603,REQ-45253,RQ-119,Quinlan & Ames,Atlas Comp Services,2026-04-27,94.65,Paid,2026-05-04,
INV-74604,REQ-45254,RQ-112,Abernathy Law,Atlas Comp Services,2026-04-30,35.85,Paid,2026-05-13,
INV-74605,REQ-45255,RQ-105,Brennan Hale PC,Atlas Comp Services,2026-04-13,84.50,Paid,2026-04-20,
INV-74606,REQ-45257,RQ-120,Beaumont Stark,Atlas Comp Services,2026-05-07,88.70,Paid,2026-05-22,
INV-74607,REQ-45259,RQ-129,Evergreen Casualty,Atlas Comp Services,2026-04-29,99.55,Paid,2026-05-16,
INV-74608,REQ-45261,RQ-122,SwiftFile Records,Atlas Comp Services,2026-04-29,67.00,Paid,2026-05-14,
INV-74609,REQ-45262,RQ-121,RecordPoint Retrieval,Atlas Comp Services,2026-04-09,83.80,Open,,
INV-74610,REQ-45266,RQ-126,Summit Chart Services,Atlas Comp Services,2026-04-22,75.40,Paid,2026-05-07,
INV-74611,REQ-45267,RQ-105,Brennan Hale PC,Harborline Mutual Insurance,2026-05-29,54.40,Paid,2026-06-03,
INV-74612,REQ-45268,RQ-124,Keystone Record Retrieval,Harborline Mutual Insurance,2026-05-13,107.95,Paid,2026-05-18,
INV-74613,REQ-45269,RQ-125,ClearPath Records,Harborline Mutual Insurance,2026-05-26,55.10,Paid,2026-06-12,
INV-74614,REQ-45270,RQ-116,Carver Moss LLP,Harborline Mutual Insurance,2026-05-20,64.55,Paid,2026-05-31,
INV-74615,REQ-45271,RQ-105,Brennan Hale PC,Harborline Mutual Insurance,2026-05-20,68.40,Paid,2026-05-29,
INV-74616,REQ-45272,RQ-120,Beaumont Stark,Harborline Mutual Insurance,2026-05-11,33.75,Paid,2026-05-23,
INV-74617,REQ-45274,RQ-109,Hudson Valley Injury Law,Harborline Mutual Insurance,2026-06-02,61.75,Paid,2026-06-17,
INV-74618,REQ-45275,RQ-125,ClearPath Records,Harborline Mutual Insurance,2026-05-01,126.15,Cancelled,,Request withdrawn
INV-74619,REQ-45276,RQ-130,Sterling Auto Insurance,Harborline Mutual Insurance,2026-05-08,49.85,Paid,2026-05-15,
INV-74620,REQ-45277,RQ-113,Grayson Poole,Harborline Mutual Insurance,2026-05-20,91.50,Open,,
INV-74621,REQ-45278,RQ-124,Keystone Record Retrieval,Harborline Mutual Insurance,2026-05-18,94.65,Paid,2026-05-21,
INV-74622,REQ-45279,RQ-122,SwiftFile Records,Harborline Mutual Insurance,2026-05-13,57.90,Paid,2026-05-15,
INV-74623,REQ-45280,RQ-124,Keystone Record Retrieval,Harborline Mutual Insurance,2026-05-08,60.00,Paid,2026-05-21,
INV-74624,REQ-45281,RQ-121,RecordPoint Retrieval,Harborline Mutual Insurance,2026-05-15,50.90,Open,,
INV-74625,REQ-45282,RQ-107,Park & Levine,Harborline Mutual Insurance,2026-05-08,47.75,Paid,2026-05-11,
INV-74626,REQ-45283,RQ-101,Morrison & Pratt LLP,Harborline Mutual Insurance,2026-05-21,68.75,Open,,
INV-74627,REQ-45284,RQ-114,Tate & Winslow,Harborline Mutual Insurance,2026-05-27,76.10,Paid,2026-06-11,
INV-74628,REQ-45285,RQ-108,Salas Trial Lawyers,Harborline Mutual Insurance,2026-06-01,67.35,Paid,2026-06-13,
INV-74629,REQ-45286,RQ-119,Quinlan & Ames,Harborline Mutual Insurance,2026-05-27,83.10,Paid,2026-06-12,
INV-74630,REQ-45287,RQ-123,DocuTrace Services,Harborline Mutual Insurance,2026-05-06,71.20,Paid,2026-05-24,
INV-74631,REQ-45288,RQ-128,Lakeside Mutual,Harborline Mutual Insurance,2026-05-28,61.05,Paid,2026-06-13,
INV-74632,REQ-45289,RQ-123,DocuTrace Services,Harborline Mutual Insurance,2026-05-15,128.95,Paid,2026-05-31,
INV-74633,REQ-45290,RQ-121,RecordPoint Retrieval,Harborline Mutual Insurance,2026-06-02,53.00,Paid,2026-06-10,
INV-74634,REQ-45291,RQ-125,ClearPath Records,Harborline Mutual Insurance,2026-06-01,41.80,Paid,2026-06-05,
INV-74635,REQ-45292,RQ-125,ClearPath Records,Harborline Mutual Insurance,2026-05-12,44.95,Paid,2026-05-26,
INV-74636,REQ-45294,RQ-112,Abernathy Law,Harborline Mutual Insurance,2026-05-11,45.65,Paid,2026-05-26,
INV-74637,REQ-45295,RQ-127,Pioneer Standard Insurance,Harborline Mutual Insurance,2026-05-11,53.35,Paid,2026-05-14,
INV-74638,REQ-45296,RQ-125,ClearPath Records,Harborline Mutual Insurance,2026-06-01,96.05,Open,,
INV-74639,REQ-45297,RQ-129,Evergreen Casualty,Harborline Mutual Insurance,2026-05-29,71.55,Paid,2026-06-11,
INV-74640,REQ-45299,RQ-101,Morrison & Pratt LLP,Harborline Mutual Insurance,2026-05-07,79.95,Open,,
INV-74641,REQ-45300,RQ-120,Beaumont Stark,Harborline Mutual Insurance,2026-05-29,57.90,Paid,2026-06-09,
INV-74642,REQ-45301,RQ-106,Ostrowski Legal,Harborline Mutual Insurance,2026-05-28,67.70,Paid,2026-06-11,
INV-74643,REQ-45302,RQ-127,Pioneer Standard Insurance,Harborline Mutual Insurance,2026-06-05,49.85,Paid,2026-06-22,
INV-74644,REQ-45303,RQ-105,Brennan Hale PC,Harborline Mutual Insurance,2026-06-01,149.95,Paid,2026-06-13,
INV-74645,REQ-45304,RQ-110,Marchetti & Cole,Harborline Mutual Insurance,2026-05-07,78.20,Paid,2026-05-13,
INV-74646,REQ-45306,RQ-111,Ferris Nguyen LLP,Harborline Mutual Insurance,2026-05-29,42.50,Paid,2026-06-08,
INV-74647,REQ-45307,RQ-130,Sterling Auto Insurance,Harborline Mutual Insurance,2026-05-11,56.15,Paid,2026-05-16,
INV-74648,REQ-45308,RQ-124,Keystone Record Retrieval,Harborline Mutual Insurance,2026-05-20,68.75,Paid,2026-06-01,
INV-74649,REQ-45309,RQ-120,Beaumont Stark,Harborline Mutual Insurance,2026-05-20,157.65,Paid,2026-06-03,
INV-74650,REQ-45311,RQ-130,Sterling Auto Insurance,Harborline Mutual Insurance,2026-05-18,75.05,Paid,2026-05-22,
INV-74651,REQ-45312,RQ-105,Brennan Hale PC,Harborline Mutual Insurance,2026-05-11,107.60,Paid,2026-05-29,
INV-74652,REQ-45313,RQ-110,Marchetti & Cole,Harborline Mutual Insurance,2026-05-20,93.60,Paid,2026-06-05,
INV-74653,REQ-45314,RQ-113,Grayson Poole,Harborline Mutual Insurance,2026-05-15,61.05,Paid,2026-05-22,
INV-74654,REQ-45315,RQ-122,SwiftFile Records,Harborline Mutual Insurance,2026-05-08,117.40,Paid,2026-05-18,
INV-74655,REQ-45316,RQ-121,RecordPoint Retrieval,Harborline Mutual Insurance,2026-05-14,70.50,Paid,2026-05-21,
INV-74656,REQ-45317,RQ-109,Hudson Valley Injury Law,Harborline Mutual Insurance,2026-05-08,65.95,Paid,2026-05-11,
INV-74657,REQ-45318,RQ-124,Keystone Record Retrieval,Harborline Mutual Insurance,2026-05-18,68.05,Paid,2026-05-30,
INV-74658,REQ-45319,RQ-120,Beaumont Stark,Harborline Mutual Insurance,2026-05-29,55.10,Open,,
INV-74659,REQ-45320,RQ-126,Summit Chart Services,Harborline Mutual Insurance,2026-05-08,45.30,Paid,2026-05-20,
INV-74660,REQ-45321,RQ-109,Hudson Valley Injury Law,Harborline Mutual Insurance,2026-05-25,35.50,Paid,2026-05-31,
INV-74661,REQ-45322,RQ-128,Lakeside Mutual,Harborline Mutual Insurance,2026-05-27,48.80,Paid,2026-06-14,
INV-74662,REQ-45323,RQ-101,Morrison & Pratt LLP,Harborline Mutual Insurance,2026-05-14,139.45,Paid,2026-05-31,
INV-74663,REQ-45324,RQ-112,Abernathy Law,Harborline Mutual Insurance,2026-05-18,68.05,Paid,2026-06-05,
INV-74664,REQ-45325,RQ-125,ClearPath Records,Harborline Mutual Insurance,2026-05-14,83.80,Paid,2026-05-19,
INV-74665,REQ-45326,RQ-110,Marchetti & Cole,Harborline Mutual Insurance,2026-05-18,35.50,Open,,
INV-74666,REQ-45327,RQ-125,ClearPath Records,Harborline Mutual Insurance,2026-05-07,44.60,Paid,2026-05-17,
INV-74667,REQ-45328,RQ-117,Iverson Goldberg,Harborline Mutual Insurance,2026-05-20,48.45,Paid,2026-05-23,
INV-74668,REQ-45329,RQ-128,Lakeside Mutual,Harborline Mutual Insurance,2026-05-28,166.40,Open,,
INV-74669,REQ-45330,RQ-126,Summit Chart Services,Harborline Mutual Insurance,2026-05-07,57.55,Paid,2026-05-22,
INV-74670,REQ-45331,RQ-126,Summit Chart Services,Harborline Mutual Insurance,2026-05-29,58.25,Paid,2026-06-10,
INV-74671,REQ-45332,RQ-120,Beaumont Stark,Harborline Mutual Insurance,2026-05-28,118.45,Paid,2026-06-03,
INV-74672,REQ-45334,RQ-121,RecordPoint Retrieval,Harborline Mutual Insurance,2026-05-08,49.15,Open,,
INV-74673,REQ-45335,RQ-107,Park & Levine,Harborline Mutual Insurance,2026-05-28,67.00,Paid,2026-06-02,
INV-74674,REQ-45336,RQ-125,ClearPath Records,Harborline Mutual Insurance,2026-05-29,77.50,Paid,2026-06-06,
INV-74675,REQ-45337,RQ-130,Sterling Auto Insurance,Harborline Mutual Insurance,2026-06-03,78.90,Paid,2026-06-12,
INV-74676,REQ-45338,RQ-107,Park & Levine,Harborline Mutual Insurance,2026-05-06,114.25,Paid,2026-05-13,
INV-74677,REQ-45339,RQ-123,DocuTrace Services,Harborline Mutual Insurance,2026-05-25,98.50,Paid,2026-06-12,
INV-74678,REQ-45340,RQ-122,SwiftFile Records,Harborline Mutual Insurance,2026-05-27,152.40,Paid,2026-06-12,
INV-74679,REQ-45341,RQ-117,Iverson Goldberg,Harborline Mutual Insurance,2026-05-27,149.25,Paid,2026-06-09,
INV-74680,REQ-45342,RQ-121,RecordPoint Retrieval,Harborline Mutual Insurance,2026-05-12,62.10,Paid,2026-05-28,
INV-74681,REQ-45343,RQ-119,Quinlan & Ames,Harborline Mutual Insurance,2026-05-14,181.10,Paid,2026-05-18,
INV-74682,REQ-45344,RQ-107,Park & Levine,Harborline Mutual Insurance,2026-06-01,106.90,Paid,2026-06-10,
INV-74683,REQ-45345,RQ-118,Pruitt Legal Group,Harborline Mutual Insurance,2026-05-15,48.45,Paid,2026-05-29,
INV-74684,REQ-45346,RQ-107,Park & Levine,Granite Shield Insurance,2026-05-11,35.15,Paid,2026-05-26,
INV-74685,REQ-45347,RQ-121,RecordPoint Retrieval,Granite Shield Insurance,2026-05-20,74.70,Open,,
INV-74686,REQ-45349,RQ-114,Tate & Winslow,Granite Shield Insurance,2026-05-25,56.85,Paid,2026-05-31,
INV-74687,REQ-45350,RQ-115,Lindqvist Defense,Granite Shield Insurance,2026-05-11,45.30,Paid,2026-05-24,
INV-74688,REQ-45352,RQ-121,RecordPoint Retrieval,Granite Shield Insurance,2026-05-26,95.00,Paid,2026-05-29,
INV-74689,REQ-45353,RQ-101,Morrison & Pratt LLP,Granite Shield Insurance,2026-05-13,120.20,Paid,2026-05-30,
INV-74690,REQ-45354,RQ-123,DocuTrace Services,Granite Shield Insurance,2026-05-13,47.05,Paid,2026-05-27,
INV-74691,REQ-45355,RQ-125,ClearPath Records,Granite Shield Insurance,2026-05-21,162.55,Paid,2026-05-29,
INV-74692,REQ-45356,RQ-106,Ostrowski Legal,Granite Shield Insurance,2026-05-08,83.80,Open,,
INV-74693,REQ-45357,RQ-117,Iverson Goldberg,Granite Shield Insurance,2026-05-21,66.30,Paid,2026-05-24,
INV-74694,REQ-45358,RQ-118,Pruitt Legal Group,Granite Shield Insurance,2026-05-28,88.35,Paid,2026-06-05,
INV-74695,REQ-45359,RQ-112,Abernathy Law,Granite Shield Insurance,2026-05-22,116.70,Paid,2026-06-06,
INV-74696,REQ-45360,RQ-108,Salas Trial Lawyers,Granite Shield Insurance,2026-05-07,121.60,Paid,2026-05-25,
INV-74697,REQ-45361,RQ-114,Tate & Winslow,Granite Shield Insurance,2026-05-14,91.15,Paid,2026-05-19,
INV-74698,REQ-45362,RQ-123,DocuTrace Services,Granite Shield Insurance,2026-05-22,82.05,Paid,2026-05-31,
INV-74699,REQ-45363,RQ-110,Marchetti & Cole,Granite Shield Insurance,2026-05-15,60.70,Paid,2026-05-19,
INV-74700,REQ-45364,RQ-103,Kessler Injury Attorneys,Granite Shield Insurance,2026-05-14,41.45,Open,,
INV-74701,REQ-45365,RQ-124,Keystone Record Retrieval,Granite Shield Insurance,2026-05-08,61.40,Paid,2026-05-18,
INV-74702,REQ-45366,RQ-125,ClearPath Records,Granite Shield Insurance,2026-05-22,69.10,Paid,2026-05-26,
INV-74703,REQ-45367,RQ-107,Park & Levine,Granite Shield Insurance,2026-06-03,52.30,Paid,2026-06-07,
INV-74704,REQ-45368,RQ-125,ClearPath Records,Granite Shield Insurance,2026-05-28,61.05,Paid,2026-06-07,
INV-74705,REQ-45369,RQ-118,Pruitt Legal Group,Granite Shield Insurance,2026-05-28,60.00,Paid,2026-06-12,
INV-74706,REQ-45371,RQ-115,Lindqvist Defense,Granite Shield Insurance,2026-05-14,61.40,Paid,2026-05-30,
INV-74707,REQ-45372,RQ-116,Carver Moss LLP,Granite Shield Insurance,2026-05-29,71.55,Paid,2026-06-09,
INV-74708,REQ-45373,RQ-122,SwiftFile Records,Granite Shield Insurance,2026-05-08,60.35,Paid,2026-05-13,
INV-74709,REQ-45375,RQ-101,Morrison & Pratt LLP,Granite Shield Insurance,2026-05-27,86.95,Paid,2026-06-01,
INV-74710,REQ-45376,RQ-129,Evergreen Casualty,Granite Shield Insurance,2026-05-28,49.15,Paid,2026-06-02,
INV-74711,REQ-45377,RQ-107,Park & Levine,Granite Shield Insurance,2026-06-05,209.80,Paid,2026-06-22,
INV-74712,REQ-45378,RQ-121,RecordPoint Retrieval,Granite Shield Insurance,2026-05-29,204.20,Paid,2026-05-31,
INV-74713,REQ-45379,RQ-103,Kessler Injury Attorneys,Granite Shield Insurance,2026-05-18,109.35,Paid,2026-05-21,
INV-74714,REQ-45380,RQ-123,DocuTrace Services,Granite Shield Insurance,2026-05-11,85.90,Paid,2026-05-25,
INV-74715,REQ-45381,RQ-111,Ferris Nguyen LLP,Granite Shield Insurance,2026-05-19,91.50,Paid,2026-05-31,
INV-74716,REQ-45382,RQ-112,Abernathy Law,Granite Shield Insurance,2026-05-27,46.00,Paid,2026-06-02,
INV-74717,REQ-45383,RQ-111,Ferris Nguyen LLP,Granite Shield Insurance,2026-05-21,193.00,Open,,
INV-74718,REQ-45384,RQ-125,ClearPath Records,Granite Shield Insurance,2026-06-03,39.00,Paid,2026-06-10,
INV-74719,REQ-45385,RQ-117,Iverson Goldberg,Granite Shield Insurance,2026-05-11,33.75,Open,,
INV-74720,REQ-45386,RQ-122,SwiftFile Records,Granite Shield Insurance,2026-05-08,66.30,Paid,2026-05-13,
INV-74721,REQ-45387,RQ-127,Pioneer Standard Insurance,Granite Shield Insurance,2026-06-03,71.90,Paid,2026-06-20,
INV-74722,REQ-45388,RQ-115,Lindqvist Defense,Granite Shield Insurance,2026-05-07,99.20,Paid,2026-05-09,
INV-74723,REQ-45389,RQ-113,Grayson Poole,Granite Shield Insurance,2026-05-06,57.55,Paid,2026-05-20,
INV-74724,REQ-45390,RQ-121,RecordPoint Retrieval,Granite Shield Insurance,2026-05-06,41.10,Open,,
INV-74725,REQ-45391,RQ-114,Tate & Winslow,Granite Shield Insurance,2026-05-29,62.10,Paid,2026-06-13,
INV-74726,REQ-45392,RQ-101,Morrison & Pratt LLP,Granite Shield Insurance,2026-05-19,50.55,Paid,2026-05-25,
INV-74727,REQ-45393,RQ-130,Sterling Auto Insurance,Granite Shield Insurance,2026-05-15,61.75,Paid,2026-06-02,
INV-74728,REQ-45394,RQ-129,Evergreen Casualty,Granite Shield Insurance,2026-05-08,39.35,Paid,2026-05-22,
INV-74729,REQ-45395,RQ-103,Kessler Injury Attorneys,Granite Shield Insurance,2026-05-29,92.55,Paid,2026-06-07,
INV-74730,REQ-45397,RQ-114,Tate & Winslow,Granite Shield Insurance,2026-06-03,77.50,Paid,2026-06-13,
INV-74731,REQ-45399,RQ-101,Morrison & Pratt LLP,Granite Shield Insurance,2026-06-02,106.20,Cancelled,,Duplicate request
INV-74732,REQ-45400,RQ-127,Pioneer Standard Insurance,Keystone Auto Group,2026-05-08,53.00,Paid,2026-05-17,
INV-74733,REQ-45402,RQ-102,Delgado Law Group,Keystone Auto Group,2026-05-29,46.35,Paid,2026-06-16,
INV-74734,REQ-45403,RQ-117,Iverson Goldberg,Keystone Auto Group,2026-05-15,41.45,Open,,
INV-74735,REQ-45404,RQ-107,Park & Levine,Keystone Auto Group,2026-05-19,59.30,Open,,
INV-74736,REQ-45406,RQ-130,Sterling Auto Insurance,Keystone Auto Group,2026-05-07,72.60,Paid,2026-05-22,
INV-74737,REQ-45407,RQ-122,SwiftFile Records,Keystone Auto Group,2026-05-11,52.30,Paid,2026-05-28,
INV-74738,REQ-45408,RQ-113,Grayson Poole,Keystone Auto Group,2026-05-14,64.55,Paid,2026-05-26,
INV-74739,REQ-45409,RQ-124,Keystone Record Retrieval,Keystone Auto Group,2026-06-01,157.65,Paid,2026-06-04,
INV-74740,REQ-45410,RQ-123,DocuTrace Services,Keystone Auto Group,2026-05-18,53.70,Paid,2026-05-23,
INV-74741,REQ-45411,RQ-124,Keystone Record Retrieval,Keystone Auto Group,2026-05-20,134.90,Paid,2026-06-03,
INV-74742,REQ-45412,RQ-121,RecordPoint Retrieval,Keystone Auto Group,2026-06-01,65.25,Paid,2026-06-18,
INV-74743,REQ-45413,RQ-102,Delgado Law Group,Keystone Auto Group,2026-06-01,108.30,Paid,2026-06-05,
INV-74744,REQ-45414,RQ-123,DocuTrace Services,Keystone Auto Group,2026-06-02,109.70,Paid,2026-06-20,
INV-74745,REQ-45415,RQ-103,Kessler Injury Attorneys,Keystone Auto Group,2026-05-22,55.10,Paid,2026-05-24,
INV-74746,REQ-45416,RQ-114,Tate & Winslow,Keystone Auto Group,2026-05-29,40.40,Paid,2026-06-02,
INV-74747,REQ-45417,RQ-113,Grayson Poole,Keystone Auto Group,2026-05-26,242.70,Paid,2026-06-03,
INV-74748,REQ-45418,RQ-116,Carver Moss LLP,Keystone Auto Group,2026-05-27,58.95,Paid,2026-06-04,
INV-74749,REQ-45419,RQ-121,RecordPoint Retrieval,Keystone Auto Group,2026-05-20,62.45,Paid,2026-05-26,
INV-74750,REQ-45420,RQ-127,Pioneer Standard Insurance,Keystone Auto Group,2026-05-18,49.85,Paid,2026-05-29,
INV-74751,REQ-45422,RQ-102,Delgado Law Group,Keystone Auto Group,2026-05-11,49.85,Paid,2026-05-14,
INV-74752,REQ-45424,RQ-123,DocuTrace Services,Keystone Auto Group,2026-05-07,66.65,Paid,2026-05-21,
INV-74753,REQ-45426,RQ-127,Pioneer Standard Insurance,Keystone Auto Group,2026-06-03,52.65,Paid,2026-06-10,
INV-74754,REQ-45427,RQ-121,RecordPoint Retrieval,Keystone Auto Group,2026-05-22,116.70,Paid,2026-05-27,
INV-74755,REQ-45428,RQ-110,Marchetti & Cole,Keystone Auto Group,2026-06-01,87.65,Paid,2026-06-09,
INV-74756,REQ-45429,RQ-113,Grayson Poole,Keystone Auto Group,2026-06-01,88.35,Paid,2026-06-06,
INV-74757,REQ-45430,RQ-101,Morrison & Pratt LLP,Keystone Auto Group,2026-06-01,69.45,Paid,2026-06-07,
INV-74758,REQ-45431,RQ-121,RecordPoint Retrieval,Keystone Auto Group,2026-05-08,146.45,Paid,2026-05-15,
INV-74759,REQ-45432,RQ-122,SwiftFile Records,Keystone Auto Group,2026-05-25,97.80,Paid,2026-06-04,
INV-74760,REQ-45433,RQ-124,Keystone Record Retrieval,Keystone Auto Group,2026-06-03,126.85,Paid,2026-06-06,
INV-74761,REQ-45434,RQ-108,Salas Trial Lawyers,Keystone Auto Group,2026-05-19,66.30,Open,,
INV-74762,REQ-45435,RQ-107,Park & Levine,Keystone Auto Group,2026-05-11,56.50,Paid,2026-05-28,
INV-74763,REQ-45436,RQ-125,ClearPath Records,Keystone Auto Group,2026-05-26,99.90,Open,,
INV-74764,REQ-45437,RQ-121,RecordPoint Retrieval,Keystone Auto Group,2026-05-12,170.60,Paid,2026-05-28,
INV-74765,REQ-45438,RQ-124,Keystone Record Retrieval,Keystone Auto Group,2026-05-12,85.20,Paid,2026-05-14,
INV-74766,REQ-45439,RQ-114,Tate & Winslow,Keystone Auto Group,2026-05-12,56.15,Paid,2026-05-16,
INV-74767,REQ-45441,RQ-105,Brennan Hale PC,Keystone Auto Group,2026-05-29,76.45,Paid,2026-06-13,
INV-74768,REQ-45442,RQ-112,Abernathy Law,Keystone Auto Group,2026-05-27,49.85,Paid,2026-06-09,
INV-74769,REQ-45443,RQ-104,Whitcombe & Rao,Keystone Auto Group,2026-05-12,44.25,Paid,2026-05-21,
INV-74770,REQ-45444,RQ-122,SwiftFile Records,Tri-County Workers' Comp Fund,2026-06-09,47.75,Paid,2026-06-21,
INV-74771,REQ-45445,RQ-120,Beaumont Stark,Tri-County Workers' Comp Fund,2026-05-18,218.55,Open,,
INV-74772,REQ-45446,RQ-126,Summit Chart Services,Tri-County Workers' Comp Fund,2026-05-13,116.35,Paid,2026-05-19,
INV-74773,REQ-45447,RQ-107,Park & Levine,Tri-County Workers' Comp Fund,2026-05-14,62.10,Paid,2026-05-20,
INV-74774,REQ-45448,RQ-121,RecordPoint Retrieval,Tri-County Workers' Comp Fund,2026-05-07,92.20,Paid,2026-05-12,
INV-74775,REQ-45449,RQ-116,Carver Moss LLP,Tri-County Workers' Comp Fund,2026-06-05,218.55,Paid,2026-06-15,
INV-74776,REQ-45450,RQ-114,Tate & Winslow,Tri-County Workers' Comp Fund,2026-05-20,67.35,Paid,2026-06-02,
INV-74777,REQ-45451,RQ-121,RecordPoint Retrieval,Tri-County Workers' Comp Fund,2026-05-27,58.25,Paid,2026-06-01,
INV-74778,REQ-45452,RQ-122,SwiftFile Records,Tri-County Workers' Comp Fund,2026-06-05,59.65,Paid,2026-06-18,
INV-74779,REQ-45453,RQ-118,Pruitt Legal Group,Tri-County Workers' Comp Fund,2026-05-29,142.60,Paid,2026-06-02,
INV-74780,REQ-45454,RQ-104,Whitcombe & Rao,Tri-County Workers' Comp Fund,2026-05-11,55.80,Open,,
INV-74781,REQ-45455,RQ-110,Marchetti & Cole,Tri-County Workers' Comp Fund,2026-05-11,37.60,Paid,2026-05-17,
INV-74782,REQ-45457,RQ-109,Hudson Valley Injury Law,Tri-County Workers' Comp Fund,2026-05-28,72.95,Paid,2026-05-30,
INV-74783,REQ-45459,RQ-123,DocuTrace Services,Tri-County Workers' Comp Fund,2026-05-12,49.15,Paid,2026-05-29,
INV-74784,REQ-45460,RQ-115,Lindqvist Defense,Tri-County Workers' Comp Fund,2026-06-01,150.65,Open,,
INV-74785,REQ-45461,RQ-126,Summit Chart Services,Tri-County Workers' Comp Fund,2026-05-25,77.50,Paid,2026-06-05,
INV-74786,REQ-45462,RQ-103,Kessler Injury Attorneys,Tri-County Workers' Comp Fund,2026-05-12,62.80,Paid,2026-05-15,
INV-74787,REQ-45464,RQ-123,DocuTrace Services,Tri-County Workers' Comp Fund,2026-05-07,79.25,Paid,2026-05-19,
INV-74788,REQ-45465,RQ-126,Summit Chart Services,Tri-County Workers' Comp Fund,2026-05-20,97.10,Paid,2026-05-27,
INV-74789,REQ-45466,RQ-115,Lindqvist Defense,Tri-County Workers' Comp Fund,2026-06-02,109.70,Paid,2026-06-13,
INV-74790,REQ-45467,RQ-112,Abernathy Law,Tri-County Workers' Comp Fund,2026-05-13,280.50,Paid,2026-05-22,
INV-74791,REQ-45468,RQ-129,Evergreen Casualty,Tri-County Workers' Comp Fund,2026-05-29,65.60,Paid,2026-06-08,
INV-74792,REQ-45469,RQ-112,Abernathy Law,Tri-County Workers' Comp Fund,2026-05-14,58.25,Paid,2026-05-23,
INV-74793,REQ-45470,RQ-113,Grayson Poole,Tri-County Workers' Comp Fund,2026-05-12,34.45,Paid,2026-05-21,
INV-74794,REQ-45471,RQ-124,Keystone Record Retrieval,Tri-County Workers' Comp Fund,2026-06-01,72.95,Paid,2026-06-11,
INV-74795,REQ-45472,RQ-112,Abernathy Law,Tri-County Workers' Comp Fund,2026-06-03,41.45,Paid,2026-06-15,
INV-74796,REQ-45473,RQ-127,Pioneer Standard Insurance,Tri-County Workers' Comp Fund,2026-06-01,68.05,Paid,2026-06-09,
INV-74797,REQ-45474,RQ-121,RecordPoint Retrieval,Tri-County Workers' Comp Fund,2026-06-03,54.40,Open,,
INV-74798,REQ-45475,RQ-119,Quinlan & Ames,Tri-County Workers' Comp Fund,2026-05-12,64.20,Paid,2026-05-28,
INV-74799,REQ-45476,RQ-106,Ostrowski Legal,Tri-County Workers' Comp Fund,2026-05-11,69.45,Paid,2026-05-17,
INV-74800,REQ-45477,RQ-121,RecordPoint Retrieval,Tri-County Workers' Comp Fund,2026-05-12,62.80,Open,,
INV-74801,REQ-45479,RQ-105,Brennan Hale PC,Tri-County Workers' Comp Fund,2026-06-01,65.95,Paid,2026-06-18,
INV-74802,REQ-45480,RQ-106,Ostrowski Legal,Beacon Casualty Company,2026-05-26,121.25,Paid,2026-06-12,
INV-74803,REQ-45481,RQ-110,Marchetti & Cole,Beacon Casualty Company,2026-05-14,139.80,Paid,2026-05-23,
INV-74804,REQ-45482,RQ-127,Pioneer Standard Insurance,Beacon Casualty Company,2026-05-14,130.35,Paid,2026-05-25,
INV-74805,REQ-45483,RQ-128,Lakeside Mutual,Beacon Casualty Company,2026-05-28,58.95,Paid,2026-05-31,
INV-74806,REQ-45484,RQ-129,Evergreen Casualty,Beacon Casualty Company,2026-05-15,42.50,Open,,
INV-74807,REQ-45485,RQ-120,Beaumont Stark,Beacon Casualty Company,2026-05-18,44.25,Cancelled,,No records found
INV-74808,REQ-45486,RQ-101,Morrison & Pratt LLP,Beacon Casualty Company,2026-05-11,81.70,Paid,2026-05-22,
INV-74809,REQ-45487,RQ-121,RecordPoint Retrieval,Beacon Casualty Company,2026-05-12,69.45,Paid,2026-05-27,
INV-74810,REQ-45488,RQ-130,Sterling Auto Insurance,Beacon Casualty Company,2026-05-27,42.15,Open,,
INV-74811,REQ-45489,RQ-121,RecordPoint Retrieval,Beacon Casualty Company,2026-05-14,59.30,Open,,
INV-74812,REQ-45490,RQ-109,Hudson Valley Injury Law,Beacon Casualty Company,2026-06-03,187.40,Paid,2026-06-19,
INV-74813,REQ-45491,RQ-110,Marchetti & Cole,Beacon Casualty Company,2026-05-05,89.75,Open,,
INV-74814,REQ-45492,RQ-121,RecordPoint Retrieval,Beacon Casualty Company,2026-05-26,137.00,Paid,2026-05-30,
INV-74815,REQ-45493,RQ-107,Park & Levine,Northfork Insurance Co.,2026-05-04,77.85,Cancelled,,No records found
INV-74816,REQ-45494,RQ-102,Delgado Law Group,Northfork Insurance Co.,2026-05-12,83.10,Paid,2026-05-22,
INV-74817,REQ-45495,RQ-103,Kessler Injury Attorneys,Northfork Insurance Co.,2026-05-28,65.60,Paid,2026-06-10,
INV-74818,REQ-45496,RQ-101,Morrison & Pratt LLP,Northfork Insurance Co.,2026-05-21,59.65,Paid,2026-06-03,
INV-74819,REQ-45497,RQ-121,RecordPoint Retrieval,Northfork Insurance Co.,2026-05-18,84.85,Open,,
INV-74820,REQ-45498,RQ-102,Delgado Law Group,Northfork Insurance Co.,2026-05-18,58.95,Paid,2026-06-05,
INV-74821,REQ-45499,RQ-130,Sterling Auto Insurance,Northfork Insurance Co.,2026-05-28,112.15,Paid,2026-06-14,
INV-74822,REQ-45500,RQ-121,RecordPoint Retrieval,Northfork Insurance Co.,2026-05-13,44.95,Open,,
INV-74823,REQ-45501,RQ-103,Kessler Injury Attorneys,Northfork Insurance Co.,2026-05-18,186.70,Paid,2026-05-23,
INV-74824,REQ-45502,RQ-101,Morrison & Pratt LLP,Northfork Insurance Co.,2026-05-22,60.70,Paid,2026-06-01,
INV-74825,REQ-45503,RQ-121,RecordPoint Retrieval,Northfork Insurance Co.,2026-05-26,60.35,Paid,2026-06-13,
INV-74826,REQ-45504,RQ-118,Pruitt Legal Group,Northfork Insurance Co.,2026-05-14,46.70,Open,,
INV-74827,REQ-45505,RQ-121,RecordPoint Retrieval,Northfork Insurance Co.,2026-05-06,49.15,Paid,2026-05-21,
INV-74828,REQ-45506,RQ-107,Park & Levine,Northfork Insurance Co.,2026-05-12,61.75,Paid,2026-05-24,
INV-74829,REQ-45507,RQ-101,Morrison & Pratt LLP,Northfork Insurance Co.,2026-05-25,61.05,Paid,2026-05-29,
INV-74830,REQ-45508,RQ-104,Whitcombe & Rao,Northfork Insurance Co.,2026-06-02,158.35,Paid,2026-06-14,
INV-74831,REQ-45509,RQ-122,SwiftFile Records,Northfork Insurance Co.,2026-06-02,42.50,Paid,2026-06-14,
INV-74832,REQ-45510,RQ-126,Summit Chart Services,Northfork Insurance Co.,2026-05-07,63.85,Paid,2026-05-15,
INV-74833,REQ-45511,RQ-101,Morrison & Pratt LLP,Northfork Insurance Co.,2026-05-12,66.65,Paid,2026-05-20,
INV-74834,REQ-45512,RQ-101,Morrison & Pratt LLP,Northfork Insurance Co.,2026-05-22,159.40,Paid,2026-06-01,
INV-74835,REQ-45513,RQ-121,RecordPoint Retrieval,Northfork Insurance Co.,2026-05-27,50.55,Paid,2026-06-01,
INV-74836,REQ-45514,RQ-124,Keystone Record Retrieval,Northfork Insurance Co.,2026-05-25,72.95,Paid,2026-06-11,
INV-74837,REQ-45515,RQ-121,RecordPoint Retrieval,Northfork Insurance Co.,2026-05-21,146.45,Paid,2026-06-08,
INV-74838,REQ-45516,RQ-123,DocuTrace Services,Northfork Insurance Co.,2026-06-01,167.80,Paid,2026-06-13,
INV-74839,REQ-45517,RQ-121,RecordPoint Retrieval,Northfork Insurance Co.,2026-05-13,222.05,Open,,
INV-74840,REQ-45518,RQ-106,Ostrowski Legal,Northfork Insurance Co.,2026-05-06,85.90,Paid,2026-05-13,
INV-74841,REQ-45519,RQ-121,RecordPoint Retrieval,Meridian Auto & Home,2026-05-28,77.85,Open,,
INV-74842,REQ-45520,RQ-122,SwiftFile Records,Meridian Auto & Home,2026-05-28,75.05,Paid,2026-06-05,
INV-74843,REQ-45522,RQ-119,Quinlan & Ames,Meridian Auto & Home,2026-05-18,67.00,Paid,2026-06-01,
INV-74844,REQ-45524,RQ-126,Summit Chart Services,Meridian Auto & Home,2026-05-28,88.00,Open,,
INV-74845,REQ-45525,RQ-118,Pruitt Legal Group,Meridian Auto & Home,2026-05-15,47.40,Paid,2026-05-29,
INV-74846,REQ-45526,RQ-128,Lakeside Mutual,Meridian Auto & Home,2026-05-25,96.40,Paid,2026-06-01,
INV-74847,REQ-45527,RQ-122,SwiftFile Records,Meridian Auto & Home,2026-05-19,70.15,Open,,
INV-74848,REQ-45528,RQ-119,Quinlan & Ames,Meridian Auto & Home,2026-05-15,51.25,Open,,
INV-74849,REQ-45529,RQ-120,Beaumont Stark,Meridian Auto & Home,2026-05-04,179.00,Cancelled,,Duplicate request
INV-74850,REQ-45530,RQ-120,Beaumont Stark,Meridian Auto & Home,2026-05-21,71.20,Paid,2026-06-02,
INV-74851,REQ-45531,RQ-123,DocuTrace Services,Meridian Auto & Home,2026-05-14,67.00,Paid,2026-05-26,
INV-74852,REQ-45532,RQ-106,Ostrowski Legal,Meridian Auto & Home,2026-05-29,169.55,Paid,2026-06-03,
INV-74853,REQ-45533,RQ-121,RecordPoint Retrieval,Meridian Auto & Home,2026-06-02,47.40,Paid,2026-06-05,
INV-74854,REQ-45534,RQ-117,Iverson Goldberg,Meridian Auto & Home,2026-05-13,39.35,Paid,2026-05-15,
INV-74855,REQ-45536,RQ-106,Ostrowski Legal,Meridian Auto & Home,2026-05-08,78.55,Paid,2026-05-11,
INV-74856,REQ-45537,RQ-125,ClearPath Records,Meridian Auto & Home,2026-05-19,79.95,Paid,2026-05-22,
INV-74857,REQ-45538,RQ-120,Beaumont Stark,Meridian Auto & Home,2026-05-19,78.20,Open,,
INV-74858,REQ-45539,RQ-106,Ostrowski Legal,Meridian Auto & Home,2026-05-07,53.00,Paid,2026-05-24,
INV-74859,REQ-45540,RQ-124,Keystone Record Retrieval,Meridian Auto & Home,2026-05-28,55.45,Paid,2026-06-13,
INV-74860,REQ-45541,RQ-124,Keystone Record Retrieval,Meridian Auto & Home,2026-05-12,37.60,Paid,2026-05-22,
INV-74861,REQ-45542,RQ-105,Brennan Hale PC,Meridian Auto & Home,2026-05-14,88.70,Paid,2026-05-22,
INV-74862,REQ-45543,RQ-115,Lindqvist Defense,Meridian Auto & Home,2026-05-20,99.20,Open,,
INV-74863,REQ-45544,RQ-112,Abernathy Law,Meridian Auto & Home,2026-05-13,75.40,Paid,2026-05-31,
INV-74864,REQ-45546,RQ-129,Evergreen Casualty,Atlas Comp Services,2026-05-19,130.70,Paid,2026-06-06,
INV-74865,REQ-45547,RQ-126,Summit Chart Services,Atlas Comp Services,2026-05-29,110.40,Paid,2026-06-12,
INV-74866,REQ-45548,RQ-130,Sterling Auto Insurance,Atlas Comp Services,2026-05-07,136.30,Paid,2026-05-14,
INV-74867,REQ-45550,RQ-118,Pruitt Legal Group,Atlas Comp Services,2026-05-27,46.35,Paid,2026-06-06,
INV-74868,REQ-45552,RQ-124,Keystone Record Retrieval,Atlas Comp Services,2026-05-20,46.00,Paid,2026-05-24,
INV-74869,REQ-45553,RQ-126,Summit Chart Services,Atlas Comp Services,2026-05-22,62.80,Paid,2026-05-29,
INV-74870,REQ-45554,RQ-103,Kessler Injury Attorneys,Atlas Comp Services,2026-05-26,58.25,Paid,2026-06-13,
INV-74871,REQ-45557,RQ-123,DocuTrace Services,Atlas Comp Services,2026-05-26,75.75,Paid,2026-06-07,
INV-74872,REQ-45558,RQ-114,Tate & Winslow,Atlas Comp Services,2026-05-13,63.85,Paid,2026-05-22,
INV-74873,REQ-45559,RQ-120,Beaumont Stark,Atlas Comp Services,2026-05-06,47.75,Open,,
INV-74874,REQ-45560,RQ-128,Lakeside Mutual,Atlas Comp Services,2026-06-09,103.75,Paid,2026-06-16,
INV-74875,REQ-45561,RQ-126,Summit Chart Services,Atlas Comp Services,2026-05-18,160.45,Paid,2026-05-29,
INV-74876,REQ-45563,RQ-108,Salas Trial Lawyers,Atlas Comp Services,2026-05-25,45.30,Paid,2026-06-03,
INV-74877,REQ-45564,RQ-101,Morrison & Pratt LLP,Harborline Mutual Insurance,2026-07-02,58.60,Paid,2026-07-13,
INV-74878,REQ-45565,RQ-129,Evergreen Casualty,Harborline Mutual Insurance,2026-06-10,65.60,Paid,2026-06-12,
INV-74879,REQ-45566,RQ-101,Morrison & Pratt LLP,Harborline Mutual Insurance,2026-06-09,47.75,Paid,2026-06-13,
INV-74880,REQ-45567,RQ-128,Lakeside Mutual,Harborline Mutual Insurance,2026-07-02,44.60,Paid,2026-07-10,
INV-74881,REQ-45568,RQ-114,Tate & Winslow,Harborline Mutual Insurance,2026-06-16,90.10,Cancelled,,Duplicate request
INV-74882,REQ-45569,RQ-127,Pioneer Standard Insurance,Harborline Mutual Insurance,2026-06-15,99.55,Paid,2026-06-25,
INV-74883,REQ-45571,RQ-109,Hudson Valley Injury Law,Harborline Mutual Insurance,2026-06-30,97.45,Paid,2026-07-13,
INV-74884,REQ-45572,RQ-122,SwiftFile Records,Harborline Mutual Insurance,2026-06-23,57.55,Paid,2026-06-25,
INV-74885,REQ-45574,RQ-101,Morrison & Pratt LLP,Harborline Mutual Insurance,2026-07-02,76.45,Paid,2026-07-10,
INV-74886,REQ-45575,RQ-121,RecordPoint Retrieval,Harborline Mutual Insurance,2026-06-25,36.90,Paid,2026-07-08,
INV-74887,REQ-45576,RQ-103,Kessler Injury Attorneys,Harborline Mutual Insurance,2026-07-06,67.70,Paid,2026-07-17,
INV-74888,REQ-45577,RQ-124,Keystone Record Retrieval,Harborline Mutual Insurance,2026-06-16,94.30,Paid,2026-06-28,
INV-74889,REQ-45580,RQ-106,Ostrowski Legal,Harborline Mutual Insurance,2026-06-25,130.70,Paid,2026-07-09,
INV-74890,REQ-45581,RQ-101,Morrison & Pratt LLP,Harborline Mutual Insurance,2026-06-22,70.15,Paid,2026-07-10,
INV-74891,REQ-45582,RQ-101,Morrison & Pratt LLP,Harborline Mutual Insurance,2026-06-25,69.45,Paid,2026-07-07,
INV-74892,REQ-45583,RQ-125,ClearPath Records,Harborline Mutual Insurance,2026-07-07,42.85,Paid,2026-07-15,
INV-74893,REQ-45585,RQ-105,Brennan Hale PC,Harborline Mutual Insurance,2026-06-12,77.15,Open,,
INV-74894,REQ-45586,RQ-127,Pioneer Standard Insurance,Harborline Mutual Insurance,2026-06-17,79.60,Paid,2026-06-23,
INV-74895,REQ-45587,RQ-105,Brennan Hale PC,Harborline Mutual Insurance,2026-06-30,37.95,Open,,
INV-74896,REQ-45588,RQ-126,Summit Chart Services,Harborline Mutual Insurance,2026-07-07,166.05,Paid,2026-07-17,
INV-74897,REQ-45589,RQ-130,Sterling Auto Insurance,Harborline Mutual Insurance,2026-06-10,130.35,Paid,2026-06-15,
INV-74898,REQ-45590,RQ-125,ClearPath Records,Harborline Mutual Insurance,2026-06-24,50.55,Paid,2026-06-26,
INV-74899,REQ-45592,RQ-110,Marchetti & Cole,Harborline Mutual Insurance,2026-06-18,79.95,Paid,2026-06-28,
INV-74900,REQ-45593,RQ-124,Keystone Record Retrieval,Harborline Mutual Insurance,2026-07-01,69.10,Open,,
INV-74901,REQ-45594,RQ-124,Keystone Record Retrieval,Harborline Mutual Insurance,2026-06-30,74.35,Paid,2026-07-18,
INV-74902,REQ-45595,RQ-114,Tate & Winslow,Harborline Mutual Insurance,2026-06-12,194.40,Paid,2026-06-27,
INV-74903,REQ-45597,RQ-125,ClearPath Records,Harborline Mutual Insurance,2026-06-22,30.60,Paid,2026-07-01,
INV-74904,REQ-45598,RQ-106,Ostrowski Legal,Harborline Mutual Insurance,2026-06-30,56.15,Paid,2026-07-10,
INV-74905,REQ-45599,RQ-130,Sterling Auto Insurance,Harborline Mutual Insurance,2026-06-05,156.95,Paid,2026-06-23,
INV-74906,REQ-45600,RQ-113,Grayson Poole,Harborline Mutual Insurance,2026-06-11,53.00,Paid,2026-06-25,
INV-74907,REQ-45601,RQ-104,Whitcombe & Rao,Harborline Mutual Insurance,2026-06-22,53.00,Paid,2026-06-24,
INV-74908,REQ-45602,RQ-123,DocuTrace Services,Harborline Mutual Insurance,2026-06-24,110.40,Paid,2026-06-26,
INV-74909,REQ-45603,RQ-102,Delgado Law Group,Harborline Mutual Insurance,2026-07-03,73.30,Paid,2026-07-10,
INV-74910,REQ-45604,RQ-103,Kessler Injury Attorneys,Harborline Mutual Insurance,2026-06-05,48.80,Paid,2026-06-22,
INV-74911,REQ-45605,RQ-101,Morrison & Pratt LLP,Harborline Mutual Insurance,2026-06-29,33.05,Paid,2026-07-09,
INV-74912,REQ-45606,RQ-117,Iverson Goldberg,Harborline Mutual Insurance,2026-06-09,163.60,Paid,2026-06-11,
INV-74913,REQ-45607,RQ-124,Keystone Record Retrieval,Harborline Mutual Insurance,2026-07-03,51.25,Open,,
INV-74914,REQ-45608,RQ-108,Salas Trial Lawyers,Harborline Mutual Insurance,2026-06-12,51.95,Paid,2026-06-19,
INV-74915,REQ-45609,RQ-101,Morrison & Pratt LLP,Harborline Mutual Insurance,2026-06-12,53.00,Paid,2026-06-14,
INV-74916,REQ-45610,RQ-106,Ostrowski Legal,Harborline Mutual Insurance,2026-06-26,54.75,Paid,2026-07-11,
INV-74917,REQ-45611,RQ-112,Abernathy Law,Harborline Mutual Insurance,2026-06-17,41.10,Paid,2026-06-30,
INV-74918,REQ-45612,RQ-121,RecordPoint Retrieval,Harborline Mutual Insurance,2026-07-03,61.75,Paid,2026-07-05,
INV-74919,REQ-45613,RQ-102,Delgado Law Group,Harborline Mutual Insurance,2026-06-25,50.55,Paid,2026-06-29,
INV-74920,REQ-45614,RQ-126,Summit Chart Services,Harborline Mutual Insurance,2026-06-09,92.55,Paid,2026-06-19,
INV-74921,REQ-45615,RQ-107,Park & Levine,Harborline Mutual Insurance,2026-06-15,73.65,Paid,2026-06-28,
INV-74922,REQ-45616,RQ-121,RecordPoint Retrieval,Harborline Mutual Insurance,2026-06-30,46.35,Paid,2026-07-17,
INV-74923,REQ-45617,RQ-103,Kessler Injury Attorneys,Harborline Mutual Insurance,2026-06-19,123.70,Paid,2026-06-29,
INV-74924,REQ-45618,RQ-124,Keystone Record Retrieval,Harborline Mutual Insurance,2026-06-08,53.00,Cancelled,,No records found
INV-74925,REQ-45619,RQ-121,RecordPoint Retrieval,Harborline Mutual Insurance,2026-06-23,35.85,Open,,
INV-74926,REQ-45620,RQ-123,DocuTrace Services,Harborline Mutual Insurance,2026-06-15,51.25,Paid,2026-06-17,
INV-74927,REQ-45621,RQ-108,Salas Trial Lawyers,Harborline Mutual Insurance,2026-07-01,95.35,Open,,
INV-74928,REQ-45622,RQ-108,Salas Trial Lawyers,Harborline Mutual Insurance,2026-06-26,56.85,Paid,2026-07-01,
INV-74929,REQ-45623,RQ-104,Whitcombe & Rao,Harborline Mutual Insurance,2026-06-09,142.95,Paid,2026-06-27,
INV-74930,REQ-45624,RQ-129,Evergreen Casualty,Harborline Mutual Insurance,2026-07-03,44.25,Paid,2026-07-14,
INV-74931,REQ-45625,RQ-117,Iverson Goldberg,Harborline Mutual Insurance,2026-06-24,49.15,Paid,2026-07-05,
INV-74932,REQ-45626,RQ-113,Grayson Poole,Harborline Mutual Insurance,2026-06-16,126.50,Paid,2026-07-04,
INV-74933,REQ-45630,RQ-129,Evergreen Casualty,Harborline Mutual Insurance,2026-06-04,139.45,Open,,
INV-74934,REQ-45631,RQ-101,Morrison & Pratt LLP,Harborline Mutual Insurance,2026-06-16,78.20,Paid,2026-07-02,
INV-74935,REQ-45632,RQ-114,Tate & Winslow,Harborline Mutual Insurance,2026-07-02,52.65,Paid,2026-07-06,
INV-74936,REQ-45633,RQ-103,Kessler Injury Attorneys,Harborline Mutual Insurance,2026-06-26,81.35,Paid,2026-07-06,
INV-74937,REQ-45634,RQ-123,DocuTrace Services,Harborline Mutual Insurance,2026-07-01,140.50,Paid,2026-07-03,
INV-74938,REQ-45635,RQ-118,Pruitt Legal Group,Harborline Mutual Insurance,2026-06-16,38.65,Paid,2026-07-04,
INV-74939,REQ-45636,RQ-108,Salas Trial Lawyers,Harborline Mutual Insurance,2026-07-02,54.05,Paid,2026-07-12,
INV-74940,REQ-45637,RQ-107,Park & Levine,Harborline Mutual Insurance,2026-06-29,226.25,Paid,2026-07-11,
INV-74941,REQ-45638,RQ-122,SwiftFile Records,Harborline Mutual Insurance,2026-06-19,41.10,Paid,2026-07-03,
INV-74942,REQ-45639,RQ-121,RecordPoint Retrieval,Harborline Mutual Insurance,2026-06-19,46.35,Open,,
INV-74943,REQ-45640,RQ-119,Quinlan & Ames,Harborline Mutual Insurance,2026-06-22,49.85,Paid,2026-07-05,
INV-74944,REQ-45641,RQ-112,Abernathy Law,Harborline Mutual Insurance,2026-07-07,37.95,Paid,2026-07-17,
INV-74945,REQ-45642,RQ-108,Salas Trial Lawyers,Harborline Mutual Insurance,2026-06-10,42.50,Paid,2026-06-16,
INV-74946,REQ-45643,RQ-120,Beaumont Stark,Harborline Mutual Insurance,2026-06-29,76.80,Paid,2026-07-04,
INV-74947,REQ-45644,RQ-105,Brennan Hale PC,Harborline Mutual Insurance,2026-06-23,62.45,Paid,2026-07-04,
INV-74948,REQ-45645,RQ-121,RecordPoint Retrieval,Harborline Mutual Insurance,2026-06-19,95.70,Open,,
INV-74949,REQ-45646,RQ-104,Whitcombe & Rao,Harborline Mutual Insurance,2026-06-19,76.80,Paid,2026-06-25,
INV-74950,REQ-45647,RQ-121,RecordPoint Retrieval,Harborline Mutual Insurance,2026-06-08,93.60,Paid,2026-06-19,
INV-74951,REQ-45648,RQ-121,RecordPoint Retrieval,Harborline Mutual Insurance,2026-06-19,121.25,Paid,2026-06-26,
INV-74952,REQ-45649,RQ-118,Pruitt Legal Group,Harborline Mutual Insurance,2026-06-15,48.80,Paid,2026-06-27,
INV-74953,REQ-45650,RQ-128,Lakeside Mutual,Granite Shield Insurance,2026-06-30,67.00,Paid,2026-07-14,
INV-74954,REQ-45651,RQ-124,Keystone Record Retrieval,Granite Shield Insurance,2026-06-25,56.15,Paid,2026-06-28,
INV-74955,REQ-45652,RQ-113,Grayson Poole,Granite Shield Insurance,2026-06-22,81.35,Paid,2026-06-25,
INV-74956,REQ-45653,RQ-121,RecordPoint Retrieval,Granite Shield Insurance,2026-06-15,72.95,Paid,2026-06-17,
INV-74957,REQ-45654,RQ-117,Iverson Goldberg,Granite Shield Insurance,2026-06-04,123.00,Paid,2026-06-14,
INV-74958,REQ-45655,RQ-117,Iverson Goldberg,Granite Shield Insurance,2026-06-10,53.35,Paid,2026-06-25,
INV-74959,REQ-45656,RQ-121,RecordPoint Retrieval,Granite Shield Insurance,2026-06-25,70.85,Paid,2026-07-06,
INV-74960,REQ-45657,RQ-124,Keystone Record Retrieval,Granite Shield Insurance,2026-06-19,59.30,Paid,2026-07-06,
INV-74961,REQ-45658,RQ-121,RecordPoint Retrieval,Granite Shield Insurance,2026-06-19,55.80,Paid,2026-06-29,
INV-74962,REQ-45659,RQ-128,Lakeside Mutual,Granite Shield Insurance,2026-06-10,75.05,Open,,
INV-74963,REQ-45661,RQ-118,Pruitt Legal Group,Granite Shield Insurance,2026-06-26,157.65,Paid,2026-07-07,
INV-74964,REQ-45662,RQ-121,RecordPoint Retrieval,Granite Shield Insurance,2026-06-08,97.45,Open,,
INV-74965,REQ-45663,RQ-121,RecordPoint Retrieval,Granite Shield Insurance,2026-06-15,53.35,Paid,2026-06-22,
INV-74966,REQ-45664,RQ-106,Ostrowski Legal,Granite Shield Insurance,2026-06-22,51.25,Paid,2026-07-10,
INV-74967,REQ-45665,RQ-115,Lindqvist Defense,Granite Shield Insurance,2026-07-07,42.85,Paid,2026-07-11,
INV-74968,REQ-45666,RQ-116,Carver Moss LLP,Granite Shield Insurance,2026-06-26,57.90,Paid,2026-07-10,
INV-74969,REQ-45667,RQ-102,Delgado Law Group,Granite Shield Insurance,2026-06-15,79.95,Cancelled,,Duplicate request
INV-74970,REQ-45668,RQ-101,Morrison & Pratt LLP,Granite Shield Insurance,2026-06-24,54.05,Cancelled,,No records found
INV-74971,REQ-45669,RQ-121,RecordPoint Retrieval,Granite Shield Insurance,2026-06-12,113.90,Open,,
INV-74972,REQ-45670,RQ-124,Keystone Record Retrieval,Granite Shield Insurance,2026-06-05,80.30,Paid,2026-06-13,
INV-74973,REQ-45671,RQ-121,RecordPoint Retrieval,Granite Shield Insurance,2026-06-30,134.55,Paid,2026-07-08,
INV-74974,REQ-45672,RQ-112,Abernathy Law,Granite Shield Insurance,2026-06-15,51.25,Paid,2026-06-29,
INV-74975,REQ-45673,RQ-104,Whitcombe & Rao,Granite Shield Insurance,2026-06-16,72.95,Paid,2026-06-28,
INV-74976,REQ-45674,RQ-126,Summit Chart Services,Granite Shield Insurance,2026-06-19,59.65,Paid,2026-07-05,
INV-74977,REQ-45675,RQ-120,Beaumont Stark,Granite Shield Insurance,2026-07-01,32.00,Open,,
INV-74978,REQ-45676,RQ-124,Keystone Record Retrieval,Granite Shield Insurance,2026-06-08,68.05,Paid,2026-06-10,
INV-74979,REQ-45677,RQ-127,Pioneer Standard Insurance,Granite Shield Insurance,2026-07-01,46.70,Paid,2026-07-11,
INV-74980,REQ-45678,RQ-123,DocuTrace Services,Granite Shield Insurance,2026-06-29,59.30,Paid,2026-07-07,
INV-74981,REQ-45679,RQ-114,Tate & Winslow,Granite Shield Insurance,2026-06-18,104.10,Paid,2026-06-25,
INV-74982,REQ-45680,RQ-117,Iverson Goldberg,Granite Shield Insurance,2026-06-08,49.15,Paid,2026-06-13,
INV-74983,REQ-45681,RQ-129,Evergreen Casualty,Granite Shield Insurance,2026-06-24,45.30,Paid,2026-07-07,
INV-74984,REQ-45682,RQ-104,Whitcombe & Rao,Granite Shield Insurance,2026-06-10,47.40,Open,,
INV-74985,REQ-45683,RQ-113,Grayson Poole,Granite Shield Insurance,2026-07-03,62.10,Paid,2026-07-07,
INV-74986,REQ-45685,RQ-120,Beaumont Stark,Granite Shield Insurance,2026-06-23,69.45,Paid,2026-06-30,
INV-74987,REQ-45686,RQ-123,DocuTrace Services,Granite Shield Insurance,2026-06-15,132.45,Paid,2026-06-20,
INV-74988,REQ-45687,RQ-121,RecordPoint Retrieval,Granite Shield Insurance,2026-06-15,77.50,Cancelled,,No records found
INV-74989,REQ-45689,RQ-128,Lakeside Mutual,Granite Shield Insurance,2026-06-10,67.35,Paid,2026-06-20,
INV-74990,REQ-45690,RQ-126,Summit Chart Services,Granite Shield Insurance,2026-07-01,57.55,Paid,2026-07-19,
INV-74991,REQ-45691,RQ-121,RecordPoint Retrieval,Granite Shield Insurance,2026-07-01,51.25,Open,,
INV-74992,REQ-45692,RQ-108,Salas Trial Lawyers,Granite Shield Insurance,2026-06-10,126.15,Open,,
INV-74993,REQ-45693,RQ-123,DocuTrace Services,Granite Shield Insurance,2026-06-23,69.10,Paid,2026-06-26,
INV-74994,REQ-45694,RQ-117,Iverson Goldberg,Granite Shield Insurance,2026-06-17,52.65,Paid,2026-06-22,
INV-74995,REQ-45695,RQ-114,Tate & Winslow,Granite Shield Insurance,2026-06-26,137.70,Open,,
INV-74996,REQ-45696,RQ-117,Iverson Goldberg,Keystone Auto Group,2026-06-12,62.45,Paid,2026-06-26,
INV-74997,REQ-45697,RQ-103,Kessler Injury Attorneys,Keystone Auto Group,2026-06-19,53.35,Paid,2026-06-25,
INV-74998,REQ-45698,RQ-130,Sterling Auto Insurance,Keystone Auto Group,2026-06-19,65.25,Open,,
INV-74999,REQ-45699,RQ-120,Beaumont Stark,Keystone Auto Group,2026-06-09,78.55,Paid,2026-06-13,
INV-75000,REQ-45700,RQ-101,Morrison & Pratt LLP,Keystone Auto Group,2026-06-25,130.00,Paid,2026-07-03,
INV-75001,REQ-45701,RQ-127,Pioneer Standard Insurance,Keystone Auto Group,2026-06-29,75.05,Paid,2026-07-04,
INV-75002,REQ-45702,RQ-124,Keystone Record Retrieval,Keystone Auto Group,2026-07-07,119.15,Open,,
INV-75003,REQ-45703,RQ-108,Salas Trial Lawyers,Keystone Auto Group,2026-06-08,32.70,Paid,2026-06-13,
INV-75004,REQ-45704,RQ-112,Abernathy Law,Keystone Auto Group,2026-06-25,48.80,Paid,2026-07-03,
INV-75005,REQ-45705,RQ-125,ClearPath Records,Keystone Auto Group,2026-06-05,86.25,Paid,2026-06-07,
INV-75006,REQ-45706,RQ-129,Evergreen Casualty,Keystone Auto Group,2026-06-10,53.70,Paid,2026-06-19,
INV-75007,REQ-45707,RQ-126,Summit Chart Services,Keystone Auto Group,2026-06-25,191.95,Paid,2026-06-28,
INV-75008,REQ-45708,RQ-124,Keystone Record Retrieval,Keystone Auto Group,2026-06-17,53.70,Paid,2026-06-25,
INV-75009,REQ-45709,RQ-130,Sterling Auto Insurance,Keystone Auto Group,2026-06-11,55.45,Paid,2026-06-17,
INV-75010,REQ-45710,RQ-121,RecordPoint Retrieval,Keystone Auto Group,2026-06-25,54.40,Paid,2026-07-03,
INV-75011,REQ-45711,RQ-107,Park & Levine,Keystone Auto Group,2026-06-09,84.15,Paid,2026-06-11,
INV-75012,REQ-45712,RQ-111,Ferris Nguyen LLP,Keystone Auto Group,2026-06-18,84.85,Paid,2026-06-30,
INV-75013,REQ-45713,RQ-122,SwiftFile Records,Keystone Auto Group,2026-06-26,81.70,Paid,2026-07-04,
INV-75014,REQ-45714,RQ-123,DocuTrace Services,Keystone Auto Group,2026-06-08,32.35,Open,,
INV-75015,REQ-45715,RQ-108,Salas Trial Lawyers,Keystone Auto Group,2026-06-17,110.75,Paid,2026-07-01,
INV-75016,REQ-45716,RQ-117,Iverson Goldberg,Keystone Auto Group,2026-06-26,92.55,Open,,
INV-75017,REQ-45717,RQ-103,Kessler Injury Attorneys,Keystone Auto Group,2026-06-17,55.45,Paid,2026-07-02,
INV-75018,REQ-45718,RQ-101,Morrison & Pratt LLP,Keystone Auto Group,2026-06-16,59.30,Paid,2026-07-01,
INV-75019,REQ-45719,RQ-107,Park & Levine,Keystone Auto Group,2026-06-05,90.80,Paid,2026-06-16,
INV-75020,REQ-45720,RQ-102,Delgado Law Group,Keystone Auto Group,2026-06-22,58.25,Paid,2026-07-09,
INV-75021,REQ-45721,RQ-123,DocuTrace Services,Keystone Auto Group,2026-07-03,54.75,Paid,2026-07-05,
INV-75022,REQ-45722,RQ-126,Summit Chart Services,Keystone Auto Group,2026-06-09,74.00,Paid,2026-06-18,
INV-75023,REQ-45723,RQ-121,RecordPoint Retrieval,Keystone Auto Group,2026-06-26,75.05,Paid,2026-07-03,
INV-75024,REQ-45724,RQ-110,Marchetti & Cole,Keystone Auto Group,2026-06-24,91.50,Paid,2026-07-04,
INV-75025,REQ-45726,RQ-122,SwiftFile Records,Keystone Auto Group,2026-06-12,36.55,Paid,2026-06-20,
INV-75026,REQ-45727,RQ-108,Salas Trial Lawyers,Keystone Auto Group,2026-07-02,46.00,Paid,2026-07-05,
INV-75027,REQ-45728,RQ-128,Lakeside Mutual,Keystone Auto Group,2026-06-19,92.90,Paid,2026-06-30,
INV-75028,REQ-45729,RQ-120,Beaumont Stark,Keystone Auto Group,2026-07-02,48.10,Paid,2026-07-07,
INV-75029,REQ-45730,RQ-120,Beaumont Stark,Keystone Auto Group,2026-07-07,78.90,Paid,2026-07-22,
INV-75030,REQ-45731,RQ-107,Park & Levine,Keystone Auto Group,2026-06-30,32.00,Paid,2026-07-11,
INV-75031,REQ-45732,RQ-113,Grayson Poole,Tri-County Workers' Comp Fund,2026-07-01,51.95,Paid,2026-07-10,
INV-75032,REQ-45733,RQ-113,Grayson Poole,Tri-County Workers' Comp Fund,2026-07-01,106.55,Paid,2026-07-14,
INV-75033,REQ-45735,RQ-128,Lakeside Mutual,Tri-County Workers' Comp Fund,2026-06-09,45.65,Open,,
INV-75034,REQ-45736,RQ-110,Marchetti & Cole,Tri-County Workers' Comp Fund,2026-06-29,40.05,Paid,2026-07-11,
INV-75035,REQ-45738,RQ-123,DocuTrace Services,Tri-County Workers' Comp Fund,2026-07-01,128.95,Paid,2026-07-15,
INV-75036,REQ-45741,RQ-118,Pruitt Legal Group,Tri-County Workers' Comp Fund,2026-06-23,53.35,Paid,2026-06-25,
INV-75037,REQ-45743,RQ-125,ClearPath Records,Tri-County Workers' Comp Fund,2026-07-06,44.95,Paid,2026-07-16,
INV-75038,REQ-45744,RQ-108,Salas Trial Lawyers,Tri-County Workers' Comp Fund,2026-06-08,57.90,Paid,2026-06-12,
INV-75039,REQ-45745,RQ-125,ClearPath Records,Tri-County Workers' Comp Fund,2026-06-12,45.65,Paid,2026-06-17,
INV-75040,REQ-45746,RQ-124,Keystone Record Retrieval,Tri-County Workers' Comp Fund,2026-06-24,81.70,Open,,
INV-75041,REQ-45747,RQ-117,Iverson Goldberg,Tri-County Workers' Comp Fund,2026-06-26,45.30,Cancelled,,Duplicate request
INV-75042,REQ-45751,RQ-111,Ferris Nguyen LLP,Tri-County Workers' Comp Fund,2026-06-16,42.50,Paid,2026-06-22,
INV-75043,REQ-45752,RQ-121,RecordPoint Retrieval,Tri-County Workers' Comp Fund,2026-06-08,71.20,Paid,2026-06-15,
INV-75044,REQ-45754,RQ-129,Evergreen Casualty,Tri-County Workers' Comp Fund,2026-07-02,96.05,Paid,2026-07-14,
INV-75045,REQ-45757,RQ-102,Delgado Law Group,Tri-County Workers' Comp Fund,2026-06-29,60.70,Open,,
INV-75046,REQ-45759,RQ-125,ClearPath Records,Tri-County Workers' Comp Fund,2026-06-24,42.15,Open,,
INV-75047,REQ-45761,RQ-108,Salas Trial Lawyers,Tri-County Workers' Comp Fund,2026-06-30,56.50,Paid,2026-07-12,
INV-75048,REQ-45762,RQ-101,Morrison & Pratt LLP,Tri-County Workers' Comp Fund,2026-06-30,76.45,Paid,2026-07-06,
INV-75049,REQ-45763,RQ-119,Quinlan & Ames,Beacon Casualty Company,2026-06-19,47.75,Paid,2026-06-26,
INV-75050,REQ-45764,RQ-119,Quinlan & Ames,Beacon Casualty Company,2026-06-18,73.65,Paid,2026-06-21,
INV-75051,REQ-45765,RQ-129,Evergreen Casualty,Beacon Casualty Company,2026-06-26,92.20,Paid,2026-07-10,
INV-75052,REQ-45766,RQ-111,Ferris Nguyen LLP,Beacon Casualty Company,2026-06-10,42.15,Paid,2026-06-14,
INV-75053,REQ-45767,RQ-114,Tate & Winslow,Beacon Casualty Company,2026-06-19,118.10,Paid,2026-07-05,
INV-75054,REQ-45768,RQ-127,Pioneer Standard Insurance,Beacon Casualty Company,2026-06-11,51.95,Paid,2026-06-26,
INV-75055,REQ-45769,RQ-113,Grayson Poole,Beacon Casualty Company,2026-07-06,58.95,Paid,2026-07-24,
INV-75056,REQ-45770,RQ-114,Tate & Winslow,Beacon Casualty Company,2026-06-10,53.70,Paid,2026-06-18,
INV-75057,REQ-45771,RQ-124,Keystone Record Retrieval,Beacon Casualty Company,2026-06-09,54.75,Paid,2026-06-12,
INV-75058,REQ-45772,RQ-109,Hudson Valley Injury Law,Beacon Casualty Company,2026-06-29,69.10,Paid,2026-07-01,
INV-75059,REQ-45773,RQ-121,RecordPoint Retrieval,Beacon Casualty Company,2026-06-29,100.95,Paid,2026-07-12,
INV-75060,REQ-45774,RQ-109,Hudson Valley Injury Law,Beacon Casualty Company,2026-06-22,58.25,Paid,2026-06-29,
INV-75061,REQ-45775,RQ-112,Abernathy Law,Northfork Insurance Co.,2026-06-30,48.80,Paid,2026-07-14,
INV-75062,REQ-45776,RQ-105,Brennan Hale PC,Northfork Insurance Co.,2026-06-24,126.15,Paid,2026-06-30,
INV-75063,REQ-45777,RQ-121,RecordPoint Retrieval,Northfork Insurance Co.,2026-06-17,76.10,Open,,
INV-75064,REQ-45778,RQ-113,Grayson Poole,Northfork Insurance Co.,2026-06-30,88.35,Paid,2026-07-03,
INV-75065,REQ-45779,RQ-111,Ferris Nguyen LLP,Northfork Insurance Co.,2026-06-25,56.50,Cancelled,,Request withdrawn
INV-75066,REQ-45780,RQ-122,SwiftFile Records,Northfork Insurance Co.,2026-07-03,69.45,Paid,2026-07-08,
INV-75067,REQ-45781,RQ-121,RecordPoint Retrieval,Northfork Insurance Co.,2026-06-18,134.20,Open,,
INV-75068,REQ-45782,RQ-130,Sterling Auto Insurance,Northfork Insurance Co.,2026-06-03,84.50,Cancelled,,Duplicate request
INV-75069,REQ-45783,RQ-122,SwiftFile Records,Northfork Insurance Co.,2026-06-16,54.05,Open,,
INV-75070,REQ-45784,RQ-114,Tate & Winslow,Northfork Insurance Co.,2026-06-17,90.80,Paid,2026-06-22,
INV-75071,REQ-45785,RQ-110,Marchetti & Cole,Northfork Insurance Co.,2026-06-10,72.25,Paid,2026-06-20,
INV-75072,REQ-45786,RQ-114,Tate & Winslow,Northfork Insurance Co.,2026-06-22,92.90,Paid,2026-06-29,
INV-75073,REQ-45787,RQ-110,Marchetti & Cole,Northfork Insurance Co.,2026-07-01,77.85,Paid,2026-07-10,
INV-75074,REQ-45788,RQ-120,Beaumont Stark,Northfork Insurance Co.,2026-06-08,110.40,Paid,2026-06-12,
INV-75075,REQ-45789,RQ-112,Abernathy Law,Northfork Insurance Co.,2026-06-18,91.85,Paid,2026-07-01,
INV-75076,REQ-45790,RQ-126,Summit Chart Services,Northfork Insurance Co.,2026-06-12,62.80,Paid,2026-06-25,
INV-75077,REQ-45791,RQ-106,Ostrowski Legal,Northfork Insurance Co.,2026-07-01,58.95,Paid,2026-07-15,
INV-75078,REQ-45792,RQ-106,Ostrowski Legal,Northfork Insurance Co.,2026-06-12,83.10,Paid,2026-06-24,
INV-75079,REQ-45793,RQ-123,DocuTrace Services,Northfork Insurance Co.,2026-06-11,37.95,Paid,2026-06-19,
INV-75080,REQ-45794,RQ-123,DocuTrace Services,Northfork Insurance Co.,2026-07-01,71.90,Paid,2026-07-13,
INV-75081,REQ-45795,RQ-125,ClearPath Records,Northfork Insurance Co.,2026-06-15,149.60,Paid,2026-07-03,
INV-75082,REQ-45796,RQ-101,Morrison & Pratt LLP,Northfork Insurance Co.,2026-06-09,76.80,Paid,2026-06-20,
INV-75083,REQ-45797,RQ-117,Iverson Goldberg,Northfork Insurance Co.,2026-06-26,40.05,Paid,2026-07-13,
INV-75084,REQ-45798,RQ-105,Brennan Hale PC,Northfork Insurance Co.,2026-06-16,124.75,Paid,2026-07-01,
INV-75085,REQ-45799,RQ-116,Carver Moss LLP,Northfork Insurance Co.,2026-06-08,57.90,Paid,2026-06-17,
INV-75086,REQ-45800,RQ-117,Iverson Goldberg,Northfork Insurance Co.,2026-06-25,61.05,Paid,2026-06-28,
INV-75087,REQ-45801,RQ-121,RecordPoint Retrieval,Meridian Auto & Home,2026-06-18,46.35,Open,,
INV-75088,REQ-45802,RQ-123,DocuTrace Services,Meridian Auto & Home,2026-06-17,59.30,Paid,2026-07-05,
INV-75089,REQ-45803,RQ-121,RecordPoint Retrieval,Meridian Auto & Home,2026-06-23,74.35,Open,,
INV-75090,REQ-45804,RQ-110,Marchetti & Cole,Meridian Auto & Home,2026-06-16,89.05,Open,,
INV-75091,REQ-45805,RQ-107,Park & Levine,Meridian Auto & Home,2026-07-03,81.00,Paid,2026-07-20,
INV-75092,REQ-45806,RQ-123,DocuTrace Services,Meridian Auto & Home,2026-06-30,86.95,Paid,2026-07-05,
INV-75093,REQ-45807,RQ-123,DocuTrace Services,Meridian Auto & Home,2026-06-12,100.95,Cancelled,,Request withdrawn
INV-75094,REQ-45808,RQ-101,Morrison & Pratt LLP,Meridian Auto & Home,2026-06-29,72.25,Paid,2026-07-11,
INV-75095,REQ-45809,RQ-124,Keystone Record Retrieval,Meridian Auto & Home,2026-06-24,30.60,Paid,2026-07-08,
INV-75096,REQ-45810,RQ-126,Summit Chart Services,Meridian Auto & Home,2026-06-10,61.75,Paid,2026-06-13,
INV-75097,REQ-45811,RQ-114,Tate & Winslow,Meridian Auto & Home,2026-06-18,106.20,Paid,2026-06-20,
INV-75098,REQ-45812,RQ-101,Morrison & Pratt LLP,Meridian Auto & Home,2026-06-26,133.85,Cancelled,,Duplicate request
INV-75099,REQ-45813,RQ-126,Summit Chart Services,Meridian Auto & Home,2026-06-08,36.90,Paid,2026-06-15,
INV-75100,REQ-45814,RQ-102,Delgado Law Group,Meridian Auto & Home,2026-06-08,48.80,Open,,
INV-75101,REQ-45815,RQ-127,Pioneer Standard Insurance,Meridian Auto & Home,2026-06-12,86.95,Paid,2026-06-28,
INV-75102,REQ-45816,RQ-101,Morrison & Pratt LLP,Meridian Auto & Home,2026-06-23,81.70,Paid,2026-06-25,
INV-75103,REQ-45817,RQ-129,Evergreen Casualty,Meridian Auto & Home,2026-06-16,65.95,Paid,2026-06-20,
INV-75104,REQ-45818,RQ-125,ClearPath Records,Meridian Auto & Home,2026-06-25,56.50,Paid,2026-07-11,
INV-75105,REQ-45819,RQ-126,Summit Chart Services,Meridian Auto & Home,2026-06-04,41.45,Paid,2026-06-17,
INV-75106,REQ-45821,RQ-104,Whitcombe & Rao,Meridian Auto & Home,2026-06-29,37.25,Paid,2026-07-09,
INV-75107,REQ-45822,RQ-129,Evergreen Casualty,Atlas Comp Services,2026-06-16,44.25,Paid,2026-07-02,
INV-75108,REQ-45823,RQ-110,Marchetti & Cole,Atlas Comp Services,2026-06-17,176.55,Paid,2026-07-05,
INV-75109,REQ-45824,RQ-101,Morrison & Pratt LLP,Atlas Comp Services,2026-06-23,86.95,Paid,2026-06-28,
INV-75110,REQ-45827,RQ-110,Marchetti & Cole,Atlas Comp Services,2026-06-18,77.50,Paid,2026-06-23,
INV-75111,REQ-45828,RQ-128,Lakeside Mutual,Atlas Comp Services,2026-06-24,54.75,Open,,
INV-75112,REQ-45829,RQ-121,RecordPoint Retrieval,Atlas Comp Services,2026-06-26,56.15,Paid,2026-07-11,
INV-75113,REQ-45830,RQ-122,SwiftFile Records,Atlas Comp Services,2026-06-24,62.80,Paid,2026-07-12,
INV-75114,REQ-45831,RQ-106,Ostrowski Legal,Atlas Comp Services,2026-06-10,73.65,Paid,2026-06-27,
INV-75115,REQ-45833,RQ-110,Marchetti & Cole,Atlas Comp Services,2026-06-05,116.00,Cancelled,,Request withdrawn
INV-75116,REQ-45834,RQ-126,Summit Chart Services,Atlas Comp Services,2026-07-06,77.15,Paid,2026-07-13,
INV-75117,REQ-45835,RQ-109,Hudson Valley Injury Law,Atlas Comp Services,2026-06-23,73.30,Paid,2026-06-25,
INV-75118,REQ-45836,RQ-101,Morrison & Pratt LLP,Atlas Comp Services,2026-07-03,134.90,Paid,2026-07-06,
INV-75119,REQ-45842,RQ-121,RecordPoint Retrieval,Harborline Mutual Insurance,2026-07-28,186.00,Open,,
INV-75120,REQ-45843,RQ-102,Delgado Law Group,Harborline Mutual Insurance,2026-07-21,133.85,Paid,2026-08-02,
INV-75121,REQ-45844,RQ-121,RecordPoint Retrieval,Harborline Mutual Insurance,2026-07-28,43.20,Open,,
INV-75122,REQ-45845,RQ-124,Keystone Record Retrieval,Harborline Mutual Insurance,2026-07-21,36.55,Paid,2026-08-03,
INV-75123,REQ-45846,RQ-106,Ostrowski Legal,Harborline Mutual Insurance,2026-07-21,42.50,Open,,
INV-75124,REQ-45847,RQ-122,SwiftFile Records,Harborline Mutual Insurance,2026-07-31,90.80,Paid,2026-08-09,
INV-75125,REQ-45848,RQ-128,Lakeside Mutual,Harborline Mutual Insurance,2026-07-28,52.65,Paid,2026-08-09,
INV-75126,REQ-45849,RQ-112,Abernathy Law,Harborline Mutual Insurance,2026-07-27,57.20,Paid,2026-08-11,
INV-75127,REQ-45850,RQ-121,RecordPoint Retrieval,Harborline Mutual Insurance,2026-07-14,100.60,Paid,2026-07-24,
INV-75128,REQ-45851,RQ-125,ClearPath Records,Harborline Mutual Insurance,2026-07-24,49.85,Paid,2026-07-29,
INV-75129,REQ-45852,RQ-119,Quinlan & Ames,Harborline Mutual Insurance,2026-07-29,82.05,Open,,
INV-75130,REQ-45853,RQ-116,Carver Moss LLP,Harborline Mutual Insurance,2026-07-27,239.55,Paid,2026-07-30,
INV-75131,REQ-45854,RQ-121,RecordPoint Retrieval,Harborline Mutual Insurance,2026-07-21,43.90,Open,,
INV-75132,REQ-45855,RQ-112,Abernathy Law,Harborline Mutual Insurance,2026-07-16,152.75,Paid,2026-07-28,
INV-75133,REQ-45856,RQ-105,Brennan Hale PC,Harborline Mutual Insurance,2026-07-23,42.15,Paid,2026-08-10,
INV-75134,REQ-45857,RQ-103,Kessler Injury Attorneys,Harborline Mutual Insurance,2026-07-15,154.85,Paid,2026-07-17,
INV-75135,REQ-45858,RQ-124,Keystone Record Retrieval,Harborline Mutual Insurance,2026-07-14,167.10,Paid,2026-07-30,
INV-75136,REQ-45859,RQ-125,ClearPath Records,Harborline Mutual Insurance,2026-07-20,39.70,Paid,2026-08-07,
INV-75137,REQ-45860,RQ-112,Abernathy Law,Harborline Mutual Insurance,2026-07-08,116.00,Paid,2026-07-24,
INV-75138,REQ-45861,RQ-119,Quinlan & Ames,Harborline Mutual Insurance,2026-07-20,61.40,Paid,2026-07-28,
INV-75139,REQ-45862,RQ-118,Pruitt Legal Group,Harborline Mutual Insurance,2026-07-17,39.00,Paid,2026-07-21,
INV-75140,REQ-45863,RQ-111,Ferris Nguyen LLP,Harborline Mutual Insurance,2026-07-10,137.35,Paid,2026-07-23,
INV-75141,REQ-45864,RQ-101,Morrison & Pratt LLP,Harborline Mutual Insurance,2026-07-23,70.15,Paid,2026-08-03,
INV-75142,REQ-45865,RQ-110,Marchetti & Cole,Harborline Mutual Insurance,2026-07-14,161.85,Paid,2026-07-23,
INV-75143,REQ-45867,RQ-121,RecordPoint Retrieval,Harborline Mutual Insurance,2026-07-31,59.30,Paid,2026-08-16,
INV-75144,REQ-45868,RQ-121,RecordPoint Retrieval,Harborline Mutual Insurance,2026-07-13,56.15,Paid,2026-07-30,
INV-75145,REQ-45869,RQ-124,Keystone Record Retrieval,Harborline Mutual Insurance,2026-07-13,57.90,Paid,2026-07-15,
INV-75146,REQ-45870,RQ-121,RecordPoint Retrieval,Harborline Mutual Insurance,2026-07-27,53.35,Cancelled,,Request withdrawn
INV-75147,REQ-45871,RQ-118,Pruitt Legal Group,Harborline Mutual Insurance,2026-07-20,55.45,Paid,2026-07-28,
INV-75148,REQ-45872,RQ-110,Marchetti & Cole,Harborline Mutual Insurance,2026-07-09,44.25,Paid,2026-07-17,
INV-75149,REQ-45874,RQ-123,DocuTrace Services,Harborline Mutual Insurance,2026-07-24,32.35,Paid,2026-07-27,
INV-75150,REQ-45875,RQ-121,RecordPoint Retrieval,Harborline Mutual Insurance,2026-07-17,145.75,Open,,
INV-75151,REQ-45876,RQ-111,Ferris Nguyen LLP,Harborline Mutual Insurance,2026-07-20,38.65,Paid,2026-07-29,
INV-75152,REQ-45877,RQ-120,Beaumont Stark,Harborline Mutual Insurance,2026-07-24,77.15,Paid,2026-08-07,
INV-75153,REQ-45878,RQ-108,Salas Trial Lawyers,Harborline Mutual Insurance,2026-07-21,45.30,Paid,2026-08-03,
INV-75154,REQ-45879,RQ-124,Keystone Record Retrieval,Harborline Mutual Insurance,2026-07-20,47.40,Paid,2026-07-28,
INV-75155,REQ-45880,RQ-121,RecordPoint Retrieval,Harborline Mutual Insurance,2026-07-13,105.15,Paid,2026-07-16,
INV-75156,REQ-45881,RQ-104,Whitcombe & Rao,Harborline Mutual Insurance,2026-07-17,54.05,Paid,2026-07-25,
INV-75157,REQ-45882,RQ-125,ClearPath Records,Harborline Mutual Insurance,2026-07-07,60.00,Paid,2026-07-18,
INV-75158,REQ-45883,RQ-123,DocuTrace Services,Harborline Mutual Insurance,2026-07-17,77.85,Paid,2026-07-23,
INV-75159,REQ-45884,RQ-101,Morrison & Pratt LLP,Harborline Mutual Insurance,2026-07-14,86.25,Paid,2026-07-17,
INV-75160,REQ-45885,RQ-111,Ferris Nguyen LLP,Harborline Mutual Insurance,2026-08-03,57.20,Paid,2026-08-15,
INV-75161,REQ-45886,RQ-127,Pioneer Standard Insurance,Harborline Mutual Insurance,2026-07-21,60.00,Paid,2026-08-01,
INV-75162,REQ-45888,RQ-121,RecordPoint Retrieval,Harborline Mutual Insurance,2026-07-20,139.10,Paid,2026-08-04,
INV-75163,REQ-45889,RQ-107,Park & Levine,Harborline Mutual Insurance,2026-07-14,88.35,Paid,2026-07-18,
INV-75164,REQ-45890,RQ-106,Ostrowski Legal,Harborline Mutual Insurance,2026-07-31,69.80,Paid,2026-08-02,
INV-75165,REQ-45892,RQ-121,RecordPoint Retrieval,Harborline Mutual Insurance,2026-07-23,42.85,Open,,
INV-75166,REQ-45893,RQ-107,Park & Levine,Harborline Mutual Insurance,2026-07-09,52.30,Paid,2026-07-20,
INV-75167,REQ-45894,RQ-115,Lindqvist Defense,Harborline Mutual Insurance,2026-07-15,63.50,Paid,2026-07-31,
INV-75168,REQ-45895,RQ-108,Salas Trial Lawyers,Harborline Mutual Insurance,2026-08-04,75.05,Paid,2026-08-06,
INV-75169,REQ-45896,RQ-118,Pruitt Legal Group,Harborline Mutual Insurance,2026-07-10,60.35,Paid,2026-07-12,
INV-75170,REQ-45897,RQ-121,RecordPoint Retrieval,Harborline Mutual Insurance,2026-07-28,95.70,Open,,
INV-75171,REQ-45898,RQ-118,Pruitt Legal Group,Harborline Mutual Insurance,2026-08-04,97.45,Paid,2026-08-11,
INV-75172,REQ-45899,RQ-102,Delgado Law Group,Harborline Mutual Insurance,2026-07-28,111.45,Paid,2026-08-12,
INV-75173,REQ-45900,RQ-127,Pioneer Standard Insurance,Harborline Mutual Insurance,2026-07-28,150.65,Paid,2026-08-08,
INV-75174,REQ-45901,RQ-121,RecordPoint Retrieval,Harborline Mutual Insurance,2026-07-22,97.10,Open,,
INV-75175,REQ-45902,RQ-101,Morrison & Pratt LLP,Harborline Mutual Insurance,2026-07-27,59.65,Paid,2026-07-31,
INV-75176,REQ-45903,RQ-112,Abernathy Law,Harborline Mutual Insurance,2026-07-15,48.10,Paid,2026-07-29,
INV-75177,REQ-45904,RQ-117,Iverson Goldberg,Harborline Mutual Insurance,2026-07-28,39.00,Paid,2026-08-13,
INV-75178,REQ-45905,RQ-123,DocuTrace Services,Harborline Mutual Insurance,2026-07-20,42.15,Paid,2026-08-04,
INV-75179,REQ-45906,RQ-130,Sterling Auto Insurance,Harborline Mutual Insurance,2026-07-31,59.65,Paid,2026-08-12,
INV-75180,REQ-45907,RQ-122,SwiftFile Records,Harborline Mutual Insurance,2026-08-03,45.65,Open,,
INV-75181,REQ-45908,RQ-124,Keystone Record Retrieval,Harborline Mutual Insurance,2026-07-08,202.10,Paid,2026-07-20,
INV-75182,REQ-45909,RQ-130,Sterling Auto Insurance,Harborline Mutual Insurance,2026-07-13,84.85,Cancelled,,Request withdrawn
INV-75183,REQ-45910,RQ-103,Kessler Injury Attorneys,Harborline Mutual Insurance,2026-07-13,48.80,Paid,2026-07-20,
INV-75184,REQ-45911,RQ-128,Lakeside Mutual,Harborline Mutual Insurance,2026-07-21,68.75,Paid,2026-07-26,
INV-75185,REQ-45912,RQ-122,SwiftFile Records,Harborline Mutual Insurance,2026-07-10,108.30,Paid,2026-07-28,
INV-75186,REQ-45913,RQ-121,RecordPoint Retrieval,Harborline Mutual Insurance,2026-07-06,53.00,Open,,
INV-75187,REQ-45914,RQ-105,Brennan Hale PC,Harborline Mutual Insurance,2026-07-27,67.70,Paid,2026-08-08,
INV-75188,REQ-45915,RQ-123,DocuTrace Services,Harborline Mutual Insurance,2026-07-22,49.50,Paid,2026-08-06,
INV-75189,REQ-45917,RQ-102,Delgado Law Group,Harborline Mutual Insurance,2026-07-17,104.45,Paid,2026-07-21,
INV-75190,REQ-45918,RQ-102,Delgado Law Group,Harborline Mutual Insurance,2026-07-10,284.70,Paid,2026-07-24,
INV-75191,REQ-45919,RQ-107,Park & Levine,Harborline Mutual Insurance,2026-07-28,44.60,Paid,2026-08-07,
INV-75192,REQ-45920,RQ-109,Hudson Valley Injury Law,Harborline Mutual Insurance,2026-07-16,40.75,Paid,2026-07-27,
INV-75193,REQ-45921,RQ-106,Ostrowski Legal,Harborline Mutual Insurance,2026-07-08,76.80,Paid,2026-07-24,
INV-75194,REQ-45922,RQ-104,Whitcombe & Rao,Harborline Mutual Insurance,2026-07-28,61.40,Open,,
INV-75195,REQ-45923,RQ-101,Morrison & Pratt LLP,Harborline Mutual Insurance,2026-07-30,158.35,Paid,2026-08-03,
INV-75196,REQ-45925,RQ-126,Summit Chart Services,Harborline Mutual Insurance,2026-07-22,63.50,Paid,2026-07-28,
INV-75197,REQ-45926,RQ-124,Keystone Record Retrieval,Harborline Mutual Insurance,2026-07-08,68.75,Paid,2026-07-13,
INV-75198,REQ-45927,RQ-115,Lindqvist Defense,Harborline Mutual Insurance,2026-08-04,107.25,Paid,2026-08-14,
INV-75199,REQ-45928,RQ-113,Grayson Poole,Harborline Mutual Insurance,2026-07-22,65.95,Paid,2026-08-08,
INV-75200,REQ-45929,RQ-121,RecordPoint Retrieval,Granite Shield Insurance,2026-07-10,75.05,Paid,2026-07-19,
INV-75201,REQ-45930,RQ-121,RecordPoint Retrieval,Granite Shield Insurance,2026-07-16,48.10,Open,,
INV-75202,REQ-45931,RQ-126,Summit Chart Services,Granite Shield Insurance,2026-07-14,64.90,Paid,2026-07-21,
INV-75203,REQ-45932,RQ-118,Pruitt Legal Group,Granite Shield Insurance,2026-07-06,67.00,Cancelled,,Request withdrawn
INV-75204,REQ-45933,RQ-128,Lakeside Mutual,Granite Shield Insurance,2026-07-16,75.40,Paid,2026-07-20,
INV-75205,REQ-45934,RQ-127,Pioneer Standard Insurance,Granite Shield Insurance,2026-07-24,31.65,Paid,2026-08-09,
INV-75206,REQ-45935,RQ-106,Ostrowski Legal,Granite Shield Insurance,2026-07-28,163.95,Paid,2026-08-05,
INV-75207,REQ-45936,RQ-120,Beaumont Stark,Granite Shield Insurance,2026-07-10,40.05,Open,,
INV-75208,REQ-45937,RQ-101,Morrison & Pratt LLP,Granite Shield Insurance,2026-07-20,72.25,Open,,
INV-75209,REQ-45938,RQ-126,Summit Chart Services,Granite Shield Insurance,2026-07-27,48.45,Paid,2026-08-11,
INV-75210,REQ-45939,RQ-124,Keystone Record Retrieval,Granite Shield Insurance,2026-07-15,84.50,Paid,2026-07-30,
INV-75211,REQ-45941,RQ-117,Iverson Goldberg,Granite Shield Insurance,2026-07-14,104.80,Open,,
INV-75212,REQ-45943,RQ-122,SwiftFile Records,Granite Shield Insurance,2026-07-07,40.75,Open,,
INV-75213,REQ-45944,RQ-127,Pioneer Standard Insurance,Granite Shield Insurance,2026-07-28,50.55,Paid,2026-08-01,
INV-75214,REQ-45945,RQ-101,Morrison & Pratt LLP,Granite Shield Insurance,2026-07-14,145.05,Paid,2026-07-16,
INV-75215,REQ-45946,RQ-117,Iverson Goldberg,Granite Shield Insurance,2026-07-29,100.95,Paid,2026-08-10,
INV-75216,REQ-45947,RQ-121,RecordPoint Retrieval,Granite Shield Insurance,2026-07-29,71.55,Paid,2026-08-03,
INV-75217,REQ-45948,RQ-116,Carver Moss LLP,Granite Shield Insurance,2026-07-09,49.85,Paid,2026-07-27,
INV-75218,REQ-45950,RQ-109,Hudson Valley Injury Law,Granite Shield Insurance,2026-07-28,58.95,Open,,
INV-75219,REQ-45951,RQ-122,SwiftFile Records,Granite Shield Insurance,2026-07-30,74.35,Open,,
INV-75220,REQ-45952,RQ-124,Keystone Record Retrieval,Granite Shield Insurance,2026-07-23,72.60,Paid,2026-08-03,
INV-75221,REQ-45953,RQ-117,Iverson Goldberg,Granite Shield Insurance,2026-07-08,132.10,Paid,2026-07-17,
INV-75222,REQ-45955,RQ-120,Beaumont Stark,Granite Shield Insurance,2026-07-23,129.30,Open,,
INV-75223,REQ-45956,RQ-115,Lindqvist Defense,Granite Shield Insurance,2026-07-17,86.60,Paid,2026-08-01,
INV-75224,REQ-45957,RQ-121,RecordPoint Retrieval,Granite Shield Insurance,2026-07-23,100.25,Open,,
INV-75225,REQ-45959,RQ-121,RecordPoint Retrieval,Granite Shield Insurance,2026-07-20,121.25,Open,,
INV-75226,REQ-45960,RQ-113,Grayson Poole,Granite Shield Insurance,2026-07-31,119.85,Paid,2026-08-10,
INV-75227,REQ-45961,RQ-119,Quinlan & Ames,Granite Shield Insurance,2026-07-29,83.10,Paid,2026-08-03,
INV-75228,REQ-45962,RQ-128,Lakeside Mutual,Granite Shield Insurance,2026-08-03,92.20,Paid,2026-08-06,
INV-75229,REQ-45963,RQ-109,Hudson Valley Injury Law,Granite Shield Insurance,2026-07-09,55.80,Open,,
INV-75230,REQ-45964,RQ-112,Abernathy Law,Granite Shield Insurance,2026-07-16,58.95,Paid,2026-07-18,
INV-75231,REQ-45965,RQ-128,Lakeside Mutual,Granite Shield Insurance,2026-07-27,87.30,Paid,2026-08-04,
INV-75232,REQ-45966,RQ-105,Brennan Hale PC,Granite Shield Insurance,2026-07-14,78.90,Paid,2026-07-18,
INV-75233,REQ-45967,RQ-113,Grayson Poole,Granite Shield Insurance,2026-07-27,116.00,Paid,2026-07-30,
INV-75234,REQ-45968,RQ-125,ClearPath Records,Granite Shield Insurance,2026-07-09,85.90,Paid,2026-07-27,
INV-75235,REQ-45969,RQ-108,Salas Trial Lawyers,Granite Shield Insurance,2026-07-28,73.30,Paid,2026-08-08,
INV-75236,REQ-45970,RQ-115,Lindqvist Defense,Granite Shield Insurance,2026-07-09,51.60,Open,,
INV-75237,REQ-45971,RQ-122,SwiftFile Records,Granite Shield Insurance,2026-07-28,90.45,Paid,2026-07-30,
INV-75238,REQ-45972,RQ-127,Pioneer Standard Insurance,Granite Shield Insurance,2026-07-20,39.70,Paid,2026-08-05,
INV-75239,REQ-45973,RQ-121,RecordPoint Retrieval,Granite Shield Insurance,2026-07-21,29.55,Open,,
INV-75240,REQ-45975,RQ-102,Delgado Law Group,Granite Shield Insurance,2026-07-23,56.85,Paid,2026-08-10,
INV-75241,REQ-45976,RQ-118,Pruitt Legal Group,Granite Shield Insurance,2026-07-20,100.95,Cancelled,,Request withdrawn
INV-75242,REQ-45977,RQ-125,ClearPath Records,Granite Shield Insurance,2026-07-08,52.65,Paid,2026-07-10,
INV-75243,REQ-45978,RQ-105,Brennan Hale PC,Granite Shield Insurance,2026-07-30,46.70,Paid,2026-08-12,
INV-75244,REQ-45979,RQ-101,Morrison & Pratt LLP,Granite Shield Insurance,2026-07-24,143.65,Paid,2026-08-03,
INV-75245,REQ-45981,RQ-113,Grayson Poole,Granite Shield Insurance,2026-07-10,46.35,Paid,2026-07-17,
INV-75246,REQ-45983,RQ-120,Beaumont Stark,Keystone Auto Group,2026-07-09,65.25,Open,,
INV-75247,REQ-45984,RQ-117,Iverson Goldberg,Keystone Auto Group,2026-07-20,44.95,Paid,2026-07-30,
INV-75248,REQ-45985,RQ-117,Iverson Goldberg,Keystone Auto Group,2026-07-15,98.15,Paid,2026-07-23,
INV-75249,REQ-45986,RQ-121,RecordPoint Retrieval,Keystone Auto Group,2026-07-16,77.15,Paid,2026-07-18,
INV-75250,REQ-45987,RQ-102,Delgado Law Group,Keystone Auto Group,2026-07-22,42.50,Paid,2026-08-03,
INV-75251,REQ-45988,RQ-130,Sterling Auto Insurance,Keystone Auto Group,2026-07-13,57.90,Paid,2026-07-28,
INV-75252,REQ-45989,RQ-109,Hudson Valley Injury Law,Keystone Auto Group,2026-07-30,89.05,Paid,2026-08-01,
INV-75253,REQ-45990,RQ-127,Pioneer Standard Insurance,Keystone Auto Group,2026-07-08,79.60,Paid,2026-07-25,
INV-75254,REQ-45991,RQ-123,DocuTrace Services,Keystone Auto Group,2026-07-23,48.45,Open,,
INV-75255,REQ-45992,RQ-105,Brennan Hale PC,Keystone Auto Group,2026-07-10,53.70,Open,,
INV-75256,REQ-45993,RQ-124,Keystone Record Retrieval,Keystone Auto Group,2026-07-30,58.95,Paid,2026-08-14,
INV-75257,REQ-45994,RQ-121,RecordPoint Retrieval,Keystone Auto Group,2026-07-27,51.60,Paid,2026-08-08,
INV-75258,REQ-45995,RQ-126,Summit Chart Services,Keystone Auto Group,2026-07-20,70.50,Paid,2026-07-22,
INV-75259,REQ-45997,RQ-117,Iverson Goldberg,Keystone Auto Group,2026-07-22,87.65,Paid,2026-07-24,
INV-75260,REQ-45998,RQ-101,Morrison & Pratt LLP,Keystone Auto Group,2026-07-23,44.95,Paid,2026-08-07,
INV-75261,REQ-45999,RQ-121,RecordPoint Retrieval,Keystone Auto Group,2026-07-22,65.60,Open,,
INV-75262,REQ-46000,RQ-104,Whitcombe & Rao,Keystone Auto Group,2026-08-03,82.05,Paid,2026-08-15,
INV-75263,REQ-46001,RQ-122,SwiftFile Records,Keystone Auto Group,2026-07-29,43.55,Paid,2026-08-01,
INV-75264,REQ-46002,RQ-121,RecordPoint Retrieval,Keystone Auto Group,2026-07-07,38.65,Open,,
INV-75265,REQ-46003,RQ-123,DocuTrace Services,Keystone Auto Group,2026-07-30,103.05,Paid,2026-08-08,
INV-75266,REQ-46004,RQ-101,Morrison & Pratt LLP,Keystone Auto Group,2026-08-03,65.95,Paid,2026-08-11,
INV-75267,REQ-46005,RQ-103,Kessler Injury Attorneys,Keystone Auto Group,2026-08-03,35.50,Paid,2026-08-18,
INV-75268,REQ-46006,RQ-105,Brennan Hale PC,Keystone Auto Group,2026-07-24,149.60,Paid,2026-07-28,
INV-75269,REQ-46007,RQ-121,RecordPoint Retrieval,Keystone Auto Group,2026-07-20,46.35,Paid,2026-08-03,
INV-75270,REQ-46008,RQ-121,RecordPoint Retrieval,Keystone Auto Group,2026-07-29,41.10,Open,,
INV-75271,REQ-46010,RQ-101,Morrison & Pratt LLP,Keystone Auto Group,2026-07-23,50.55,Paid,2026-08-09,
INV-75272,REQ-46011,RQ-128,Lakeside Mutual,Keystone Auto Group,2026-07-22,124.75,Paid,2026-07-27,
INV-75273,REQ-46012,RQ-119,Quinlan & Ames,Keystone Auto Group,2026-07-23,50.55,Paid,2026-08-08,
INV-75274,REQ-46013,RQ-125,ClearPath Records,Keystone Auto Group,2026-07-15,63.15,Open,,
INV-75275,REQ-46014,RQ-118,Pruitt Legal Group,Keystone Auto Group,2026-07-16,72.25,Paid,2026-08-01,
INV-75276,REQ-46015,RQ-127,Pioneer Standard Insurance,Keystone Auto Group,2026-07-27,106.20,Paid,2026-07-31,
INV-75277,REQ-46016,RQ-113,Grayson Poole,Keystone Auto Group,2026-07-31,49.15,Paid,2026-08-09,
INV-75278,REQ-46017,RQ-126,Summit Chart Services,Keystone Auto Group,2026-07-13,44.95,Paid,2026-07-31,
INV-75279,REQ-46018,RQ-105,Brennan Hale PC,Keystone Auto Group,2026-07-23,44.60,Paid,2026-08-08,
INV-75280,REQ-46019,RQ-101,Morrison & Pratt LLP,Keystone Auto Group,2026-07-29,49.15,Cancelled,,Duplicate request
INV-75281,REQ-46020,RQ-110,Marchetti & Cole,Keystone Auto Group,2026-07-07,84.15,Paid,2026-07-09,
INV-75282,REQ-46021,RQ-117,Iverson Goldberg,Keystone Auto Group,2026-07-20,43.90,Paid,2026-08-03,
INV-75283,REQ-46022,RQ-122,SwiftFile Records,Tri-County Workers' Comp Fund,2026-07-10,64.20,Paid,2026-07-23,
INV-75284,REQ-46023,RQ-125,ClearPath Records,Tri-County Workers' Comp Fund,2026-07-17,64.55,Paid,2026-07-19,
INV-75285,REQ-46024,RQ-124,Keystone Record Retrieval,Tri-County Workers' Comp Fund,2026-07-30,41.80,Paid,2026-08-09,
INV-75286,REQ-46025,RQ-117,Iverson Goldberg,Tri-County Workers' Comp Fund,2026-07-20,56.15,Paid,2026-07-27,
INV-75287,REQ-46026,RQ-120,Beaumont Stark,Tri-County Workers' Comp Fund,2026-07-21,154.15,Paid,2026-07-23,
INV-75288,REQ-46029,RQ-101,Morrison & Pratt LLP,Tri-County Workers' Comp Fund,2026-07-30,67.35,Paid,2026-08-06,
INV-75289,REQ-46030,RQ-123,DocuTrace Services,Tri-County Workers' Comp Fund,2026-07-17,66.65,Paid,2026-07-25,
INV-75290,REQ-46031,RQ-122,SwiftFile Records,Tri-County Workers' Comp Fund,2026-07-14,83.45,Paid,2026-07-17,
INV-75291,REQ-46032,RQ-127,Pioneer Standard Insurance,Tri-County Workers' Comp Fund,2026-07-28,46.70,Paid,2026-07-30,
INV-75292,REQ-46033,RQ-121,RecordPoint Retrieval,Tri-County Workers' Comp Fund,2026-07-21,53.70,Paid,2026-07-23,
INV-75293,REQ-46035,RQ-129,Evergreen Casualty,Tri-County Workers' Comp Fund,2026-08-06,42.15,Paid,2026-08-08,
INV-75294,REQ-46038,RQ-113,Grayson Poole,Tri-County Workers' Comp Fund,2026-07-29,36.55,Paid,2026-08-04,
INV-75295,REQ-46039,RQ-116,Carver Moss LLP,Tri-County Workers' Comp Fund,2026-07-23,103.40,Paid,2026-08-09,
INV-75296,REQ-46040,RQ-129,Evergreen Casualty,Tri-County Workers' Comp Fund,2026-07-14,56.85,Paid,2026-08-01,
INV-75297,REQ-46041,RQ-122,SwiftFile Records,Tri-County Workers' Comp Fund,2026-07-14,76.80,Paid,2026-07-31,
INV-75298,REQ-46043,RQ-129,Evergreen Casualty,Tri-County Workers' Comp Fund,2026-07-28,77.15,Paid,2026-08-15,
INV-75299,REQ-46044,RQ-123,DocuTrace Services,Tri-County Workers' Comp Fund,2026-07-14,48.10,Paid,2026-07-25,
INV-75300,REQ-46045,RQ-120,Beaumont Stark,Tri-County Workers' Comp Fund,2026-08-05,63.85,Paid,2026-08-20,
INV-75301,REQ-46046,RQ-124,Keystone Record Retrieval,Tri-County Workers' Comp Fund,2026-07-13,53.35,Paid,2026-07-16,
INV-75302,REQ-46049,RQ-120,Beaumont Stark,Tri-County Workers' Comp Fund,2026-07-06,119.50,Paid,2026-07-22,
INV-75303,REQ-46050,RQ-125,ClearPath Records,Tri-County Workers' Comp Fund,2026-07-28,46.00,Paid,2026-08-10,
INV-75304,REQ-46053,RQ-101,Morrison & Pratt LLP,Tri-County Workers' Comp Fund,2026-07-20,82.75,Paid,2026-07-30,
INV-75305,REQ-46054,RQ-114,Tate & Winslow,Beacon Casualty Company,2026-07-09,79.60,Paid,2026-07-18,
INV-75306,REQ-46055,RQ-120,Beaumont Stark,Beacon Casualty Company,2026-07-10,59.30,Paid,2026-07-14,
INV-75307,REQ-46056,RQ-121,RecordPoint Retrieval,Beacon Casualty Company,2026-07-27,60.00,Open,,
INV-75308,REQ-46057,RQ-126,Summit Chart Services,Beacon Casualty Company,2026-07-27,48.10,Open,,
INV-75309,REQ-46058,RQ-106,Ostrowski Legal,Beacon Casualty Company,2026-07-13,49.85,Paid,2026-07-26,
INV-75310,REQ-46060,RQ-125,ClearPath Records,Beacon Casualty Company,2026-07-17,67.00,Open,,
INV-75311,REQ-46061,RQ-129,Evergreen Casualty,Beacon Casualty Company,2026-07-22,50.20,Paid,2026-08-09,
INV-75312,REQ-46062,RQ-111,Ferris Nguyen LLP,Beacon Casualty Company,2026-07-24,127.55,Paid,2026-08-01,
INV-75313,REQ-46063,RQ-124,Keystone Record Retrieval,Beacon Casualty Company,2026-07-21,274.55,Paid,2026-07-30,
INV-75314,REQ-46064,RQ-124,Keystone Record Retrieval,Beacon Casualty Company,2026-07-28,70.15,Paid,2026-08-13,
INV-75315,REQ-46065,RQ-127,Pioneer Standard Insurance,Beacon Casualty Company,2026-08-03,101.30,Paid,2026-08-18,
INV-75316,REQ-46066,RQ-124,Keystone Record Retrieval,Beacon Casualty Company,2026-07-09,67.35,Paid,2026-07-25,
INV-75317,REQ-46067,RQ-112,Abernathy Law,Northfork Insurance Co.,2026-07-16,46.00,Paid,2026-07-20,
INV-75318,REQ-46068,RQ-108,Salas Trial Lawyers,Northfork Insurance Co.,2026-07-14,58.25,Paid,2026-07-27,
INV-75319,REQ-46069,RQ-125,ClearPath Records,Northfork Insurance Co.,2026-07-15,41.10,Paid,2026-07-19,
INV-75320,REQ-46070,RQ-114,Tate & Winslow,Northfork Insurance Co.,2026-07-21,79.60,Paid,2026-08-04,
INV-75321,REQ-46071,RQ-121,RecordPoint Retrieval,Northfork Insurance Co.,2026-07-24,57.55,Paid,2026-07-30,
INV-75322,REQ-46072,RQ-104,Whitcombe & Rao,Northfork Insurance Co.,2026-08-03,72.25,Paid,2026-08-13,
INV-75323,REQ-46073,RQ-126,Summit Chart Services,Northfork Insurance Co.,2026-07-24,72.95,Open,,
INV-75324,REQ-46074,RQ-107,Park & Levine,Northfork Insurance Co.,2026-07-23,72.25,Paid,2026-08-03,
INV-75325,REQ-46075,RQ-103,Kessler Injury Attorneys,Northfork Insurance Co.,2026-07-24,55.80,Paid,2026-08-06,
INV-75326,REQ-46076,RQ-112,Abernathy Law,Northfork Insurance Co.,2026-07-17,49.85,Paid,2026-07-26,
INV-75327,REQ-46078,RQ-107,Park & Levine,Northfork Insurance Co.,2026-07-24,187.75,Paid,2026-08-02,
INV-75328,REQ-46079,RQ-129,Evergreen Casualty,Northfork Insurance Co.,2026-07-20,39.00,Paid,2026-07-25,
INV-75329,REQ-46080,RQ-104,Whitcombe & Rao,Northfork Insurance Co.,2026-08-05,68.05,Paid,2026-08-09,
INV-75330,REQ-46081,RQ-101,Morrison & Pratt LLP,Northfork Insurance Co.,2026-07-10,55.45,Paid,2026-07-17,
INV-75331,REQ-46082,RQ-112,Abernathy Law,Northfork Insurance Co.,2026-07-22,169.55,Paid,2026-07-29,
INV-75332,REQ-46083,RQ-101,Morrison & Pratt LLP,Northfork Insurance Co.,2026-07-16,60.70,Paid,2026-07-21,
INV-75333,REQ-46084,RQ-110,Marchetti & Cole,Northfork Insurance Co.,2026-07-15,46.70,Paid,2026-07-23,
INV-75334,REQ-46085,RQ-102,Delgado Law Group,Northfork Insurance Co.,2026-07-31,91.50,Paid,2026-08-15,
INV-75335,REQ-46086,RQ-127,Pioneer Standard Insurance,Northfork Insurance Co.,2026-07-28,91.50,Paid,2026-08-03,
INV-75336,REQ-46087,RQ-111,Ferris Nguyen LLP,Northfork Insurance Co.,2026-07-06,39.35,Paid,2026-07-22,
INV-75337,REQ-46088,RQ-101,Morrison & Pratt LLP,Northfork Insurance Co.,2026-07-27,125.80,Paid,2026-08-14,
INV-75338,REQ-46089,RQ-126,Summit Chart Services,Northfork Insurance Co.,2026-07-17,45.65,Paid,2026-07-30,
INV-75339,REQ-46091,RQ-121,RecordPoint Retrieval,Northfork Insurance Co.,2026-07-30,42.15,Paid,2026-08-08,
INV-75340,REQ-46092,RQ-130,Sterling Auto Insurance,Northfork Insurance Co.,2026-07-31,155.20,Open,,
INV-75341,REQ-46093,RQ-125,ClearPath Records,Northfork Insurance Co.,2026-07-10,48.10,Paid,2026-07-13,
INV-75342,REQ-46094,RQ-101,Morrison & Pratt LLP,Northfork Insurance Co.,2026-07-07,80.30,Paid,2026-07-22,
INV-75343,REQ-46095,RQ-110,Marchetti & Cole,Northfork Insurance Co.,2026-07-20,83.45,Open,,
INV-75344,REQ-46096,RQ-123,DocuTrace Services,Northfork Insurance Co.,2026-07-24,53.00,Paid,2026-08-09,
INV-75345,REQ-46097,RQ-126,Summit Chart Services,Meridian Auto & Home,2026-07-24,67.00,Cancelled,,No records found
INV-75346,REQ-46098,RQ-107,Park & Levine,Meridian Auto & Home,2026-07-07,144.00,Paid,2026-07-25,
INV-75347,REQ-46099,RQ-121,RecordPoint Retrieval,Meridian Auto & Home,2026-07-23,73.30,Open,,
INV-75348,REQ-46100,RQ-125,ClearPath Records,Meridian Auto & Home,2026-07-22,52.30,Paid,2026-07-30,
INV-75349,REQ-46101,RQ-129,Evergreen Casualty,Meridian Auto & Home,2026-07-23,79.25,Paid,2026-08-05,
INV-75350,REQ-46102,RQ-121,RecordPoint Retrieval,Meridian Auto & Home,2026-07-17,67.70,Cancelled,,Request withdrawn
INV-75351,REQ-46103,RQ-121,RecordPoint Retrieval,Meridian Auto & Home,2026-07-07,53.35,Paid,2026-07-23,
INV-75352,REQ-46104,RQ-114,Tate & Winslow,Meridian Auto & Home,2026-07-13,63.15,Paid,2026-07-20,
INV-75353,REQ-46105,RQ-102,Delgado Law Group,Meridian Auto & Home,2026-07-10,91.85,Paid,2026-07-25,
INV-75354,REQ-46106,RQ-118,Pruitt Legal Group,Meridian Auto & Home,2026-07-21,86.95,Paid,2026-08-08,
INV-75355,REQ-46107,RQ-121,RecordPoint Retrieval,Meridian Auto & Home,2026-07-14,89.75,Open,,
INV-75356,REQ-46108,RQ-114,Tate & Winslow,Meridian Auto & Home,2026-08-03,97.80,Paid,2026-08-18,
INV-75357,REQ-46109,RQ-109,Hudson Valley Injury Law,Meridian Auto & Home,2026-07-31,70.50,Paid,2026-08-09,
INV-75358,REQ-46110,RQ-101,Morrison & Pratt LLP,Meridian Auto & Home,2026-07-23,50.90,Paid,2026-07-27,
INV-75359,REQ-46111,RQ-121,RecordPoint Retrieval,Meridian Auto & Home,2026-07-13,54.75,Open,,
INV-75360,REQ-46112,RQ-118,Pruitt Legal Group,Meridian Auto & Home,2026-07-10,77.50,Paid,2026-07-12,
INV-75361,REQ-46113,RQ-121,RecordPoint Retrieval,Meridian Auto & Home,2026-07-23,206.65,Cancelled,,Request withdrawn
INV-75362,REQ-46114,RQ-110,Marchetti & Cole,Meridian Auto & Home,2026-07-20,59.65,Cancelled,,Request withdrawn
INV-75363,REQ-46115,RQ-104,Whitcombe & Rao,Meridian Auto & Home,2026-07-13,331.95,Paid,2026-07-18,
INV-75364,REQ-46116,RQ-101,Morrison & Pratt LLP,Meridian Auto & Home,2026-07-27,69.10,Paid,2026-08-13,
INV-75365,REQ-46117,RQ-122,SwiftFile Records,Meridian Auto & Home,2026-07-30,193.00,Paid,2026-08-02,
INV-75366,REQ-46118,RQ-123,DocuTrace Services,Meridian Auto & Home,2026-07-31,98.50,Paid,2026-08-13,
INV-75367,REQ-46119,RQ-111,Ferris Nguyen LLP,Meridian Auto & Home,2026-07-10,60.00,Paid,2026-07-18,
INV-75368,REQ-46120,RQ-111,Ferris Nguyen LLP,Meridian Auto & Home,2026-07-24,81.00,Open,,
INV-75369,REQ-46121,RQ-125,ClearPath Records,Meridian Auto & Home,2026-07-29,70.85,Paid,2026-08-14,
INV-75370,REQ-46122,RQ-105,Brennan Hale PC,Meridian Auto & Home,2026-07-31,87.30,Paid,2026-08-03,
INV-75371,REQ-46123,RQ-121,RecordPoint Retrieval,Meridian Auto & Home,2026-08-04,69.80,Open,,
INV-75372,REQ-46124,RQ-126,Summit Chart Services,Meridian Auto & Home,2026-07-08,111.10,Paid,2026-07-25,
INV-75373,REQ-46125,RQ-123,DocuTrace Services,Atlas Comp Services,2026-07-13,57.55,Paid,2026-07-18,
INV-75374,REQ-46126,RQ-127,Pioneer Standard Insurance,Atlas Comp Services,2026-07-13,99.90,Paid,2026-07-31,
INV-75375,REQ-46128,RQ-130,Sterling Auto Insurance,Atlas Comp Services,2026-07-24,39.35,Paid,2026-08-01,
INV-75376,REQ-46129,RQ-128,Lakeside Mutual,Atlas Comp Services,2026-08-03,49.15,Paid,2026-08-11,
INV-75377,REQ-46130,RQ-110,Marchetti & Cole,Atlas Comp Services,2026-07-14,32.35,Paid,2026-07-25,
INV-75378,REQ-46131,RQ-123,DocuTrace Services,Atlas Comp Services,2026-08-04,58.95,Paid,2026-08-14,
INV-75379,REQ-46132,RQ-126,Summit Chart Services,Atlas Comp Services,2026-08-03,109.70,Paid,2026-08-05,
INV-75380,REQ-46133,RQ-113,Grayson Poole,Atlas Comp Services,2026-08-05,106.55,Open,,
INV-75381,REQ-46135,RQ-120,Beaumont Stark,Atlas Comp Services,2026-08-03,83.80,Paid,2026-08-16,
INV-75382,REQ-46137,RQ-124,Keystone Record Retrieval,Atlas Comp Services,2026-07-20,40.75,Paid,2026-08-07,
INV-75383,REQ-46139,RQ-128,Lakeside Mutual,Atlas Comp Services,2026-07-21,42.50,Open,,
INV-75384,REQ-46140,RQ-123,DocuTrace Services,Atlas Comp Services,2026-08-04,70.50,Paid,2026-08-16,
INV-75385,REQ-46142,RQ-121,RecordPoint Retrieval,Atlas Comp Services,2026-07-09,46.00,Paid,2026-07-11,
INV-75386,REQ-46143,RQ-115,Lindqvist Defense,Harborline Mutual Insurance,2026-09-01,90.45,Paid,2026-09-07,
INV-75387,REQ-46145,RQ-109,Hudson Valley Injury Law,Harborline Mutual Insurance,2026-09-04,89.05,Paid,2026-09-19,
INV-75388,REQ-46146,RQ-121,RecordPoint Retrieval,Harborline Mutual Insurance,2026-08-10,95.70,Paid,2026-08-23,
INV-75389,REQ-46147,RQ-106,Ostrowski Legal,Harborline Mutual Insurance,2026-08-21,80.65,Paid,2026-09-06,
INV-75390,REQ-46148,RQ-125,ClearPath Records,Harborline Mutual Insurance,2026-08-21,55.10,Paid,2026-08-26,
INV-75391,REQ-46149,RQ-105,Brennan Hale PC,Harborline Mutual Insurance,2026-08-12,50.20,Cancelled,,Request withdrawn
INV-75392,REQ-46152,RQ-121,RecordPoint Retrieval,Harborline Mutual Insurance,2026-08-31,39.00,Paid,2026-09-14,
INV-75393,REQ-46153,RQ-102,Delgado Law Group,Harborline Mutual Insurance,2026-09-07,102.70,Paid,2026-09-21,
INV-75394,REQ-46155,RQ-127,Pioneer Standard Insurance,Harborline Mutual Insurance,2026-08-21,69.45,Open,,
INV-75395,REQ-46156,RQ-107,Park & Levine,Harborline Mutual Insurance,2026-08-18,79.25,Open,,
INV-75396,REQ-46157,RQ-121,RecordPoint Retrieval,Harborline Mutual Insurance,2026-08-13,74.35,Open,,
INV-75397,REQ-46158,RQ-104,Whitcombe & Rao,Harborline Mutual Insurance,2026-08-11,47.40,Paid,2026-08-20,
INV-75398,REQ-46159,RQ-121,RecordPoint Retrieval,Harborline Mutual Insurance,2026-08-28,47.75,Paid,2026-09-04,
INV-75399,REQ-46160,RQ-126,Summit Chart Services,Harborline Mutual Insurance,2026-09-07,32.70,Paid,2026-09-11,
INV-75400,REQ-46161,RQ-123,DocuTrace Services,Harborline Mutual Insurance,2026-08-10,54.40,Paid,2026-08-18,
INV-75401,REQ-46162,RQ-102,Delgado Law Group,Harborline Mutual Insurance,2026-08-20,92.55,Paid,2026-08-31,
INV-75402,REQ-46163,RQ-111,Ferris Nguyen LLP,Harborline Mutual Insurance,2026-08-20,72.95,Paid,2026-08-25,
INV-75403,REQ-46165,RQ-129,Evergreen Casualty,Harborline Mutual Insurance,2026-08-28,93.25,Paid,2026-09-12,
INV-75404,REQ-46166,RQ-105,Brennan Hale PC,Harborline Mutual Insurance,2026-08-31,62.45,Paid,2026-09-06,
INV-75405,REQ-46167,RQ-114,Tate & Winslow,Harborline Mutual Insurance,2026-09-04,42.50,Paid,2026-09-16,
INV-75406,REQ-46168,RQ-108,Salas Trial Lawyers,Harborline Mutual Insurance,2026-08-18,79.60,Paid,2026-08-29,
INV-75407,REQ-46169,RQ-108,Salas Trial Lawyers,Harborline Mutual Insurance,2026-08-25,91.15,Paid,2026-09-02,
INV-75408,REQ-46170,RQ-105,Brennan Hale PC,Harborline Mutual Insurance,2026-08-24,120.55,Paid,2026-09-08,
INV-75409,REQ-46171,RQ-101,Morrison & Pratt LLP,Harborline Mutual Insurance,2026-08-19,107.25,Paid,2026-08-30,
INV-75410,REQ-46172,RQ-118,Pruitt Legal Group,Harborline Mutual Insurance,2026-08-17,83.45,Paid,2026-08-20,
INV-75411,REQ-46173,RQ-106,Ostrowski Legal,Harborline Mutual Insurance,2026-08-24,48.80,Paid,2026-09-02,
INV-75412,REQ-46174,RQ-121,RecordPoint Retrieval,Harborline Mutual Insurance,2026-09-04,79.95,Open,,
INV-75413,REQ-46175,RQ-115,Lindqvist Defense,Harborline Mutual Insurance,2026-08-25,61.75,Open,,
INV-75414,REQ-46176,RQ-124,Keystone Record Retrieval,Harborline Mutual Insurance,2026-08-25,79.25,Open,,
INV-75415,REQ-46177,RQ-121,RecordPoint Retrieval,Harborline Mutual Insurance,2026-08-11,43.20,Open,,
INV-75416,REQ-46178,RQ-110,Marchetti & Cole,Harborline Mutual Insurance,2026-08-13,63.85,Paid,2026-08-31,
INV-75417,REQ-46182,RQ-119,Quinlan & Ames,Harborline Mutual Insurance,2026-09-09,59.65,Open,,
INV-75418,REQ-46183,RQ-110,Marchetti & Cole,Harborline Mutual Insurance,2026-08-11,42.85,Paid,2026-08-25,
INV-75419,REQ-46184,RQ-112,Abernathy Law,Harborline Mutual Insurance,2026-08-24,42.50,Paid,2026-09-04,
INV-75420,REQ-46185,RQ-118,Pruitt Legal Group,Harborline Mutual Insurance,2026-08-20,60.00,Cancelled,,Duplicate request
INV-75421,REQ-46186,RQ-121,RecordPoint Retrieval,Harborline Mutual Insurance,2026-08-20,470.90,Paid,2026-09-06,
INV-75422,REQ-46187,RQ-121,RecordPoint Retrieval,Harborline Mutual Insurance,2026-08-17,146.10,Paid,2026-08-31,
INV-75423,REQ-46188,RQ-124,Keystone Record Retrieval,Harborline Mutual Insurance,2026-08-24,90.45,Paid,2026-08-29,
INV-75424,REQ-46189,RQ-130,Sterling Auto Insurance,Harborline Mutual Insurance,2026-09-02,52.65,Paid,2026-09-19,
INV-75425,REQ-46190,RQ-122,SwiftFile Records,Harborline Mutual Insurance,2026-08-11,53.35,Paid,2026-08-27,
INV-75426,REQ-46191,RQ-105,Brennan Hale PC,Harborline Mutual Insurance,2026-08-31,56.50,Open,,
INV-75427,REQ-46193,RQ-113,Grayson Poole,Harborline Mutual Insurance,2026-09-04,47.40,Paid,2026-09-17,
INV-75428,REQ-46195,RQ-103,Kessler Injury Attorneys,Harborline Mutual Insurance,2026-08-06,90.10,Paid,2026-08-12,
INV-75429,REQ-46196,RQ-120,Beaumont Stark,Harborline Mutual Insurance,2026-08-20,45.30,Paid,2026-08-26,
INV-75430,REQ-46197,RQ-125,ClearPath Records,Harborline Mutual Insurance,2026-09-08,310.60,Paid,2026-09-19,
INV-75431,REQ-46198,RQ-130,Sterling Auto Insurance,Harborline Mutual Insurance,2026-08-24,44.60,Paid,2026-09-11,
INV-75432,REQ-46199,RQ-121,RecordPoint Retrieval,Harborline Mutual Insurance,2026-09-02,32.35,Paid,2026-09-10,
INV-75433,REQ-46201,RQ-126,Summit Chart Services,Harborline Mutual Insurance,2026-08-19,119.50,Paid,2026-08-25,
INV-75434,REQ-46202,RQ-121,RecordPoint Retrieval,Harborline Mutual Insurance,2026-08-19,39.70,Open,,
INV-75435,REQ-46203,RQ-124,Keystone Record Retrieval,Harborline Mutual Insurance,2026-08-04,47.05,Open,,
INV-75436,REQ-46204,RQ-104,Whitcombe & Rao,Harborline Mutual Insurance,2026-08-18,67.70,Paid,2026-08-24,
INV-75437,REQ-46205,RQ-114,Tate & Winslow,Harborline Mutual Insurance,2026-08-17,45.65,Paid,2026-08-31,
INV-75438,REQ-46206,RQ-121,RecordPoint Retrieval,Harborline Mutual Insurance,2026-09-07,77.50,Open,,
INV-75439,REQ-46207,RQ-124,Keystone Record Retrieval,Harborline Mutual Insurance,2026-08-28,52.65,Cancelled,,Duplicate request
INV-75440,REQ-46208,RQ-122,SwiftFile Records,Harborline Mutual Insurance,2026-08-07,44.25,Open,,
INV-75441,REQ-46209,RQ-123,DocuTrace Services,Harborline Mutual Insurance,2026-08-12,30.60,Open,,
INV-75442,REQ-46210,RQ-101,Morrison & Pratt LLP,Harborline Mutual Insurance,2026-08-26,34.45,Paid,2026-08-28,
INV-75443,REQ-46211,RQ-112,Abernathy Law,Harborline Mutual Insurance,2026-08-27,204.90,Paid,2026-09-01,
INV-75444,REQ-46212,RQ-127,Pioneer Standard Insurance,Harborline Mutual Insurance,2026-08-18,106.55,Paid,2026-09-05,
INV-75445,REQ-46213,RQ-121,RecordPoint Retrieval,Harborline Mutual Insurance,2026-09-02,78.20,Paid,2026-09-06,
INV-75446,REQ-46214,RQ-110,Marchetti & Cole,Harborline Mutual Insurance,2026-08-27,81.00,Paid,2026-09-04,
INV-75447,REQ-46215,RQ-103,Kessler Injury Attorneys,Harborline Mutual Insurance,2026-08-24,86.25,Paid,2026-08-29,
INV-75448,REQ-46216,RQ-119,Quinlan & Ames,Harborline Mutual Insurance,2026-08-11,378.50,Paid,2026-08-28,
INV-75449,REQ-46217,RQ-128,Lakeside Mutual,Harborline Mutual Insurance,2026-08-07,58.95,Paid,2026-08-18,
INV-75450,REQ-46218,RQ-121,RecordPoint Retrieval,Harborline Mutual Insurance,2026-08-14,55.10,Paid,2026-08-26,
INV-75451,REQ-46219,RQ-105,Brennan Hale PC,Harborline Mutual Insurance,2026-08-13,97.45,Paid,2026-08-18,
INV-75452,REQ-46220,RQ-118,Pruitt Legal Group,Harborline Mutual Insurance,2026-08-25,71.20,Paid,2026-09-10,
INV-75453,REQ-46221,RQ-128,Lakeside Mutual,Harborline Mutual Insurance,2026-08-21,104.10,Paid,2026-09-07,
INV-75454,REQ-46222,RQ-108,Salas Trial Lawyers,Harborline Mutual Insurance,2026-08-26,95.35,Paid,2026-09-11,
INV-75455,REQ-46223,RQ-114,Tate & Winslow,Harborline Mutual Insurance,2026-08-11,52.65,Paid,2026-08-23,
INV-75456,REQ-46224,RQ-106,Ostrowski Legal,Harborline Mutual Insurance,2026-08-19,63.15,Paid,2026-08-31,
INV-75457,REQ-46225,RQ-124,Keystone Record Retrieval,Harborline Mutual Insurance,2026-08-20,60.70,Paid,2026-08-28,
INV-75458,REQ-46226,RQ-101,Morrison & Pratt LLP,Harborline Mutual Insurance,2026-08-28,81.35,Cancelled,,Duplicate request
INV-75459,REQ-46228,RQ-109,Hudson Valley Injury Law,Harborline Mutual Insurance,2026-08-21,63.85,Paid,2026-09-07,
INV-75460,REQ-46229,RQ-118,Pruitt Legal Group,Harborline Mutual Insurance,2026-08-17,48.80,Paid,2026-08-23,
INV-75461,REQ-46231,RQ-129,Evergreen Casualty,Harborline Mutual Insurance,2026-08-27,74.35,Paid,2026-08-31,
INV-75462,REQ-46234,RQ-127,Pioneer Standard Insurance,Harborline Mutual Insurance,2026-09-02,81.00,Open,,
INV-75463,REQ-46235,RQ-123,DocuTrace Services,Harborline Mutual Insurance,2026-08-14,89.05,Paid,2026-08-22,
INV-75464,REQ-46236,RQ-128,Lakeside Mutual,Harborline Mutual Insurance,2026-08-17,42.85,Paid,2026-08-25,
INV-75465,REQ-46237,RQ-121,RecordPoint Retrieval,Harborline Mutual Insurance,2026-09-04,95.00,Paid,2026-09-12,
INV-75466,REQ-46238,RQ-126,Summit Chart Services,Harborline Mutual Insurance,2026-09-03,59.65,Paid,2026-09-12,
INV-75467,REQ-46239,RQ-106,Ostrowski Legal,Harborline Mutual Insurance,2026-08-12,196.15,Paid,2026-08-22,
INV-75468,REQ-46240,RQ-101,Morrison & Pratt LLP,Harborline Mutual Insurance,2026-08-27,57.20,Paid,2026-09-07,
INV-75469,REQ-46241,RQ-122,SwiftFile Records,Harborline Mutual Insurance,2026-09-01,53.35,Paid,2026-09-06,
INV-75470,REQ-46242,RQ-122,SwiftFile Records,Harborline Mutual Insurance,2026-08-12,60.70,Cancelled,,Request withdrawn
INV-75471,REQ-46243,RQ-112,Abernathy Law,Harborline Mutual Insurance,2026-08-20,52.30,Paid,2026-08-31,
INV-75472,REQ-46244,RQ-101,Morrison & Pratt LLP,Harborline Mutual Insurance,2026-08-26,224.15,Paid,2026-09-09,
INV-75473,REQ-46245,RQ-121,RecordPoint Retrieval,Harborline Mutual Insurance,2026-08-18,80.30,Open,,
INV-75474,REQ-46246,RQ-110,Marchetti & Cole,Harborline Mutual Insurance,2026-09-02,230.10,Paid,2026-09-14,
INV-75475,REQ-46247,RQ-122,SwiftFile Records,Harborline Mutual Insurance,2026-08-27,71.90,Paid,2026-09-07,
INV-75476,REQ-46248,RQ-125,ClearPath Records,Harborline Mutual Insurance,2026-08-14,97.80,Paid,2026-08-23,
INV-75477,REQ-46249,RQ-101,Morrison & Pratt LLP,Harborline Mutual Insurance,2026-09-02,109.00,Open,,
INV-75478,REQ-46250,RQ-106,Ostrowski Legal,Harborline Mutual Insurance,2026-08-21,55.45,Paid,2026-08-28,
INV-75479,REQ-46251,RQ-128,Lakeside Mutual,Harborline Mutual Insurance,2026-08-11,47.40,Open,,
INV-75480,REQ-46252,RQ-126,Summit Chart Services,Harborline Mutual Insurance,2026-08-11,164.30,Open,,
INV-75481,REQ-46254,RQ-110,Marchetti & Cole,Harborline Mutual Insurance,2026-08-14,117.40,Paid,2026-08-25,
INV-75482,REQ-46255,RQ-107,Park & Levine,Harborline Mutual Insurance,2026-08-27,288.90,Paid,2026-09-05,
INV-75483,REQ-46257,RQ-125,ClearPath Records,Harborline Mutual Insurance,2026-08-28,120.20,Paid,2026-09-07,
INV-75484,REQ-46258,RQ-112,Abernathy Law,Harborline Mutual Insurance,2026-08-17,46.00,Paid,2026-09-04,
INV-75485,REQ-46259,RQ-119,Quinlan & Ames,Harborline Mutual Insurance,2026-08-21,77.15,Paid,2026-09-05,
INV-75486,REQ-46260,RQ-120,Beaumont Stark,Harborline Mutual Insurance,2026-08-24,106.55,Cancelled,,Request withdrawn
INV-75487,REQ-46262,RQ-122,SwiftFile Records,Harborline Mutual Insurance,2026-09-03,83.45,Paid,2026-09-06,
INV-75488,REQ-46264,RQ-104,Whitcombe & Rao,Harborline Mutual Insurance,2026-08-27,92.20,Paid,2026-08-31,
INV-75489,REQ-46265,RQ-118,Pruitt Legal Group,Harborline Mutual Insurance,2026-09-03,124.05,Paid,2026-09-09,
INV-75490,REQ-46266,RQ-129,Evergreen Casualty,Harborline Mutual Insurance,2026-08-14,67.35,Paid,2026-08-28,
INV-75491,REQ-46267,RQ-128,Lakeside Mutual,Harborline Mutual Insurance,2026-09-02,72.60,Paid,2026-09-14,
INV-75492,REQ-46268,RQ-113,Grayson Poole,Harborline Mutual Insurance,2026-08-25,230.10,Paid,2026-09-11,
INV-75493,REQ-46269,RQ-114,Tate & Winslow,Harborline Mutual Insurance,2026-08-25,67.70,Paid,2026-08-28,
INV-75494,REQ-46270,RQ-113,Grayson Poole,Harborline Mutual Insurance,2026-08-11,96.05,Paid,2026-08-21,
INV-75495,REQ-46271,RQ-110,Marchetti & Cole,Harborline Mutual Insurance,2026-08-12,71.90,Paid,2026-08-21,
INV-75496,REQ-46272,RQ-101,Morrison & Pratt LLP,Harborline Mutual Insurance,2026-08-31,64.55,Paid,2026-09-03,
INV-75497,REQ-46273,RQ-124,Keystone Record Retrieval,Harborline Mutual Insurance,2026-08-11,89.05,Paid,2026-08-14,
INV-75498,REQ-46274,RQ-102,Delgado Law Group,Harborline Mutual Insurance,2026-08-14,65.25,Paid,2026-08-27,
INV-75499,REQ-46275,RQ-105,Brennan Hale PC,Harborline Mutual Insurance,2026-08-13,53.00,Cancelled,,Request withdrawn
INV-75500,REQ-46276,RQ-121,RecordPoint Retrieval,Harborline Mutual Insurance,2026-08-26,66.30,Open,,
INV-75501,REQ-46278,RQ-101,Morrison & Pratt LLP,Harborline Mutual Insurance,2026-08-13,65.95,Paid,2026-08-31,
INV-75502,REQ-46280,RQ-103,Kessler Injury Attorneys,Harborline Mutual Insurance,2026-08-11,158.70,Paid,2026-08-16,
INV-75503,REQ-46281,RQ-107,Park & Levine,Harborline Mutual Insurance,2026-08-26,49.50,Paid,2026-09-07,
INV-75504,REQ-46282,RQ-109,Hudson Valley Injury Law,Harborline Mutual Insurance,2026-08-25,40.40,Paid,2026-08-28,
INV-75505,REQ-46283,RQ-104,Whitcombe & Rao,Granite Shield Insurance,2026-08-24,64.90,Paid,2026-09-07,
INV-75506,REQ-46284,RQ-124,Keystone Record Retrieval,Granite Shield Insurance,2026-08-12,60.00,Open,,
INV-75507,REQ-46285,RQ-121,RecordPoint Retrieval,Granite Shield Insurance,2026-08-17,85.90,Open,,
INV-75508,REQ-46286,RQ-126,Summit Chart Services,Granite Shield Insurance,2026-08-21,88.70,Paid,2026-09-07,
INV-75509,REQ-46288,RQ-116,Carver Moss LLP,Granite Shield Insurance,2026-08-24,51.25,Cancelled,,No records found
INV-75510,REQ-46289,RQ-130,Sterling Auto Insurance,Granite Shield Insurance,2026-08-13,69.45,Paid,2026-08-23,
INV-75511,REQ-46290,RQ-121,RecordPoint Retrieval,Granite Shield Insurance,2026-08-06,49.15,Open,,
INV-75512,REQ-46291,RQ-114,Tate & Winslow,Granite Shield Insurance,2026-09-02,88.70,Paid,2026-09-05,
INV-75513,REQ-46292,RQ-106,Ostrowski Legal,Granite Shield Insurance,2026-08-13,86.60,Paid,2026-08-16,
INV-75514,REQ-46293,RQ-121,RecordPoint Retrieval,Granite Shield Insurance,2026-08-27,119.85,Paid,2026-09-12,
INV-75515,REQ-46294,RQ-126,Summit Chart Services,Granite Shield Insurance,2026-08-21,69.45,Paid,2026-09-08,
INV-75516,REQ-46295,RQ-101,Morrison & Pratt LLP,Granite Shield Insurance,2026-08-07,70.85,Paid,2026-08-13,
INV-75517,REQ-46296,RQ-105,Brennan Hale PC,Granite Shield Insurance,2026-08-13,42.50,Paid,2026-08-19,
INV-75518,REQ-46297,RQ-101,Morrison & Pratt LLP,Granite Shield Insurance,2026-09-01,44.95,Paid,2026-09-11,
INV-75519,REQ-46298,RQ-121,RecordPoint Retrieval,Granite Shield Insurance,2026-08-07,61.75,Paid,2026-08-22,
INV-75520,REQ-46299,RQ-130,Sterling Auto Insurance,Granite Shield Insurance,2026-08-13,42.50,Paid,2026-08-28,
INV-75521,REQ-46300,RQ-125,ClearPath Records,Granite Shield Insurance,2026-08-24,47.75,Paid,2026-09-10,
INV-75522,REQ-46301,RQ-118,Pruitt Legal Group,Granite Shield Insurance,2026-08-06,46.35,Paid,2026-08-14,
INV-75523,REQ-46302,RQ-102,Delgado Law Group,Granite Shield Insurance,2026-08-11,83.10,Paid,2026-08-22,
INV-75524,REQ-46303,RQ-112,Abernathy Law,Granite Shield Insurance,2026-08-07,50.90,Paid,2026-08-20,
INV-75525,REQ-46304,RQ-109,Hudson Valley Injury Law,Granite Shield Insurance,2026-08-21,35.85,Paid,2026-09-03,
INV-75526,REQ-46305,RQ-130,Sterling Auto Insurance,Granite Shield Insurance,2026-08-21,42.15,Paid,2026-09-01,
INV-75527,REQ-46306,RQ-129,Evergreen Casualty,Granite Shield Insurance,2026-08-12,46.35,Paid,2026-08-18,
INV-75528,REQ-46307,RQ-123,DocuTrace Services,Granite Shield Insurance,2026-08-31,56.15,Paid,2026-09-05,
INV-75529,REQ-46308,RQ-128,Lakeside Mutual,Granite Shield Insurance,2026-08-25,49.85,Paid,2026-08-28,
INV-75530,REQ-46309,RQ-130,Sterling Auto Insurance,Granite Shield Insurance,2026-08-13,40.75,Paid,2026-08-19,
INV-75531,REQ-46310,RQ-101,Morrison & Pratt LLP,Granite Shield Insurance,2026-08-19,51.95,Paid,2026-08-31,
INV-75532,REQ-46311,RQ-125,ClearPath Records,Granite Shield Insurance,2026-09-02,437.65,Paid,2026-09-17,
INV-75533,REQ-46312,RQ-117,Iverson Goldberg,Granite Shield Insurance,2026-09-04,34.10,Paid,2026-09-08,
INV-75534,REQ-46313,RQ-130,Sterling Auto Insurance,Granite Shield Insurance,2026-08-28,195.10,Paid,2026-09-05,
INV-75535,REQ-46314,RQ-121,RecordPoint Retrieval,Granite Shield Insurance,2026-08-14,65.95,Open,,
INV-75536,REQ-46315,RQ-126,Summit Chart Services,Granite Shield Insurance,2026-08-19,64.90,Open,,
INV-75537,REQ-46316,RQ-122,SwiftFile Records,Granite Shield Insurance,2026-08-21,118.45,Paid,2026-09-05,
INV-75538,REQ-46317,RQ-101,Morrison & Pratt LLP,Granite Shield Insurance,2026-08-21,60.35,Paid,2026-08-31,
INV-75539,REQ-46318,RQ-127,Pioneer Standard Insurance,Granite Shield Insurance,2026-08-24,62.10,Paid,2026-09-04,
INV-75540,REQ-46319,RQ-121,RecordPoint Retrieval,Granite Shield Insurance,2026-08-07,44.60,Paid,2026-08-23,
INV-75541,REQ-46320,RQ-117,Iverson Goldberg,Granite Shield Insurance,2026-08-26,67.00,Paid,2026-08-31,
INV-75542,REQ-46321,RQ-128,Lakeside Mutual,Granite Shield Insurance,2026-08-27,69.45,Paid,2026-09-03,
INV-75543,REQ-46322,RQ-121,RecordPoint Retrieval,Granite Shield Insurance,2026-08-14,50.90,Paid,2026-08-23,
INV-75544,REQ-46323,RQ-117,Iverson Goldberg,Granite Shield Insurance,2026-08-21,46.70,Paid,2026-08-31,
INV-75545,REQ-46324,RQ-128,Lakeside Mutual,Granite Shield Insurance,2026-08-19,73.65,Paid,2026-08-30,
INV-75546,REQ-46325,RQ-121,RecordPoint Retrieval,Granite Shield Insurance,2026-08-26,56.50,Cancelled,,Duplicate request
INV-75547,REQ-46326,RQ-121,RecordPoint Retrieval,Granite Shield Insurance,2026-08-14,69.45,Open,,
INV-75548,REQ-46328,RQ-128,Lakeside Mutual,Granite Shield Insurance,2026-09-04,98.15,Open,,
INV-75549,REQ-46329,RQ-125,ClearPath Records,Granite Shield Insurance,2026-08-17,63.50,Cancelled,,Duplicate request
INV-75550,REQ-46330,RQ-120,Beaumont Stark,Granite Shield Insurance,2026-08-24,38.30,Paid,2026-08-30,
INV-75551,REQ-46331,RQ-126,Summit Chart Services,Granite Shield Insurance,2026-08-10,44.95,Paid,2026-08-23,
INV-75552,REQ-46332,RQ-102,Delgado Law Group,Granite Shield Insurance,2026-08-24,71.90,Paid,2026-08-26,
INV-75553,REQ-46334,RQ-109,Hudson Valley Injury Law,Granite Shield Insurance,2026-08-31,80.30,Paid,2026-09-12,
INV-75554,REQ-46335,RQ-108,Salas Trial Lawyers,Granite Shield Insurance,2026-08-18,48.80,Paid,2026-08-27,
INV-75555,REQ-46336,RQ-126,Summit Chart Services,Granite Shield Insurance,2026-08-14,93.25,Paid,2026-08-29,
INV-75556,REQ-46337,RQ-129,Evergreen Casualty,Granite Shield Insurance,2026-08-31,55.10,Paid,2026-09-11,
INV-75557,REQ-46338,RQ-120,Beaumont Stark,Granite Shield Insurance,2026-08-21,71.55,Paid,2026-09-02,
INV-75558,REQ-46339,RQ-121,RecordPoint Retrieval,Granite Shield Insurance,2026-08-19,63.85,Paid,2026-08-21,
INV-75559,REQ-46340,RQ-127,Pioneer Standard Insurance,Granite Shield Insurance,2026-08-27,49.85,Paid,2026-09-01,
INV-75560,REQ-46341,RQ-129,Evergreen Casualty,Granite Shield Insurance,2026-09-01,43.55,Paid,2026-09-04,
INV-75561,REQ-46342,RQ-101,Morrison & Pratt LLP,Granite Shield Insurance,2026-09-04,70.50,Cancelled,,Duplicate request
INV-75562,REQ-46343,RQ-107,Park & Levine,Granite Shield Insurance,2026-08-06,63.50,Paid,2026-08-20,
INV-75563,REQ-46344,RQ-126,Summit Chart Services,Granite Shield Insurance,2026-08-24,121.95,Paid,2026-08-29,
INV-75564,REQ-46345,RQ-112,Abernathy Law,Granite Shield Insurance,2026-08-24,79.25,Open,,
INV-75565,REQ-46347,RQ-121,RecordPoint Retrieval,Granite Shield Insurance,2026-08-11,50.90,Paid,2026-08-24,
INV-75566,REQ-46348,RQ-123,DocuTrace Services,Granite Shield Insurance,2026-08-12,115.65,Paid,2026-08-19,
INV-75567,REQ-46349,RQ-125,ClearPath Records,Granite Shield Insurance,2026-08-06,147.50,Paid,2026-08-21,
INV-75568,REQ-46350,RQ-107,Park & Levine,Granite Shield Insurance,2026-08-19,81.70,Open,,
INV-75569,REQ-46351,RQ-103,Kessler Injury Attorneys,Granite Shield Insurance,2026-08-07,108.30,Paid,2026-08-22,
INV-75570,REQ-46352,RQ-116,Carver Moss LLP,Granite Shield Insurance,2026-08-17,54.75,Paid,2026-08-19,
INV-75571,REQ-46353,RQ-121,RecordPoint Retrieval,Granite Shield Insurance,2026-08-28,90.45,Paid,2026-09-13,
INV-75572,REQ-46354,RQ-103,Kessler Injury Attorneys,Granite Shield Insurance,2026-08-24,82.05,Paid,2026-09-01,
INV-75573,REQ-46355,RQ-110,Marchetti & Cole,Keystone Auto Group,2026-08-21,92.20,Paid,2026-08-25,
INV-75574,REQ-46356,RQ-127,Pioneer Standard Insurance,Keystone Auto Group,2026-08-07,86.25,Paid,2026-08-20,
INV-75575,REQ-46357,RQ-110,Marchetti & Cole,Keystone Auto Group,2026-08-07,85.20,Paid,2026-08-17,
INV-75576,REQ-46359,RQ-126,Summit Chart Services,Keystone Auto Group,2026-08-13,60.00,Paid,2026-08-31,
INV-75577,REQ-46360,RQ-101,Morrison & Pratt LLP,Keystone Auto Group,2026-08-26,206.65,Paid,2026-09-11,
INV-75578,REQ-46361,RQ-124,Keystone Record Retrieval,Keystone Auto Group,2026-09-02,57.55,Paid,2026-09-05,
INV-75579,REQ-46362,RQ-117,Iverson Goldberg,Keystone Auto Group,2026-08-28,42.15,Paid,2026-09-02,
INV-75580,REQ-46363,RQ-109,Hudson Valley Injury Law,Keystone Auto Group,2026-08-03,98.85,Cancelled,,No records found
INV-75581,REQ-46364,RQ-101,Morrison & Pratt LLP,Keystone Auto Group,2026-08-31,115.30,Open,,
INV-75582,REQ-46366,RQ-110,Marchetti & Cole,Keystone Auto Group,2026-08-17,128.25,Paid,2026-08-22,
INV-75583,REQ-46367,RQ-115,Lindqvist Defense,Keystone Auto Group,2026-08-18,42.15,Paid,2026-08-22,
INV-75584,REQ-46368,RQ-101,Morrison & Pratt LLP,Keystone Auto Group,2026-08-10,45.30,Paid,2026-08-22,
INV-75585,REQ-46369,RQ-128,Lakeside Mutual,Keystone Auto Group,2026-08-20,50.90,Paid,2026-08-23,
INV-75586,REQ-46370,RQ-111,Ferris Nguyen LLP,Keystone Auto Group,2026-09-03,39.35,Paid,2026-09-11,
INV-75587,REQ-46371,RQ-106,Ostrowski Legal,Keystone Auto Group,2026-08-14,56.85,Paid,2026-08-25,
INV-75588,REQ-46372,RQ-118,Pruitt Legal Group,Keystone Auto Group,2026-08-28,172.70,Paid,2026-08-31,
INV-75589,REQ-46373,RQ-114,Tate & Winslow,Keystone Auto Group,2026-09-01,41.45,Paid,2026-09-16,
INV-75590,REQ-46374,RQ-109,Hudson Valley Injury Law,Keystone Auto Group,2026-08-27,37.25,Paid,2026-09-14,
INV-75591,REQ-46376,RQ-128,Lakeside Mutual,Keystone Auto Group,2026-08-25,49.85,Paid,2026-09-10,
INV-75592,REQ-46377,RQ-111,Ferris Nguyen LLP,Keystone Auto Group,2026-08-11,57.55,Paid,2026-08-20,
INV-75593,REQ-46378,RQ-118,Pruitt Legal Group,Keystone Auto Group,2026-08-13,60.35,Paid,2026-08-16,
INV-75594,REQ-46379,RQ-109,Hudson Valley Injury Law,Keystone Auto Group,2026-08-13,51.25,Paid,2026-08-22,
INV-75595,REQ-46380,RQ-105,Brennan Hale PC,Keystone Auto Group,2026-08-24,42.85,Paid,2026-09-05,
INV-75596,REQ-46381,RQ-124,Keystone Record Retrieval,Keystone Auto Group,2026-08-14,132.10,Paid,2026-08-16,
INV-75597,REQ-46382,RQ-101,Morrison & Pratt LLP,Keystone Auto Group,2026-09-02,72.25,Paid,2026-09-06,
INV-75598,REQ-46383,RQ-114,Tate & Winslow,Keystone Auto Group,2026-08-17,64.55,Paid,2026-08-24,
INV-75599,REQ-46384,RQ-111,Ferris Nguyen LLP,Keystone Auto Group,2026-08-27,301.15,Paid,2026-08-30,
INV-75600,REQ-46385,RQ-116,Carver Moss LLP,Keystone Auto Group,2026-08-14,53.35,Paid,2026-08-19,
INV-75601,REQ-46386,RQ-107,Park & Levine,Keystone Auto Group,2026-08-21,67.70,Paid,2026-09-02,
INV-75602,REQ-46387,RQ-107,Park & Levine,Keystone Auto Group,2026-08-19,72.60,Paid,2026-08-22,
INV-75603,REQ-46388,RQ-101,Morrison & Pratt LLP,Keystone Auto Group,2026-08-31,60.35,Paid,2026-09-09,
INV-75604,REQ-46389,RQ-121,RecordPoint Retrieval,Keystone Auto Group,2026-08-19,81.70,Open,,
INV-75605,REQ-46390,RQ-105,Brennan Hale PC,Keystone Auto Group,2026-08-28,68.40,Paid,2026-09-12,
INV-75606,REQ-46392,RQ-127,Pioneer Standard Insurance,Keystone Auto Group,2026-08-07,106.55,Paid,2026-08-19,
INV-75607,REQ-46393,RQ-121,RecordPoint Retrieval,Keystone Auto Group,2026-08-14,46.35,Paid,2026-08-17,
INV-75608,REQ-46394,RQ-121,RecordPoint Retrieval,Keystone Auto Group,2026-09-02,80.30,Open,,
INV-75609,REQ-46395,RQ-122,SwiftFile Records,Keystone Auto Group,2026-08-27,69.80,Paid,2026-08-29,
INV-75610,REQ-46396,RQ-105,Brennan Hale PC,Keystone Auto Group,2026-08-06,65.60,Paid,2026-08-16,
INV-75611,REQ-46397,RQ-125,ClearPath Records,Keystone Auto Group,2026-08-24,47.05,Open,,
INV-75612,REQ-46398,RQ-114,Tate & Winslow,Keystone Auto Group,2026-08-17,183.90,Paid,2026-08-22,
INV-75613,REQ-46400,RQ-105,Brennan Hale PC,Keystone Auto Group,2026-08-24,43.90,Paid,2026-08-29,
INV-75614,REQ-46401,RQ-125,ClearPath Records,Keystone Auto Group,2026-09-01,66.65,Paid,2026-09-08,
INV-75615,REQ-46402,RQ-106,Ostrowski Legal,Keystone Auto Group,2026-08-28,57.90,Paid,2026-08-31,
INV-75616,REQ-46403,RQ-121,RecordPoint Retrieval,Keystone Auto Group,2026-08-10,116.00,Open,,
INV-75617,REQ-46404,RQ-124,Keystone Record Retrieval,Keystone Auto Group,2026-08-31,82.40,Open,,
INV-75618,REQ-46405,RQ-121,RecordPoint Retrieval,Keystone Auto Group,2026-08-21,71.55,Open,,
INV-75619,REQ-46406,RQ-116,Carver Moss LLP,Keystone Auto Group,2026-08-14,62.45,Paid,2026-08-25,
INV-75620,REQ-46407,RQ-119,Quinlan & Ames,Keystone Auto Group,2026-08-26,110.75,Paid,2026-09-11,
INV-75621,REQ-46409,RQ-123,DocuTrace Services,Keystone Auto Group,2026-08-17,44.95,Paid,2026-08-20,
INV-75622,REQ-46410,RQ-129,Evergreen Casualty,Keystone Auto Group,2026-08-21,50.55,Paid,2026-08-25,
INV-75623,REQ-46411,RQ-124,Keystone Record Retrieval,Keystone Auto Group,2026-08-20,47.40,Paid,2026-09-04,
INV-75624,REQ-46412,RQ-124,Keystone Record Retrieval,Tri-County Workers' Comp Fund,2026-08-28,83.45,Cancelled,,Request withdrawn
INV-75625,REQ-46414,RQ-125,ClearPath Records,Tri-County Workers' Comp Fund,2026-08-20,117.05,Paid,2026-09-03,
INV-75626,REQ-46415,RQ-106,Ostrowski Legal,Tri-County Workers' Comp Fund,2026-09-10,118.80,Paid,2026-09-14,
INV-75627,REQ-46417,RQ-125,ClearPath Records,Tri-County Workers' Comp Fund,2026-09-01,109.70,Paid,2026-09-12,
INV-75628,REQ-46418,RQ-103,Kessler Injury Attorneys,Tri-County Workers' Comp Fund,2026-08-26,99.55,Paid,2026-09-05,
INV-75629,REQ-46419,RQ-125,ClearPath Records,Tri-County Workers' Comp Fund,2026-08-20,56.15,Paid,2026-08-24,
INV-75630,REQ-46420,RQ-128,Lakeside Mutual,Tri-County Workers' Comp Fund,2026-08-20,94.65,Paid,2026-08-22,
INV-75631,REQ-46421,RQ-101,Morrison & Pratt LLP,Tri-County Workers' Comp Fund,2026-08-24,60.70,Paid,2026-08-27,
INV-75632,REQ-46422,RQ-117,Iverson Goldberg,Tri-County Workers' Comp Fund,2026-08-13,57.20,Paid,2026-08-29,
INV-75633,REQ-46423,RQ-108,Salas Trial Lawyers,Tri-County Workers' Comp Fund,2026-08-27,60.70,Paid,2026-09-04,
INV-75634,REQ-46424,RQ-123,DocuTrace Services,Tri-County Workers' Comp Fund,2026-08-12,138.05,Paid,2026-08-17,
INV-75635,REQ-46425,RQ-117,Iverson Goldberg,Tri-County Workers' Comp Fund,2026-08-28,75.75,Paid,2026-09-08,
INV-75636,REQ-46426,RQ-126,Summit Chart Services,Tri-County Workers' Comp Fund,2026-08-27,68.05,Paid,2026-09-01,
INV-75637,REQ-46427,RQ-125,ClearPath Records,Tri-County Workers' Comp Fund,2026-09-01,44.95,Open,,
INV-75638,REQ-46428,RQ-113,Grayson Poole,Tri-County Workers' Comp Fund,2026-08-18,74.00,Paid,2026-08-20,
INV-75639,REQ-46429,RQ-126,Summit Chart Services,Tri-County Workers' Comp Fund,2026-08-27,54.05,Open,,
INV-75640,REQ-46430,RQ-112,Abernathy Law,Tri-County Workers' Comp Fund,2026-08-19,83.10,Paid,2026-09-02,
INV-75641,REQ-46431,RQ-108,Salas Trial Lawyers,Tri-County Workers' Comp Fund,2026-08-05,92.20,Paid,2026-08-19,
INV-75642,REQ-46432,RQ-121,RecordPoint Retrieval,Tri-County Workers' Comp Fund,2026-08-12,30.25,Paid,2026-08-26,
INV-75643,REQ-46433,RQ-119,Quinlan & Ames,Tri-County Workers' Comp Fund,2026-08-28,66.65,Paid,2026-09-03,
INV-75644,REQ-46434,RQ-116,Carver Moss LLP,Tri-County Workers' Comp Fund,2026-09-03,131.40,Paid,2026-09-10,
INV-75645,REQ-46435,RQ-124,Keystone Record Retrieval,Tri-County Workers' Comp Fund,2026-08-14,101.30,Paid,2026-08-18,
INV-75646,REQ-46436,RQ-108,Salas Trial Lawyers,Tri-County Workers' Comp Fund,2026-08-18,45.30,Paid,2026-08-21,
INV-75647,REQ-46437,RQ-101,Morrison & Pratt LLP,Tri-County Workers' Comp Fund,2026-08-11,57.20,Paid,2026-08-14,
INV-75648,REQ-46438,RQ-108,Salas Trial Lawyers,Tri-County Workers' Comp Fund,2026-08-27,74.00,Paid,2026-09-12,
INV-75649,REQ-46439,RQ-118,Pruitt Legal Group,Tri-County Workers' Comp Fund,2026-08-17,82.75,Paid,2026-09-01,
INV-75650,REQ-46440,RQ-114,Tate & Winslow,Tri-County Workers' Comp Fund,2026-08-21,88.35,Paid,2026-08-29,
INV-75651,REQ-46442,RQ-113,Grayson Poole,Tri-County Workers' Comp Fund,2026-08-25,58.95,Paid,2026-09-08,
INV-75652,REQ-46443,RQ-112,Abernathy Law,Tri-County Workers' Comp Fund,2026-08-19,119.85,Paid,2026-08-28,
INV-75653,REQ-46444,RQ-116,Carver Moss LLP,Tri-County Workers' Comp Fund,2026-08-24,58.95,Paid,2026-08-29,
INV-75654,REQ-46445,RQ-122,SwiftFile Records,Tri-County Workers' Comp Fund,2026-09-03,68.05,Paid,2026-09-18,
INV-75655,REQ-46446,RQ-116,Carver Moss LLP,Tri-County Workers' Comp Fund,2026-08-14,86.60,Paid,2026-08-26,
INV-75656,REQ-46447,RQ-114,Tate & Winslow,Tri-County Workers' Comp Fund,2026-08-11,62.80,Open,,
INV-75657,REQ-46448,RQ-126,Summit Chart Services,Tri-County Workers' Comp Fund,2026-08-19,83.45,Paid,2026-08-21,
INV-75658,REQ-46449,RQ-121,RecordPoint Retrieval,Tri-County Workers' Comp Fund,2026-08-27,38.30,Paid,2026-09-02,
INV-75659,REQ-46451,RQ-128,Lakeside Mutual,Tri-County Workers' Comp Fund,2026-08-14,82.75,Paid,2026-08-26,
INV-75660,REQ-46452,RQ-105,Brennan Hale PC,Tri-County Workers' Comp Fund,2026-08-11,56.15,Open,,
INV-75661,REQ-46453,RQ-107,Park & Levine,Tri-County Workers' Comp Fund,2026-08-17,101.30,Paid,2026-08-23,
INV-75662,REQ-46454,RQ-120,Beaumont Stark,Tri-County Workers' Comp Fund,2026-08-25,68.40,Paid,2026-08-29,
INV-75663,REQ-46455,RQ-101,Morrison & Pratt LLP,Tri-County Workers' Comp Fund,2026-08-14,59.30,Paid,2026-08-22,
INV-75664,REQ-46456,RQ-103,Kessler Injury Attorneys,Tri-County Workers' Comp Fund,2026-08-21,106.55,Paid,2026-09-05,
INV-75665,REQ-46457,RQ-103,Kessler Injury Attorneys,Beacon Casualty Company,2026-08-13,102.35,Paid,2026-08-22,
INV-75666,REQ-46458,RQ-101,Morrison & Pratt LLP,Beacon Casualty Company,2026-08-26,73.30,Paid,2026-08-30,
INV-75667,REQ-46460,RQ-109,Hudson Valley Injury Law,Beacon Casualty Company,2026-08-26,44.25,Open,,
INV-75668,REQ-46461,RQ-113,Grayson Poole,Beacon Casualty Company,2026-09-04,55.80,Paid,2026-09-09,
INV-75669,REQ-46462,RQ-109,Hudson Valley Injury Law,Beacon Casualty Company,2026-08-19,41.10,Paid,2026-08-31,
INV-75670,REQ-46463,RQ-123,DocuTrace Services,Beacon Casualty Company,2026-08-14,37.95,Cancelled,,Duplicate request
INV-75671,REQ-46464,RQ-126,Summit Chart Services,Beacon Casualty Company,2026-08-12,56.15,Paid,2026-08-23,
INV-75672,REQ-46465,RQ-128,Lakeside Mutual,Beacon Casualty Company,2026-08-14,57.90,Paid,2026-08-31,
INV-75673,REQ-46466,RQ-105,Brennan Hale PC,Beacon Casualty Company,2026-08-17,90.10,Open,,
INV-75674,REQ-46467,RQ-104,Whitcombe & Rao,Beacon Casualty Company,2026-09-01,77.85,Paid,2026-09-17,
INV-75675,REQ-46468,RQ-124,Keystone Record Retrieval,Beacon Casualty Company,2026-09-03,54.75,Paid,2026-09-11,
INV-75676,REQ-46469,RQ-111,Ferris Nguyen LLP,Beacon Casualty Company,2026-08-25,39.70,Paid,2026-09-08,
INV-75677,REQ-46471,RQ-107,Park & Levine,Beacon Casualty Company,2026-08-06,104.10,Paid,2026-08-09,
INV-75678,REQ-46472,RQ-124,Keystone Record Retrieval,Beacon Casualty Company,2026-08-27,94.65,Paid,2026-09-10,
INV-75679,REQ-46474,RQ-121,RecordPoint Retrieval,Beacon Casualty Company,2026-08-10,169.20,Paid,2026-08-16,
INV-75680,REQ-46475,RQ-121,RecordPoint Retrieval,Northfork Insurance Co.,2026-08-19,70.15,Paid,2026-09-04,
INV-75681,REQ-46476,RQ-111,Ferris Nguyen LLP,Northfork Insurance Co.,2026-08-18,82.40,Paid,2026-08-21,
INV-75682,REQ-46477,RQ-112,Abernathy Law,Northfork Insurance Co.,2026-08-18,112.85,Paid,2026-08-27,
INV-75683,REQ-46478,RQ-124,Keystone Record Retrieval,Northfork Insurance Co.,2026-08-19,81.35,Paid,2026-08-29,
INV-75684,REQ-46479,RQ-121,RecordPoint Retrieval,Northfork Insurance Co.,2026-08-28,43.55,Open,,
INV-75685,REQ-46480,RQ-109,Hudson Valley Injury Law,Northfork Insurance Co.,2026-08-10,109.00,Paid,2026-08-28,
INV-75686,REQ-46481,RQ-117,Iverson Goldberg,Northfork Insurance Co.,2026-08-31,59.30,Paid,2026-09-18,
INV-75687,REQ-46482,RQ-126,Summit Chart Services,Northfork Insurance Co.,2026-08-11,100.60,Paid,2026-08-28,
INV-75688,REQ-46483,RQ-129,Evergreen Casualty,Northfork Insurance Co.,2026-08-24,93.25,Paid,2026-09-11,
INV-75689,REQ-46484,RQ-121,RecordPoint Retrieval,Northfork Insurance Co.,2026-08-12,79.25,Open,,
INV-75690,REQ-46485,RQ-130,Sterling Auto Insurance,Northfork Insurance Co.,2026-08-17,90.80,Paid,2026-08-30,
INV-75691,REQ-46486,RQ-111,Ferris Nguyen LLP,Northfork Insurance Co.,2026-08-20,44.25,Paid,2026-08-26,
INV-75692,REQ-46487,RQ-121,RecordPoint Retrieval,Northfork Insurance Co.,2026-08-14,76.10,Paid,2026-08-20,
INV-75693,REQ-46488,RQ-123,DocuTrace Services,Northfork Insurance Co.,2026-09-01,56.15,Paid,2026-09-16,
INV-75694,REQ-46490,RQ-111,Ferris Nguyen LLP,Northfork Insurance Co.,2026-09-02,41.45,Paid,2026-09-16,
INV-75695,REQ-46491,RQ-126,Summit Chart Services,Northfork Insurance Co.,2026-08-12,149.60,Paid,2026-08-27,
INV-75696,REQ-46492,RQ-111,Ferris Nguyen LLP,Northfork Insurance Co.,2026-08-10,67.70,Open,,
INV-75697,REQ-46493,RQ-124,Keystone Record Retrieval,Northfork Insurance Co.,2026-08-31,38.65,Paid,2026-09-16,
INV-75698,REQ-46494,RQ-121,RecordPoint Retrieval,Northfork Insurance Co.,2026-08-31,48.80,Paid,2026-09-08,
INV-75699,REQ-46495,RQ-103,Kessler Injury Attorneys,Northfork Insurance Co.,2026-08-28,112.15,Paid,2026-09-01,
INV-75700,REQ-46496,RQ-130,Sterling Auto Insurance,Northfork Insurance Co.,2026-08-20,76.80,Paid,2026-09-06,
INV-75701,REQ-46497,RQ-119,Quinlan & Ames,Northfork Insurance Co.,2026-08-21,75.40,Cancelled,,No records found
INV-75702,REQ-46498,RQ-101,Morrison & Pratt LLP,Northfork Insurance Co.,2026-08-10,88.70,Paid,2026-08-16,
INV-75703,REQ-46499,RQ-101,Morrison & Pratt LLP,Northfork Insurance Co.,2026-08-25,103.05,Paid,2026-08-27,
INV-75704,REQ-46501,RQ-104,Whitcombe & Rao,Northfork Insurance Co.,2026-08-20,114.95,Paid,2026-09-07,
INV-75705,REQ-46502,RQ-122,SwiftFile Records,Northfork Insurance Co.,2026-08-17,74.35,Paid,2026-08-26,
INV-75706,REQ-46503,RQ-110,Marchetti & Cole,Northfork Insurance Co.,2026-08-14,67.00,Paid,2026-08-29,
INV-75707,REQ-46504,RQ-121,RecordPoint Retrieval,Northfork Insurance Co.,2026-09-07,165.35,Paid,2026-09-16,
INV-75708,REQ-46506,RQ-112,Abernathy Law,Northfork Insurance Co.,2026-08-28,53.35,Paid,2026-09-03,
INV-75709,REQ-46508,RQ-123,DocuTrace Services,Northfork Insurance Co.,2026-09-02,96.05,Open,,
INV-75710,REQ-46509,RQ-118,Pruitt Legal Group,Northfork Insurance Co.,2026-08-07,109.35,Paid,2026-08-18,
INV-75711,REQ-46510,RQ-121,RecordPoint Retrieval,Northfork Insurance Co.,2026-08-24,96.75,Open,,
INV-75712,REQ-46511,RQ-102,Delgado Law Group,Northfork Insurance Co.,2026-08-20,34.10,Paid,2026-08-25,
INV-75713,REQ-46512,RQ-109,Hudson Valley Injury Law,Northfork Insurance Co.,2026-08-24,79.95,Paid,2026-08-30,
INV-75714,REQ-46513,RQ-126,Summit Chart Services,Meridian Auto & Home,2026-08-11,53.00,Paid,2026-08-14,
INV-75715,REQ-46514,RQ-121,RecordPoint Retrieval,Meridian Auto & Home,2026-08-20,83.10,Open,,
INV-75716,REQ-46515,RQ-121,RecordPoint Retrieval,Meridian Auto & Home,2026-08-24,79.60,Paid,2026-08-31,
INV-75717,REQ-46516,RQ-107,Park & Levine,Meridian Auto & Home,2026-08-20,48.45,Paid,2026-08-24,
INV-75718,REQ-46517,RQ-117,Iverson Goldberg,Meridian Auto & Home,2026-08-14,62.45,Paid,2026-08-16,
INV-75719,REQ-46518,RQ-123,DocuTrace Services,Meridian Auto & Home,2026-08-14,51.60,Paid,2026-08-18,
INV-75720,REQ-46519,RQ-109,Hudson Valley Injury Law,Meridian Auto & Home,2026-08-27,55.80,Paid,2026-09-03,
INV-75721,REQ-46520,RQ-107,Park & Levine,Meridian Auto & Home,2026-08-31,69.80,Paid,2026-09-13,
INV-75722,REQ-46521,RQ-121,RecordPoint Retrieval,Meridian Auto & Home,2026-08-24,52.30,Open,,
INV-75723,REQ-46522,RQ-121,RecordPoint Retrieval,Meridian Auto & Home,2026-08-13,75.40,Open,,
INV-75724,REQ-46523,RQ-101,Morrison & Pratt LLP,Meridian Auto & Home,2026-08-24,48.80,Paid,2026-09-07,
INV-75725,REQ-46524,RQ-121,RecordPoint Retrieval,Meridian Auto & Home,2026-09-01,48.10,Open,,
INV-75726,REQ-46526,RQ-119,Quinlan & Ames,Meridian Auto & Home,2026-08-24,63.15,Open,,
INV-75727,REQ-46527,RQ-116,Carver Moss LLP,Meridian Auto & Home,2026-08-27,117.05,Paid,2026-09-06,
INV-75728,REQ-46528,RQ-120,Beaumont Stark,Meridian Auto & Home,2026-08-07,71.90,Paid,2026-08-24,
INV-75729,REQ-46529,RQ-128,Lakeside Mutual,Meridian Auto & Home,2026-08-20,49.15,Paid,2026-08-24,
INV-75730,REQ-46530,RQ-129,Evergreen Casualty,Meridian Auto & Home,2026-08-20,118.80,Paid,2026-08-28,
INV-75731,REQ-46531,RQ-122,SwiftFile Records,Meridian Auto & Home,2026-08-25,39.35,Paid,2026-09-11,
INV-75732,REQ-46532,RQ-124,Keystone Record Retrieval,Meridian Auto & Home,2026-08-25,63.50,Paid,2026-08-29,
INV-75733,REQ-46533,RQ-122,SwiftFile Records,Meridian Auto & Home,2026-09-01,48.80,Paid,2026-09-18,
INV-75734,REQ-46534,RQ-113,Grayson Poole,Meridian Auto & Home,2026-08-12,70.85,Cancelled,,Request withdrawn
INV-75735,REQ-46535,RQ-125,ClearPath Records,Meridian Auto & Home,2026-08-11,33.40,Open,,
INV-75736,REQ-46536,RQ-106,Ostrowski Legal,Meridian Auto & Home,2026-08-27,174.10,Paid,2026-08-29,
INV-75737,REQ-46537,RQ-117,Iverson Goldberg,Meridian Auto & Home,2026-08-28,81.70,Open,,
INV-75738,REQ-46539,RQ-124,Keystone Record Retrieval,Meridian Auto & Home,2026-08-26,74.70,Paid,2026-09-05,
INV-75739,REQ-46540,RQ-115,Lindqvist Defense,Meridian Auto & Home,2026-08-28,49.15,Paid,2026-09-09,
INV-75740,REQ-46541,RQ-112,Abernathy Law,Meridian Auto & Home,2026-08-27,89.75,Paid,2026-09-01,
INV-75741,REQ-46542,RQ-122,SwiftFile Records,Atlas Comp Services,2026-09-04,53.00,Open,,
INV-75742,REQ-46543,RQ-101,Morrison & Pratt LLP,Atlas Comp Services,2026-08-14,104.80,Paid,2026-08-22,
INV-75743,REQ-46544,RQ-125,ClearPath Records,Atlas Comp Services,2026-08-18,119.85,Paid,2026-08-28,
INV-75744,REQ-46545,RQ-114,Tate & Winslow,Atlas Comp Services,2026-08-14,64.20,Paid,2026-08-27,
INV-75745,REQ-46546,RQ-107,Park & Levine,Atlas Comp Services,2026-08-14,74.35,Paid,2026-08-22,
INV-75746,REQ-46547,RQ-126,Summit Chart Services,Atlas Comp Services,2026-08-24,62.45,Paid,2026-08-31,
INV-75747,REQ-46548,RQ-104,Whitcombe & Rao,Atlas Comp Services,2026-09-03,60.35,Paid,2026-09-14,
INV-75748,REQ-46549,RQ-117,Iverson Goldberg,Atlas Comp Services,2026-09-04,39.70,Paid,2026-09-15,
INV-75749,REQ-46550,RQ-117,Iverson Goldberg,Atlas Comp Services,2026-09-02,78.90,Paid,2026-09-10,
INV-75750,REQ-46552,RQ-104,Whitcombe & Rao,Atlas Comp Services,2026-08-21,80.30,Paid,2026-08-23,
INV-75751,REQ-46553,RQ-123,DocuTrace Services,Atlas Comp Services,2026-08-27,48.10,Paid,2026-09-10,
INV-75752,REQ-46554,RQ-101,Morrison & Pratt LLP,Atlas Comp Services,2026-08-13,61.75,Paid,2026-08-26,
INV-75753,REQ-46555,RQ-101,Morrison & Pratt LLP,Atlas Comp Services,2026-08-18,119.15,Paid,2026-08-26,
INV-75754,REQ-46556,RQ-127,Pioneer Standard Insurance,Atlas Comp Services,2026-08-13,80.30,Paid,2026-08-28,
INV-75755,REQ-46558,RQ-111,Ferris Nguyen LLP,Atlas Comp Services,2026-08-13,47.40,Paid,2026-08-30,
INV-75756,REQ-46560,RQ-124,Keystone Record Retrieval,Atlas Comp Services,2026-08-13,50.20,Paid,2026-08-27,
INV-75757,REQ-46561,RQ-118,Pruitt Legal Group,Atlas Comp Services,2026-08-24,56.50,Paid,2026-08-30,
INV-75758,REQ-46562,RQ-101,Morrison & Pratt LLP,Atlas Comp Services,2026-08-25,118.10,Paid,2026-09-06,
INV-75759,REQ-46563,RQ-102,Delgado Law Group,Atlas Comp Services,2026-08-27,97.80,Paid,2026-09-10,
INV-75760,REQ-46564,RQ-121,RecordPoint Retrieval,Atlas Comp Services,2026-08-27,94.65,Paid,2026-09-12,
INV-75761,REQ-46565,RQ-120,Beaumont Stark,Atlas Comp Services,2026-09-07,41.45,Paid,2026-09-14,
INV-75762,REQ-46566,RQ-110,Marchetti & Cole,Atlas Comp Services,2026-08-20,39.35,Paid,2026-09-01,
INV-75763,REQ-46567,RQ-103,Kessler Injury Attorneys,Harborline Mutual Insurance,2026-09-14,72.95,Open,,
INV-75764,REQ-46568,RQ-129,Evergreen Casualty,Harborline Mutual Insurance,2026-09-16,44.25,Open,,
INV-75765,REQ-46571,RQ-120,Beaumont Stark,Harborline Mutual Insurance,2026-09-25,77.15,Open,,
INV-75766,REQ-46575,RQ-121,RecordPoint Retrieval,Harborline Mutual Insurance,2026-09-17,164.65,Open,,
INV-75767,REQ-46576,RQ-122,SwiftFile Records,Harborline Mutual Insurance,2026-09-16,58.25,Paid,2026-09-25,
INV-75768,REQ-46578,RQ-128,Lakeside Mutual,Harborline Mutual Insurance,2026-09-22,74.35,Open,,
INV-75769,REQ-46579,RQ-110,Marchetti & Cole,Harborline Mutual Insurance,2026-09-25,44.60,Open,,
INV-75770,REQ-46580,RQ-121,RecordPoint Retrieval,Harborline Mutual Insurance,2026-09-23,131.75,Open,,
INV-75771,REQ-46581,RQ-108,Salas Trial Lawyers,Harborline Mutual Insurance,2026-09-15,75.75,Paid,2026-09-20,
INV-75772,REQ-46583,RQ-121,RecordPoint Retrieval,Harborline Mutual Insurance,2026-09-16,65.60,Open,,
INV-75773,REQ-46585,RQ-125,ClearPath Records,Harborline Mutual Insurance,2026-09-14,60.35,Open,,
INV-75774,REQ-46586,RQ-106,Ostrowski Legal,Harborline Mutual Insurance,2026-09-15,89.75,Open,,
INV-75775,REQ-46587,RQ-123,DocuTrace Services,Harborline Mutual Insurance,2026-09-21,60.35,Open,,
INV-75776,REQ-46588,RQ-124,Keystone Record Retrieval,Harborline Mutual Insurance,2026-09-15,61.05,Paid,2026-09-20,
INV-75777,REQ-46590,RQ-127,Pioneer Standard Insurance,Harborline Mutual Insurance,2026-09-10,128.25,Paid,2026-09-14,
INV-75778,REQ-46591,RQ-101,Morrison & Pratt LLP,Harborline Mutual Insurance,2026-09-11,47.75,Open,,
INV-75779,REQ-46593,RQ-117,Iverson Goldberg,Harborline Mutual Insurance,2026-09-10,58.25,Paid,2026-09-16,
INV-75780,REQ-46595,RQ-112,Abernathy Law,Harborline Mutual Insurance,2026-09-10,116.35,Open,,
INV-75781,REQ-46596,RQ-104,Whitcombe & Rao,Harborline Mutual Insurance,2026-09-23,83.10,Open,,
INV-75782,REQ-46597,RQ-124,Keystone Record Retrieval,Harborline Mutual Insurance,2026-09-23,76.45,Open,,
INV-75783,REQ-46598,RQ-128,Lakeside Mutual,Harborline Mutual Insurance,2026-09-25,55.10,Open,,
INV-75784,REQ-46599,RQ-118,Pruitt Legal Group,Harborline Mutual Insurance,2026-09-15,55.45,Paid,2026-09-25,
INV-75785,REQ-46601,RQ-124,Keystone Record Retrieval,Harborline Mutual Insurance,2026-09-23,76.10,Open,,
INV-75786,REQ-46602,RQ-119,Quinlan & Ames,Harborline Mutual Insurance,2026-09-09,70.85,Open,,
INV-75787,REQ-46603,RQ-109,Hudson Valley Injury Law,Harborline Mutual Insurance,2026-09-18,41.80,Paid,2026-09-21,
INV-75788,REQ-46604,RQ-105,Brennan Hale PC,Harborline Mutual Insurance,2026-09-10,54.75,Paid,2026-09-16,
INV-75789,REQ-46605,RQ-113,Grayson Poole,Harborline Mutual Insurance,2026-09-16,81.70,Open,,
INV-75790,REQ-46608,RQ-115,Lindqvist Defense,Harborline Mutual Insurance,2026-09-07,80.65,Open,,
INV-75791,REQ-46609,RQ-121,RecordPoint Retrieval,Harborline Mutual Insurance,2026-09-22,46.00,Open,,
INV-75792,REQ-46612,RQ-125,ClearPath Records,Harborline Mutual Insurance,2026-09-15,36.55,Paid,2026-09-25,
INV-75793,REQ-46613,RQ-122,SwiftFile Records,Harborline Mutual Insurance,2026-09-16,46.00,Paid,2026-09-23,
INV-75794,REQ-46614,RQ-124,Keystone Record Retrieval,Harborline Mutual Insurance,2026-09-21,40.40,Open,,
INV-75795,REQ-46615,RQ-109,Hudson Valley Injury Law,Harborline Mutual Insurance,2026-09-24,48.45,Open,,
INV-75796,REQ-46617,RQ-121,RecordPoint Retrieval,Harborline Mutual Insurance,2026-09-21,137.35,Open,,
INV-75797,REQ-46618,RQ-105,Brennan Hale PC,Harborline Mutual Insurance,2026-09-09,78.20,Paid,2026-09-25,
INV-75798,REQ-46620,RQ-117,Iverson Goldberg,Harborline Mutual Insurance,2026-09-18,98.50,Open,,
INV-75799,REQ-46621,RQ-101,Morrison & Pratt LLP,Harborline Mutual Insurance,2026-09-18,59.30,Open,,
INV-75800,REQ-46622,RQ-123,DocuTrace Services,Harborline Mutual Insurance,2026-09-14,95.00,Paid,2026-09-23,
INV-75801,REQ-46623,RQ-105,Brennan Hale PC,Harborline Mutual Insurance,2026-09-23,51.60,Open,,
INV-75802,REQ-46624,RQ-111,Ferris Nguyen LLP,Harborline Mutual Insurance,2026-09-11,88.35,Paid,2026-09-24,
INV-75803,REQ-46625,RQ-123,DocuTrace Services,Harborline Mutual Insurance,2026-09-16,59.30,Paid,2026-09-24,
INV-75804,REQ-46626,RQ-109,Hudson Valley Injury Law,Harborline Mutual Insurance,2026-09-25,232.90,Open,,
INV-75805,REQ-46627,RQ-123,DocuTrace Services,Harborline Mutual Insurance,2026-09-22,119.85,Open,,
INV-75806,REQ-46628,RQ-114,Tate & Winslow,Harborline Mutual Insurance,2026-09-24,103.40,Open,,
INV-75807,REQ-46629,RQ-125,ClearPath Records,Harborline Mutual Insurance,2026-09-09,91.85,Paid,2026-09-24,
INV-75808,REQ-46631,RQ-122,SwiftFile Records,Harborline Mutual Insurance,2026-09-21,63.15,Paid,2026-09-25,
INV-75809,REQ-46632,RQ-101,Morrison & Pratt LLP,Harborline Mutual Insurance,2026-09-10,65.60,Paid,2026-09-23,
INV-75810,REQ-46634,RQ-113,Grayson Poole,Harborline Mutual Insurance,2026-09-24,102.35,Open,,
INV-75811,REQ-46637,RQ-124,Keystone Record Retrieval,Harborline Mutual Insurance,2026-09-18,82.40,Paid,2026-09-20,
INV-75812,REQ-46639,RQ-130,Sterling Auto Insurance,Harborline Mutual Insurance,2026-09-11,78.55,Paid,2026-09-23,
INV-75813,REQ-46641,RQ-127,Pioneer Standard Insurance,Harborline Mutual Insurance,2026-09-16,59.30,Open,,
INV-75814,REQ-46642,RQ-103,Kessler Injury Attorneys,Harborline Mutual Insurance,2026-09-10,52.65,Paid,2026-09-24,
INV-75815,REQ-46643,RQ-104,Whitcombe & Rao,Harborline Mutual Insurance,2026-09-10,46.35,Paid,2026-09-19,
INV-75816,REQ-46644,RQ-114,Tate & Winslow,Harborline Mutual Insurance,2026-09-25,60.70,Open,,
INV-75817,REQ-46645,RQ-127,Pioneer Standard Insurance,Harborline Mutual Insurance,2026-09-09,50.55,Paid,2026-09-21,
INV-75818,REQ-46646,RQ-126,Summit Chart Services,Harborline Mutual Insurance,2026-09-11,63.15,Paid,2026-09-25,
INV-75819,REQ-46649,RQ-108,Salas Trial Lawyers,Granite Shield Insurance,2026-09-11,83.45,Paid,2026-09-17,
INV-75820,REQ-46650,RQ-101,Morrison & Pratt LLP,Granite Shield Insurance,2026-09-15,78.55,Paid,2026-09-23,
INV-75821,REQ-46652,RQ-106,Ostrowski Legal,Granite Shield Insurance,2026-09-04,49.85,Paid,2026-09-06,
INV-75822,REQ-46653,RQ-101,Morrison & Pratt LLP,Granite Shield Insurance,2026-09-21,64.20,Paid,2026-09-24,
INV-75823,REQ-46654,RQ-110,Marchetti & Cole,Granite Shield Insurance,2026-09-25,61.05,Open,,
INV-75824,REQ-46658,RQ-103,Kessler Injury Attorneys,Granite Shield Insurance,2026-09-22,54.75,Open,,
INV-75825,REQ-46659,RQ-101,Morrison & Pratt LLP,Granite Shield Insurance,2026-09-04,89.05,Open,,
INV-75826,REQ-46662,RQ-112,Abernathy Law,Granite Shield Insurance,2026-09-22,58.95,Open,,
INV-75827,REQ-46663,RQ-112,Abernathy Law,Granite Shield Insurance,2026-09-11,38.30,Paid,2026-09-15,
INV-75828,REQ-46665,RQ-118,Pruitt Legal Group,Granite Shield Insurance,2026-09-25,95.00,Open,,
INV-75829,REQ-46667,RQ-110,Marchetti & Cole,Granite Shield Insurance,2026-09-14,77.50,Paid,2026-09-20,
INV-75830,REQ-46671,RQ-123,DocuTrace Services,Granite Shield Insurance,2026-09-18,73.65,Paid,2026-09-20,
INV-75831,REQ-46673,RQ-130,Sterling Auto Insurance,Granite Shield Insurance,2026-09-14,53.70,Paid,2026-09-18,
INV-75832,REQ-46674,RQ-119,Quinlan & Ames,Granite Shield Insurance,2026-09-04,41.80,Open,,
INV-75833,REQ-46675,RQ-113,Grayson Poole,Granite Shield Insurance,2026-09-11,210.15,Paid,2026-09-14,
INV-75834,REQ-46676,RQ-101,Morrison & Pratt LLP,Granite Shield Insurance,2026-09-17,88.00,Cancelled,,Duplicate request
INV-75835,REQ-46678,RQ-101,Morrison & Pratt LLP,Granite Shield Insurance,2026-09-04,69.10,Paid,2026-09-15,
INV-75836,REQ-46679,RQ-107,Park & Levine,Granite Shield Insurance,2026-09-09,41.10,Paid,2026-09-11,
INV-75837,REQ-46680,RQ-113,Grayson Poole,Granite Shield Insurance,2026-09-21,62.80,Open,,
INV-75838,REQ-46682,RQ-102,Delgado Law Group,Granite Shield Insurance,2026-09-07,75.75,Open,,
INV-75839,REQ-46685,RQ-126,Summit Chart Services,Granite Shield Insurance,2026-09-24,44.95,Open,,
INV-75840,REQ-46687,RQ-121,RecordPoint Retrieval,Granite Shield Insurance,2026-09-25,44.60,Open,,
INV-75841,REQ-46688,RQ-122,SwiftFile Records,Granite Shield Insurance,2026-09-18,71.90,Paid,2026-09-25,
INV-75842,REQ-46690,RQ-108,Salas Trial Lawyers,Granite Shield Insurance,2026-09-17,193.70,Paid,2026-09-22,
INV-75843,REQ-46691,RQ-127,Pioneer Standard Insurance,Keystone Auto Group,2026-09-09,44.25,Paid,2026-09-19,
INV-75844,REQ-46692,RQ-124,Keystone Record Retrieval,Keystone Auto Group,2026-09-16,42.50,Open,,
INV-75845,REQ-46694,RQ-120,Beaumont Stark,Keystone Auto Group,2026-09-15,108.30,Paid,2026-09-25,
INV-75846,REQ-46703,RQ-119,Quinlan & Ames,Keystone Auto Group,2026-09-21,65.95,Open,,
INV-75847,REQ-46705,RQ-101,Morrison & Pratt LLP,Keystone Auto Group,2026-09-09,100.60,Paid,2026-09-19,
INV-75848,REQ-46709,RQ-121,RecordPoint Retrieval,Keystone Auto Group,2026-09-24,39.35,Open,,
INV-75849,REQ-46711,RQ-114,Tate & Winslow,Keystone Auto Group,2026-09-25,170.60,Open,,
INV-75850,REQ-46712,RQ-115,Lindqvist Defense,Keystone Auto Group,2026-09-10,68.05,Open,,
INV-75851,REQ-46713,RQ-130,Sterling Auto Insurance,Keystone Auto Group,2026-09-08,64.55,Open,,
INV-75852,REQ-46714,RQ-121,RecordPoint Retrieval,Keystone Auto Group,2026-09-16,116.70,Paid,2026-09-24,
INV-75853,REQ-46716,RQ-128,Lakeside Mutual,Keystone Auto Group,2026-09-21,90.10,Paid,2026-09-23,
INV-75854,REQ-46717,RQ-104,Whitcombe & Rao,Keystone Auto Group,2026-09-18,44.95,Open,,
INV-75855,REQ-46718,RQ-119,Quinlan & Ames,Keystone Auto Group,2026-09-25,113.20,Open,,
INV-75856,REQ-46719,RQ-121,RecordPoint Retrieval,Keystone Auto Group,2026-09-24,43.20,Open,,
INV-75857,REQ-46720,RQ-102,Delgado Law Group,Keystone Auto Group,2026-09-21,105.15,Open,,
INV-75858,REQ-46721,RQ-106,Ostrowski Legal,Keystone Auto Group,2026-09-09,80.30,Paid,2026-09-25,
INV-75859,REQ-46722,RQ-104,Whitcombe & Rao,Keystone Auto Group,2026-09-15,46.00,Paid,2026-09-23,
INV-75860,REQ-46724,RQ-102,Delgado Law Group,Keystone Auto Group,2026-09-21,46.00,Open,,
INV-75861,REQ-46727,RQ-108,Salas Trial Lawyers,Keystone Auto Group,2026-09-25,71.90,Open,,
INV-75862,REQ-46729,RQ-103,Kessler Injury Attorneys,Tri-County Workers' Comp Fund,2026-09-18,53.35,Open,,
INV-75863,REQ-46732,RQ-124,Keystone Record Retrieval,Tri-County Workers' Comp Fund,2026-09-15,48.10,Paid,2026-09-25,
INV-75864,REQ-46733,RQ-122,SwiftFile Records,Tri-County Workers' Comp Fund,2026-09-01,52.65,Cancelled,,Duplicate request
INV-75865,REQ-46737,RQ-110,Marchetti & Cole,Tri-County Workers' Comp Fund,2026-09-07,65.60,Open,,
INV-75866,REQ-46738,RQ-126,Summit Chart Services,Tri-County Workers' Comp Fund,2026-09-25,65.25,Open,,
INV-75867,REQ-46739,RQ-117,Iverson Goldberg,Tri-County Workers' Comp Fund,2026-09-14,93.60,Open,,
INV-75868,REQ-46742,RQ-108,Salas Trial Lawyers,Tri-County Workers' Comp Fund,2026-09-18,68.05,Paid,2026-09-25,
INV-75869,REQ-46743,RQ-130,Sterling Auto Insurance,Tri-County Workers' Comp Fund,2026-09-21,44.95,Cancelled,,Duplicate request
INV-75870,REQ-46747,RQ-121,RecordPoint Retrieval,Tri-County Workers' Comp Fund,2026-09-23,54.40,Open,,
INV-75871,REQ-46748,RQ-121,RecordPoint Retrieval,Tri-County Workers' Comp Fund,2026-09-09,67.70,Paid,2026-09-19,
INV-75872,REQ-46749,RQ-103,Kessler Injury Attorneys,Tri-County Workers' Comp Fund,2026-09-22,47.05,Open,,
INV-75873,REQ-46752,RQ-124,Keystone Record Retrieval,Tri-County Workers' Comp Fund,2026-09-14,64.20,Cancelled,,No records found
INV-75874,REQ-46754,RQ-107,Park & Levine,Tri-County Workers' Comp Fund,2026-09-14,45.65,Paid,2026-09-19,
INV-75875,REQ-46755,RQ-109,Hudson Valley Injury Law,Beacon Casualty Company,2026-09-15,47.05,Paid,2026-09-18,
INV-75876,REQ-46756,RQ-126,Summit Chart Services,Beacon Casualty Company,2026-09-07,182.50,Cancelled,,Duplicate request
INV-75877,REQ-46758,RQ-121,RecordPoint Retrieval,Beacon Casualty Company,2026-09-14,202.80,Open,,
INV-75878,REQ-46760,RQ-109,Hudson Valley Injury Law,Beacon Casualty Company,2026-09-09,83.45,Paid,2026-09-13,
INV-75879,REQ-46764,RQ-121,RecordPoint Retrieval,Beacon Casualty Company,2026-09-08,103.40,Open,,
INV-75880,REQ-46765,RQ-105,Brennan Hale PC,Beacon Casualty Company,2026-09-08,60.35,Open,,
INV-75881,REQ-46766,RQ-118,Pruitt Legal Group,Northfork Insurance Co.,2026-09-24,75.75,Open,,
INV-75882,REQ-46767,RQ-128,Lakeside Mutual,Northfork Insurance Co.,2026-09-09,51.25,Paid,2026-09-16,
INV-75883,REQ-46768,RQ-118,Pruitt Legal Group,Northfork Insurance Co.,2026-09-08,38.65,Paid,2026-09-23,
INV-75884,REQ-46769,RQ-128,Lakeside Mutual,Northfork Insurance Co.,2026-09-14,42.50,Paid,2026-09-17,
INV-75885,REQ-46770,RQ-114,Tate & Winslow,Northfork Insurance Co.,2026-09-15,88.70,Open,,
INV-75886,REQ-46771,RQ-123,DocuTrace Services,Northfork Insurance Co.,2026-09-08,85.90,Paid,2026-09-22,
INV-75887,REQ-46772,RQ-121,RecordPoint Retrieval,Northfork Insurance Co.,2026-09-18,63.50,Open,,
INV-75888,REQ-46773,RQ-105,Brennan Hale PC,Northfork Insurance Co.,2026-09-25,42.15,Open,,
INV-75889,REQ-46774,RQ-102,Delgado Law Group,Northfork Insurance Co.,2026-09-23,85.55,Open,,
INV-75890,REQ-46775,RQ-103,Kessler Injury Attorneys,Northfork Insurance Co.,2026-09-08,125.80,Open,,
INV-75891,REQ-46777,RQ-121,RecordPoint Retrieval,Northfork Insurance Co.,2026-09-11,62.45,Open,,
INV-75892,REQ-46778,RQ-101,Morrison & Pratt LLP,Northfork Insurance Co.,2026-09-14,108.30,Paid,2026-09-16,
INV-75893,REQ-46780,RQ-108,Salas Trial Lawyers,Northfork Insurance Co.,2026-09-11,147.50,Paid,2026-09-25,
INV-75894,REQ-46781,RQ-127,Pioneer Standard Insurance,Northfork Insurance Co.,2026-09-22,47.75,Open,,
INV-75895,REQ-46782,RQ-119,Quinlan & Ames,Northfork Insurance Co.,2026-09-21,76.10,Paid,2026-09-25,
INV-75896,REQ-46783,RQ-124,Keystone Record Retrieval,Northfork Insurance Co.,2026-09-21,42.15,Open,,
INV-75897,REQ-46785,RQ-121,RecordPoint Retrieval,Northfork Insurance Co.,2026-09-25,95.00,Open,,
INV-75898,REQ-46786,RQ-124,Keystone Record Retrieval,Northfork Insurance Co.,2026-09-21,71.20,Open,,
INV-75899,REQ-46791,RQ-124,Keystone Record Retrieval,Meridian Auto & Home,2026-09-11,40.05,Open,,
INV-75900,REQ-46792,RQ-110,Marchetti & Cole,Meridian Auto & Home,2026-09-14,65.95,Open,,
INV-75901,REQ-46793,RQ-125,ClearPath Records,Meridian Auto & Home,2026-09-17,34.45,Open,,
INV-75902,REQ-46794,RQ-103,Kessler Injury Attorneys,Meridian Auto & Home,2026-09-16,141.90,Open,,
INV-75903,REQ-46795,RQ-113,Grayson Poole,Meridian Auto & Home,2026-09-14,48.80,Paid,2026-09-20,
INV-75904,REQ-46796,RQ-126,Summit Chart Services,Meridian Auto & Home,2026-09-07,47.05,Paid,2026-09-19,
INV-75905,REQ-46797,RQ-101,Morrison & Pratt LLP,Meridian Auto & Home,2026-09-21,46.35,Open,,
INV-75906,REQ-46798,RQ-120,Beaumont Stark,Meridian Auto & Home,2026-09-18,58.60,Open,,
INV-75907,REQ-46799,RQ-103,Kessler Injury Attorneys,Meridian Auto & Home,2026-09-24,172.00,Open,,
INV-75908,REQ-46800,RQ-128,Lakeside Mutual,Meridian Auto & Home,2026-09-23,117.75,Open,,
INV-75909,REQ-46801,RQ-130,Sterling Auto Insurance,Meridian Auto & Home,2026-09-16,60.00,Open,,
INV-75910,REQ-46802,RQ-117,Iverson Goldberg,Meridian Auto & Home,2026-09-10,128.25,Paid,2026-09-15,
INV-75911,REQ-46803,RQ-125,ClearPath Records,Meridian Auto & Home,2026-09-09,75.75,Paid,2026-09-23,
INV-75912,REQ-46804,RQ-113,Grayson Poole,Meridian Auto & Home,2026-09-25,76.80,Open,,
INV-75913,REQ-46805,RQ-109,Hudson Valley Injury Law,Meridian Auto & Home,2026-09-11,41.45,Open,,
INV-75914,REQ-46806,RQ-104,Whitcombe & Rao,Meridian Auto & Home,2026-09-16,51.60,Paid,2026-09-18,
INV-75915,REQ-46808,RQ-103,Kessler Injury Attorneys,Meridian Auto & Home,2026-09-14,99.90,Open,,
INV-75916,REQ-46811,RQ-128,Lakeside Mutual,Atlas Comp Services,2026-09-08,57.20,Open,,
INV-75917,REQ-46813,RQ-105,Brennan Hale PC,Atlas Comp Services,2026-09-07,83.10,Paid,2026-09-25,
INV-75918,REQ-46816,RQ-124,Keystone Record Retrieval,Atlas Comp Services,2026-09-22,76.10,Open,,
INV-75919,REQ-46824,RQ-105,Brennan Hale PC,Atlas Comp Services,2026-09-16,119.85,Open,,
INV-75920,REQ-46825,RQ-103,Kessler Injury Attorneys,Atlas Comp Services,2026-09-24,69.80,Open,,
INV-75921,REQ-46826,RQ-123,DocuTrace Services,Atlas Comp Services,2026-09-15,50.55,Open,,
INV-75922,REQ-46827,RQ-121,RecordPoint Retrieval,Atlas Comp Services,2026-09-16,85.20,Open,,
INV-75923,REQ-46829,RQ-121,RecordPoint Retrieval,Tri-County Workers' Comp Fund,2024-09-27,58.60,Open,,
INV-75924,REQ-46830,RQ-121,RecordPoint Retrieval,Keystone Auto Group,2024-10-03,58.60,Open,,
INV-75925,REQ-46831,RQ-121,RecordPoint Retrieval,Northfork Insurance Co.,2024-10-10,58.60,Open,,
INV-75926,REQ-46832,RQ-121,RecordPoint Retrieval,Beacon Casualty Company,2024-10-17,58.60,Open,,
INV-75927,REQ-46833,RQ-121,RecordPoint Retrieval,Keystone Auto Group,2024-10-23,58.60,Open,,
INV-75928,REQ-46834,RQ-121,RecordPoint Retrieval,Atlas Comp Services,2024-10-29,58.60,Open,,
INV-75929,REQ-46835,RQ-121,RecordPoint Retrieval,Harborline Mutual Insurance,2024-11-04,58.60,Open,,
INV-75930,REQ-46836,RQ-121,RecordPoint Retrieval,Beacon Casualty Company,2024-11-08,58.60,Open,,
INV-75931,REQ-46837,RQ-121,RecordPoint Retrieval,Meridian Auto & Home,2024-11-14,58.60,Open,,
INV-75932,REQ-46838,RQ-121,RecordPoint Retrieval,Granite Shield Insurance,2024-11-21,58.60,Open,,
INV-75933,REQ-46839,RQ-121,RecordPoint Retrieval,Beacon Casualty Company,2024-11-28,58.60,Open,,
INV-75934,REQ-46840,RQ-121,RecordPoint Retrieval,Northfork Insurance Co.,2024-12-04,58.60,Open,,
INV-75935,REQ-46841,RQ-121,RecordPoint Retrieval,Harborline Mutual Insurance,2024-12-10,58.60,Open,,
INV-75936,REQ-46842,RQ-121,RecordPoint Retrieval,Keystone Auto Group,2024-12-16,58.60,Open,,
